run_id,seed,algorithm,fitness,base_objective,penalty,search_fitness,energy,delay,aoi,qoe,fairness,csr,hard_feasible,capacity_utilisation_mean,capacity_utilisation_max,assignment_unique,runtime,nfe,pre_refinement_fitness,local_refinement_gain
1,20260701,RIME-common-init,1.8089489682754145,1.2506156349420812,0.5583333333333333,1.8089489682754145,163.35300607635247,4.641072444838114,4.9340492042312745,0.3104811526432416,0.8295058347857985,0.44166666666666665,1,0.7895201542388592,1.0,1,6.21305287499996,7551,1.8089489682754145,0.0
1,20260701,DBO-common-init,1.31804013728829,0.8680401372882899,0.44999999999999996,1.31804013728829,62.4459403324646,2.7934682227032503,3.0864449820964097,0.3766332860036637,0.8953673223053955,0.55,1,0.6763144739157884,1.0000000000000002,1,6.026616208999997,7551,1.31804013728829,0.0
1,20260701,RIME-common-init-refine,1.1732642287123927,0.7732642287123925,0.4,1.1732642287123927,72.93899686308987,2.1215921178708363,2.4145688772639957,0.403211771423055,0.9006130383044211,0.6,1,0.8029337756340214,1.0000000000000002,1,6.9241715,8551,1.5922242755553808,0.41896004684298815
1,20260701,DBO-common-init-refine,1.1431522766468394,0.7764856099801728,0.3666666666666667,1.1431522766468394,67.26626720836327,2.2512305075663006,2.54420726695946,0.4059586572161445,0.9028229233697808,0.6333333333333333,1,0.8388605844596506,1.0,1,6.874329165999995,8551,1.365828242977369,0.22267596633052955
1,20260701,RDHO-core,1.4505496254972843,0.9838829588306175,0.4666666666666667,5.183882958830617,147.72099201988215,3.1557885129431407,3.448765272336299,0.3549968215513189,0.8786180156663284,0.5333333333333333,1,0.8245725418061476,1.0000000000000002,1,6.246436417000041,7551,1.4505496254972843,0.0
1,20260701,RDHO-full,1.1085684341068993,0.7585684341068993,0.35,3.908568434106899,74.82231000942322,2.077367767445099,2.3703445268382586,0.4055901929117499,0.8981469852203793,0.65,1,0.8388950572562454,1.0000000000000002,1,8.160211624999988,10232,1.1934487678324865,0.08488033372558723
2,20260702,RIME-common-init,1.5089275451219029,0.9755942117885695,0.5333333333333333,1.5089275451219029,99.73804197957267,3.330351460757524,3.6421497117585346,0.36602019312572376,0.8560832220303123,0.4666666666666667,1,0.8119691518402272,1.0000000000000002,1,6.084334124999998,7551,1.5089275451219029,0.0
2,20260702,DBO-common-init,1.1650761864000385,0.7734095197333718,0.3916666666666667,1.1650761864000385,96.27471700146378,2.198380814048527,2.5101790650495373,0.4071769351557519,0.9285728752778747,0.6083333333333333,1,0.7689167980641333,1.0000000000000002,1,5.972330040999964,7551,1.1650761864000385,0.0
2,20260702,RIME-common-init-refine,1.04462739679024,0.7112940634569067,0.33333333333333337,1.04462739679024,105.49024947515889,1.8867558557915018,2.1985541067925123,0.4266235757843003,0.942996072486727,0.6666666666666666,1,0.8459100376748591,1.0,1,6.894991875000073,8551,1.7750811405273434,0.7304537437371035
2,20260702,DBO-common-init-refine,1.0416259728806343,0.6999593062139676,0.3416666666666667,1.0416259728806343,75.58917242849157,2.0008689882205792,2.3126672392215895,0.42229429673877267,0.9418331501597069,0.6583333333333333,1,0.8421691976757912,1.0000000000000002,1,6.68958791600005,8551,1.205594536338113,0.1639685634574788
2,20260702,RDHO-core,1.2336783120880053,0.7920116454213386,0.44166666666666665,4.767011645421338,116.99569532404007,2.18370892616561,2.4955071771666204,0.4062140686150319,0.9157573192538973,0.5583333333333333,1,0.8144718687722678,1.0000000000000002,1,6.097206916999994,7551,1.2336783120880053,0.0
2,20260702,RDHO-full,1.042971259370508,0.7096379260371747,0.33333333333333337,3.7096379260371752,92.5467289252826,1.9317343032317393,2.2435325542327496,0.4252411484102329,0.9438029302531645,0.6666666666666666,1,0.8642210038280658,1.0,1,7.994645958000092,10232,1.0687336254960704,0.025762366125562375
3,20260703,RIME-common-init,1.4820334899706258,1.0487001566372924,0.43333333333333335,1.4820334899706258,109.78688509345866,4.309546698849448,4.6380683645312395,0.3991994813362363,0.8943295194387957,0.5666666666666667,1,0.7288021730281848,1.0,1,6.18647820800004,7551,1.4820334899706258,0.0
3,20260703,DBO-common-init,1.1281839861298013,0.7615173194631347,0.3666666666666667,1.1281839861298013,61.64956084048089,2.518543649215535,2.8470653148973253,0.4347420422747918,0.9379029626993424,0.6333333333333333,1,0.6072912254070257,1.0,1,5.9685903749999625,7551,1.1281839861298013,0.0
3,20260703,RIME-common-init-refine,0.8534271217340557,0.611760455067389,0.2416666666666667,0.8534271217340557,54.84312448564509,1.7189999154023432,2.0475215810841343,0.47572545786611914,0.9393701865109705,0.7583333333333333,1,0.7849238370844098,1.0,1,6.902079625000056,8551,1.5825298590485977,0.729102737314542
3,20260703,DBO-common-init-refine,0.8321483125517907,0.6238149792184573,0.20833333333333337,0.8321483125517907,66.0525437629843,1.753138165852728,2.0816598315345187,0.4753831840083072,0.9451366829517117,0.7916666666666666,1,0.7694792434778768,1.0,1,6.710391499999901,8551,0.9554914394547254,0.1233431269029347
3,20260703,RDHO-core,1.1862254767827143,0.8112254767827143,0.375,4.186225476782714,100.86289209902469,2.4665503543952387,2.795072020077029,0.43464863905463685,0.931254917072927,0.625,1,0.8201305227016624,1.0000000000000002,1,6.1328791670000555,7551,1.1862254767827143,0.0
3,20260703,RDHO-full,0.8308932791007381,0.6058932791007381,0.22499999999999998,2.630893279100738,58.63362486904609,1.6168846317221415,1.9454062974039321,0.47379251336756506,0.9356745123851102,0.775,1,0.7968452417119734,1.0000000000000002,1,8.002923375000023,10232,0.9452257287509117,0.11433244965017364
4,20260704,RIME-common-init,1.380534525667231,0.9472011923338978,0.43333333333333335,1.380534525667231,108.84651589273315,4.006305873528509,4.341025099571857,0.378303895615476,0.8607612464804277,0.5666666666666667,1,0.8227520967880128,1.0000000000000002,1,6.0432743340001025,7551,1.380534525667231,0.0
4,20260704,DBO-common-init,0.9508807318555466,0.6592140651888799,0.29166666666666663,0.9508807318555466,76.23305390386727,2.3819748093833093,2.716694035426656,0.46300363602754147,0.9309784792749451,0.7083333333333334,1,0.6752739050691399,1.0,1,5.756991332999974,7551,0.9508807318555466,0.0
4,20260704,RIME-common-init-refine,0.8006800144016673,0.5840133477350006,0.21666666666666667,0.8006800144016673,87.2762078274385,1.8621474720982207,2.196866698141567,0.47665703690990147,0.93701474142073,0.7833333333333333,1,0.8455152879497776,1.0,1,6.962628999999993,8551,1.6949501722812923,0.894270157879625
4,20260704,DBO-common-init-refine,0.7872729382292587,0.5789396048959253,0.20833333333333337,0.7872729382292587,75.54754838068499,1.9085664255076409,2.2432856515509876,0.47928965559029774,0.9358931516043573,0.7916666666666666,1,0.8004466801391356,1.0000000000000002,1,6.601803249999989,8551,1.04207477387385,0.25480183564459136
4,20260704,RDHO-core,1.1336295711002795,0.7669629044336129,0.3666666666666667,4.0669629044336135,97.64677431933475,2.7392487986812615,3.0739680247246084,0.43671764980961336,0.9158466094024532,0.6333333333333333,1,0.8259644058661891,1.0000000000000002,1,6.055207666999991,7551,1.1336295711002795,0.0
4,20260704,RDHO-full,0.7792937629223804,0.5792937629223804,0.19999999999999996,2.37929376292238,84.79412936476712,1.8721399375022763,2.206859163545623,0.4834352409538747,0.9357058092379048,0.8,1,0.8572469003486489,1.0000000000000002,1,7.866593749999993,10232,0.8092318472328736,0.029938084310493163
5,20260705,RIME-common-init,1.8057329769983979,1.2473996436650645,0.5583333333333333,1.8057329769983979,136.8212215194277,5.295930997645917,5.634981688147955,0.3129017973588847,0.8144305457165002,0.44166666666666665,1,0.7767177527593847,1.0,1,6.202239500000019,7551,1.8057329769983979,0.0
5,20260705,DBO-common-init,1.0456885095317017,0.729021842865035,0.31666666666666665,1.0456885095317017,91.32119612269243,2.4260705907829196,2.7651212812849577,0.4180990406842207,0.9338556535023094,0.6833333333333333,1,0.700217789126315,1.0000000000000002,1,6.023574374999953,7551,1.0456885095317017,0.0
5,20260705,RIME-common-init-refine,0.9597675346751132,0.6764342013417799,0.2833333333333333,0.9597675346751132,103.15195764580383,2.0153081873115317,2.3543588778135702,0.43930396896847496,0.9368221082514633,0.7166666666666667,1,0.8577834039296576,1.0000000000000002,1,7.022698458000036,8551,1.4485427032859306,0.4887751686108174
5,20260705,DBO-common-init-refine,0.9533495428234157,0.6533495428234156,0.30000000000000004,0.9533495428234157,98.727022780287,1.9477984547774945,2.2868491452795334,0.4346578756635194,0.9263529775289249,0.7,1,0.8386950178261462,1.0000000000000002,1,6.765707958000007,8551,1.0712774297801375,0.11792788695672185
5,20260705,RDHO-core,1.2454021531975004,0.8620688198641672,0.3833333333333333,4.312068819864167,138.06123510773318,3.2142297488407414,3.5532804393427804,0.3976131168132846,0.9070197393081904,0.6166666666666667,1,0.7764485759953328,1.0,1,6.114038625000035,7551,1.2454021531975004,0.0
5,20260705,RDHO-full,0.9383155996253233,0.65498226629199,0.2833333333333333,3.2049822662919896,93.53624100457512,2.038689261679705,2.377739952181744,0.43594562882667537,0.9277532731591402,0.7166666666666667,1,0.819792756438706,1.0000000000000002,1,8.097720582999955,10232,0.9784161568099428,0.04010055718461947
6,20260706,RIME-common-init,2.0900394631206183,1.4900394631206182,0.6,2.0900394631206183,144.78402673788918,5.574952526787159,5.89322940150588,0.2860967829371133,0.7719600749799524,0.4,1,0.7812387304147062,1.0000000000000004,1,6.063135166000052,7551,2.0900394631206183,0.0
6,20260706,DBO-common-init,1.3559393562545177,0.914272689587851,0.44166666666666665,1.3559393562545177,79.10387996591419,2.7038694126526734,3.0221462873713945,0.3925032848515319,0.921216250414596,0.5583333333333333,1,0.6919210190038987,1.0,1,5.900842249999982,7551,1.3559393562545177,0.0
6,20260706,RIME-common-init-refine,1.0473532258200642,0.7140198924867308,0.33333333333333337,1.0473532258200642,101.35926088404807,1.8467848539706384,2.165061728689359,0.4222927610252173,0.9298733251976588,0.6666666666666666,1,0.8320251888098523,1.0000000000000002,1,6.418643833000033,8551,1.8638077658267551,0.8164545400066909
6,20260706,DBO-common-init-refine,1.0583953404788091,0.7167286738121423,0.3416666666666667,1.0583953404788091,95.5977477434397,1.9118121940015904,2.2300890687203117,0.4180235096583216,0.9297976052032296,0.6583333333333333,1,0.825210273699285,1.0,1,5.76244875000009,8551,1.2783014687247825,0.21990612824597333
6,20260706,RDHO-core,1.4625027553143044,0.9291694219809711,0.5333333333333333,5.729169421980971,102.6731643073432,3.308929242579178,3.6272061172978995,0.374083001447713,0.915493561531522,0.4666666666666667,1,0.7541585435939545,1.0000000000000002,1,5.638673749999953,7551,1.4625027553143044,0.0
6,20260706,RDHO-full,0.9967638101341301,0.7134304768007967,0.2833333333333333,3.2634304768007967,99.48863903818724,1.8484317925132843,2.166708667232005,0.4241327295155524,0.9287150965213892,0.7166666666666667,1,0.8235622549285625,1.0000000000000002,1,6.902810875,10232,1.0461641934022687,0.04940038326813867
7,20260707,RIME-common-init,1.7843652413480708,1.2343652413480708,0.55,1.7843652413480708,106.77039524843742,4.609287295745584,4.943321235335515,0.3262514239476095,0.836426758820115,0.45,1,0.8160388185041443,1.0000000000000002,1,5.327007542000047,7551,1.7843652413480708,0.0
7,20260707,DBO-common-init,1.3879672902755815,0.9963006236089149,0.3916666666666667,1.3879672902755815,67.92761315938182,3.7853581626180186,4.119392102207951,0.38941090659681554,0.8761987641532979,0.6083333333333333,1,0.6908254990961509,1.0,1,5.127722999999946,7551,1.3879672902755815,0.0
7,20260707,RIME-common-init-refine,1.197404852954165,0.8307381862874983,0.3666666666666667,1.197404852954165,90.30606905414041,2.6175777262193693,2.9516116658093012,0.4045531613464106,0.9118457092232057,0.6333333333333333,1,0.8123316353725012,1.0000000000000002,1,6.010853666000003,8551,1.6628073153078293,0.46540246235366434
7,20260707,DBO-common-init-refine,1.1611503458797268,0.8028170125463934,0.3583333333333333,1.1611503458797268,98.96800387459577,2.468988375086235,2.803022314676167,0.3927728984184748,0.9111666805218795,0.6416666666666667,1,0.8122734865318261,1.0,1,5.79403929099999,8551,1.4151545191724502,0.2540041732927234
7,20260707,RDHO-core,1.4494718260101478,0.9744718260101477,0.475,5.249471826010147,113.87155812063921,3.0767954722557933,3.410829411845725,0.3736898305700334,0.8866075632682147,0.525,1,0.7833021402953715,1.0000000000000002,1,5.34139766699991,7551,1.4494718260101478,0.0
7,20260707,RDHO-full,1.1458476235507842,0.7875142902174509,0.3583333333333333,4.01251429021745,77.39625890994373,2.5124774419991063,2.846511381589038,0.40845017014633916,0.9123796205695444,0.6416666666666667,1,0.7880416488185666,1.0,1,6.8956897079999635,10232,1.2196850813194904,0.0738374577687062
8,20260708,RIME-common-init,1.5755377118900207,1.083871045223354,0.4916666666666667,1.5755377118900207,93.61556771959312,3.747911361705968,4.068016861787091,0.35691519675945527,0.8886347282379559,0.5083333333333333,1,0.6995611695566245,1.0000000000000002,1,5.444280374999948,7551,1.5755377118900207,0.0
8,20260708,DBO-common-init,1.1542530940362208,0.7709197607028876,0.3833333333333333,1.1542530940362208,89.08784979438525,2.3936239586066645,2.713729458687787,0.4065164035823896,0.9240037492262173,0.6166666666666667,1,0.7991942244772887,1.0000000000000002,1,5.184058250000021,7551,1.1542530940362208,0.0
8,20260708,RIME-common-init-refine,1.043383351499847,0.7017166848331804,0.3416666666666667,1.043383351499847,76.26915709287351,2.1094459440791185,2.4295514441602415,0.4239909180852855,0.9428473271563849,0.6583333333333333,1,0.7768792937109724,1.0000000000000002,1,6.076595999999995,8551,1.699816914661295,0.656433563161448
8,20260708,DBO-common-init-refine,1.033402417119354,0.7000690837860207,0.33333333333333337,1.033402417119354,79.10959739473324,2.153432987968097,2.4735384880492197,0.42300191067968024,0.9436949928300337,0.6666666666666666,1,0.7666911259301157,1.0000000000000002,1,5.886611791000064,8551,1.295652868825952,0.262250451706598
8,20260708,RDHO-core,1.3694246950155249,0.9027580283488582,0.4666666666666667,5.102758028348858,103.92680285397252,2.731480687401594,3.051586187482717,0.38697901462798845,0.9262095706017889,0.5333333333333333,1,0.7727921007358479,1.0000000000000002,1,5.438595667000072,7551,1.3694246950155249,0.0
8,20260708,RDHO-full,1.024393291400052,0.6993932914000521,0.32499999999999996,3.624393291400052,83.58764787814688,2.0614622704390517,2.3815677705201743,0.42833013294355066,0.9359433004822649,0.675,1,0.8273141573584951,1.0000000000000002,1,7.093374541000003,10232,1.0619731012072533,0.037579809807201325
9,20260709,RIME-common-init,1.7977491091265387,1.2894157757932054,0.5083333333333333,1.7977491091265387,148.47753134992578,5.896688215851081,6.241204459094079,0.3296689131702254,0.8570066174932579,0.49166666666666664,1,0.7732203976270146,1.0000000000000002,1,5.413506708999989,7551,1.7977491091265387,0.0
9,20260709,DBO-common-init,1.2093214500231295,0.7843214500231295,0.42500000000000004,1.2093214500231295,63.32701471224563,2.662168218628741,3.0066844618717385,0.4097361551377602,0.9175163951151877,0.575,1,0.5760816390339161,1.0000000000000002,1,5.041291708000017,7551,1.2093214500231295,0.0
9,20260709,RIME-common-init-refine,0.9056607029492925,0.6639940362826258,0.2416666666666667,0.9056607029492925,118.20473474174156,1.8080607432218023,2.1525769864648003,0.45972445482673724,0.9448080178450025,0.7583333333333333,1,0.7894309253017056,1.0000000000000002,1,6.009160666999946,8551,1.6542611286098983,0.7486004256606058
9,20260709,DBO-common-init-refine,0.884440410684573,0.659440410684573,0.22499999999999998,0.884440410684573,122.4992911051053,1.6900836405155535,2.0345998837585513,0.46171948763889575,0.9501257921558939,0.775,1,0.7926201918075971,1.0000000000000002,1,5.789746334000029,8551,1.015130295608139,0.13068988492356592
9,20260709,RDHO-core,1.1880520378838826,0.8380520378838825,0.35,3.9880520378838824,93.71655621956003,2.369464624790695,2.7139808680336928,0.42824599735771607,0.9315685057743315,0.65,1,0.7670836935494828,1.0000000000000002,1,5.36447208300001,7551,1.1880520378838826,0.0
9,20260709,RDHO-full,0.8998726704889334,0.6582060038222667,0.2416666666666667,2.833206003822267,123.1969786819626,1.7369778982217468,2.081494141464744,0.45851898966178084,0.9454807093712666,0.7583333333333333,1,0.7772485003183004,1.0000000000000002,1,6.895577208999953,10232,0.907539621912801,0.007666951423867641
10,20260710,RIME-common-init,1.5412378782442089,1.0495712115775422,0.4916666666666667,1.5412378782442089,122.99313606228087,3.079998808545375,3.361935468431794,0.35654116508228045,0.884344828429047,0.5083333333333333,1,0.8199120169551515,1.0000000000000002,1,5.387791791000041,7551,1.5412378782442089,0.0
10,20260710,DBO-common-init,1.3346330493308742,0.9346330493308743,0.4,1.3346330493308742,120.61281203342872,2.9970540029555024,3.2789906628419225,0.38720671684193386,0.8807366785051076,0.6,1,0.6769506269738013,1.0000000000000002,1,5.354744500000038,7551,1.3346330493308742,0.0
10,20260710,RIME-common-init-refine,1.0481963173504658,0.723196317350466,0.32499999999999996,1.0481963173504658,171.3652701892849,1.648000590656872,1.9299372505432912,0.4248762237860185,0.9192033947994083,0.675,1,0.8597412820252118,1.0000000000000002,1,6.049818500000015,8551,1.7296678356062523,0.6814715182557864
10,20260710,DBO-common-init-refine,1.023514115510302,0.723514115510302,0.30000000000000004,1.023514115510302,161.19940469367114,1.6830168953281444,1.964953555214564,0.4279949737466522,0.9197054093973873,0.7,1,0.8821877271896917,1.0,1,5.851243791999991,8551,1.2629185053226997,0.23940438981239764
10,20260710,RDHO-core,1.2962453115774855,0.9045786449108186,0.3916666666666667,4.429578644910819,143.9240446572342,2.4146795838352793,2.6966162437216985,0.3887598596752077,0.8678679272429692,0.6083333333333333,1,0.7955335373452993,1.0000000000000002,1,5.44254658400007,7551,1.2962453115774855,0.0
10,20260710,RDHO-full,1.0050386449966089,0.6883719783299422,0.31666666666666665,3.538371978329942,113.71442453112336,1.7179993629198882,1.9999360228063074,0.4303061930099098,0.9021348804980855,0.6833333333333333,1,0.867509119261818,1.0000000000000002,1,7.1305737499999395,10232,1.0401511687528897,0.03511252375628082
11,20260711,RIME-common-init,1.301284621545728,0.8929512882123948,0.4083333333333333,1.301284621545728,105.58984619135094,3.447150193703883,3.7845611133261494,0.41264145855576434,0.9186408182884495,0.5916666666666667,1,0.7896829756381175,1.0000000000000002,1,5.297356834000084,7551,1.301284621545728,0.0
11,20260711,DBO-common-init,1.073720683840298,0.748720683840298,0.32499999999999996,1.073720683840298,69.70815398908935,2.103004136365093,2.4404150559873594,0.46383445304968246,0.9345695332608857,0.675,1,0.7104575999674454,1.0000000000000002,1,5.102155374999938,7551,1.073720683840298,0.0
11,20260711,RIME-common-init-refine,0.7302136478034489,0.5468803144701155,0.18333333333333335,0.7302136478034489,72.9447373315423,1.5878824576501143,1.9252933772723808,0.5246565862995981,0.9308185514877285,0.8166666666666667,1,0.8563556117025398,1.0000000000000002,1,5.9726176659999055,8551,1.3003432117353624,0.5701295639319135
11,20260711,DBO-common-init-refine,0.7183927151676389,0.5433927151676389,0.17500000000000004,0.7183927151676389,75.31298454727253,1.5985887811071424,1.935999700729409,0.5196388651003565,0.9277600152049729,0.825,1,0.8399733257440364,1.0000000000000002,1,5.669291791999967,8551,0.9358131095607765,0.21742039439313754
11,20260711,RDHO-core,0.9990477934126754,0.6740477934126754,0.32499999999999996,3.5990477934126752,77.56046699552411,1.8166079920476155,2.154018911669882,0.49086957356859856,0.8999984476219678,0.675,1,0.8394033133385047,1.0000000000000002,1,5.254017041999987,7551,0.9990477934126754,0.0
11,20260711,RDHO-full,0.7009073212620613,0.5259073212620613,0.17500000000000004,2.1009073212620617,61.888668587217545,1.5408853028156062,1.878296222437872,0.5188498263820505,0.9206055638063376,0.825,1,0.8308072956000643,1.0,1,6.773976833000006,10232,0.7211710677814924,0.02026374651943108
12,20260712,RIME-common-init,1.9783355455290816,1.3950022121957484,0.5833333333333333,1.9783355455290816,131.7057837831491,3.941551570437023,4.215187286427619,0.30861522116428886,0.8446194173527112,0.4166666666666667,1,0.8000426685080073,1.0000000000000002,1,5.415680624999936,7551,1.9783355455290816,0.0
12,20260712,DBO-common-init,1.3502211071615613,0.8668877738282279,0.4833333333333333,1.3502211071615613,106.97619614266455,2.2310192859312843,2.50465500192188,0.35364323637943323,0.9287362353941279,0.5166666666666667,1,0.8132865757244592,1.0,1,5.220586415999946,7551,1.3502211071615613,0.0
12,20260712,RIME-common-init-refine,1.292153145362375,0.8588198120290416,0.43333333333333335,1.292153145362375,128.35582234519376,2.0924622334277436,2.3660979494183394,0.3676456398187211,0.9551870126820567,0.5666666666666667,1,0.7914763537153336,1.0000000000000002,1,6.121264750000023,8551,1.8119691063079686,0.5198159609455937
12,20260712,DBO-common-init-refine,1.2540374536401502,0.8290374536401501,0.42500000000000004,1.2540374536401502,133.64568643280512,1.9870788952632594,2.260714611253855,0.3751488966003597,0.9451416998894169,0.575,1,0.900715029880482,1.0000000000000002,1,5.871506041000089,8551,1.5298911982305905,0.2758537445904403
12,20260712,RDHO-core,1.4705243091716869,0.9705243091716869,0.5,5.470524309171687,132.49512247490458,2.383307821457749,2.6569435374483446,0.35297179677780055,0.9090691283745853,0.5,1,0.8755521758879136,1.0,1,5.312230082999918,7551,1.4705243091716869,0.0
12,20260712,RDHO-full,1.227377186838595,0.8107105201719285,0.41666666666666663,4.560710520171928,118.62320799981154,1.968677228523936,2.2423129445145316,0.36974877664355715,0.9367273880479274,0.5833333333333334,1,0.9208711653127413,1.0000000000000002,1,6.970491166999977,10232,1.2525048849178022,0.025127698079207228
13,20260713,RIME-common-init,1.5360796115424282,1.0944129448757616,0.44166666666666665,1.5360796115424282,94.73755407179354,3.5101799775744182,3.824235139135383,0.3800400397214033,0.8129695336784535,0.5583333333333333,1,0.7352547548218715,1.0000000000000002,1,5.502406374999964,7551,1.5360796115424282,0.0
13,20260713,DBO-common-init,1.2319435709841289,0.8319435709841289,0.4,1.2319435709841289,80.29439316384372,2.0128200074584273,2.3268751690193916,0.4056030579382041,0.9180215446640062,0.6,1,0.7237597315738923,1.0,1,5.381661874999963,7551,1.2319435709841289,0.0
13,20260713,RIME-common-init-refine,0.9309634568199797,0.6559634568199797,0.275,0.9309634568199797,86.00401829380506,1.5200389912778007,1.8340941528387649,0.46139687345524444,0.9184425018643153,0.725,1,0.7634072603504202,1.0000000000000002,1,6.191005333000021,8551,1.6749942824403479,0.7440308256203682
13,20260713,DBO-common-init-refine,0.9176894242489795,0.6593560909156462,0.2583333333333333,0.9176894242489795,55.80105328313654,1.7208965519847408,2.034951713545705,0.4707810166791709,0.9196080140574301,0.7416666666666667,1,0.7556775808451487,1.0000000000000002,1,6.05705454200006,8551,1.1219189269724785,0.20422950272349905
13,20260713,RDHO-core,1.2168868328779072,0.8668868328779074,0.35,4.0168868328779075,75.26511407181013,2.5727530956263975,2.8868082571873623,0.42438547276602806,0.9112989921574713,0.65,1,0.8360130133711731,1.0,1,5.339550333000034,7551,1.2168868328779072,0.0
13,20260713,RDHO-full,0.9086129674950841,0.6502796341617508,0.2583333333333333,2.9752796341617507,71.62782919589671,1.623058713729294,1.9371138752902581,0.4644426310932727,0.9137112181547106,0.7416666666666667,1,0.7633512051862251,1.0000000000000002,1,7.119032500000003,10232,1.011788654832946,0.10317568733786187
14,20260714,RIME-common-init,1.630768420406131,1.130768420406131,0.5,1.630768420406131,123.35830097208917,3.890369109820959,4.228799597453774,0.34664762911616215,0.8827138307817015,0.5,1,0.792365919724023,1.0000000000000002,1,5.144609625000044,7551,1.630768420406131,0.0
14,20260714,DBO-common-init,1.193633295930213,0.8019666292635461,0.3916666666666667,1.193633295930213,68.32569646809523,2.5078914489950206,2.846321936627836,0.4141143196424747,0.8896564347217877,0.6083333333333333,1,0.6442531303656007,1.0,1,4.957257666999908,7551,1.193633295930213,0.0
14,20260714,RIME-common-init-refine,0.9837282400431084,0.6670615733764418,0.31666666666666665,0.9837282400431084,124.98351435871143,1.6753449478683144,2.013775435501129,0.439509577285975,0.9152211569932753,0.6833333333333333,1,0.8505320824319668,1.0000000000000002,1,5.8552618749999965,8551,1.7921540460223868,0.8084258059792784
14,20260714,DBO-common-init-refine,0.9649810319177288,0.6649810319177287,0.30000000000000004,0.9649810319177288,117.5395668371219,1.5893144201748406,1.9277449078076554,0.4481174834988784,0.9140144073505648,0.7,1,0.8766747270237942,1.0,1,5.598963292000008,8551,1.23298643648186,0.26800540456413113
14,20260714,RDHO-core,1.144293306916142,0.7776266402494753,0.3666666666666667,4.077626640249475,147.8673861570578,2.056112494287812,2.394542981920627,0.41498073517141787,0.9186518010366355,0.6333333333333333,1,0.8099133640893686,1.0000000000000002,1,5.070022834000042,7551,1.144293306916142,0.0
14,20260714,RDHO-full,0.9517035760858803,0.668370242752547,0.2833333333333333,3.2183702427525467,132.98035710362268,1.5610343147238277,1.8994648023566423,0.4453020890595699,0.920440484236812,0.7166666666666667,1,0.8910026630154445,1.0,1,6.672214667000048,10232,0.9876855947002185,0.03598201861433825
15,20260715,RIME-common-init,1.6735068822277792,1.1818402155611125,0.4916666666666667,1.6735068822277792,109.93423240325114,4.207397322502681,4.472494938705548,0.33579486820770793,0.8386641879927079,0.5083333333333333,1,0.7888792006010438,1.0000000000000002,1,5.095152374999998,7551,1.6735068822277792,0.0
15,20260715,DBO-common-init,1.3484025868486333,0.9400692535152999,0.4083333333333333,1.3484025868486333,98.05160231757026,2.5286512879626244,2.7937489041654917,0.3845788277141691,0.9198196262052638,0.5916666666666667,1,0.8032710944965861,1.0000000000000002,1,5.085443375000068,7551,1.3484025868486333,0.0
15,20260715,RIME-common-init-refine,1.0586577685171994,0.7753244351838662,0.2833333333333333,1.0586577685171994,87.86292543618316,1.8046318525912342,2.069729468794102,0.41223782488117,0.9382792810746184,0.7166666666666667,1,0.7452590063609068,1.0,1,5.834566958999972,8551,1.6834334765284966,0.6247757080112972
15,20260715,DBO-common-init-refine,1.0434263608673406,0.7517596942006741,0.29166666666666663,1.0434263608673406,86.23852242019132,1.768733343164802,2.0338309593676698,0.41852882605252684,0.9398426962891688,0.7083333333333334,1,0.8057924336872514,1.0000000000000002,1,5.694129541999928,8551,1.1795671640901424,0.13614080322280175
15,20260715,RDHO-core,1.2787496017062363,0.9037496017062364,0.375,4.278749601706236,72.81991010780735,2.1980496298152334,2.4631472460181003,0.39235874399573534,0.926903329927604,0.625,1,0.8601147274035528,1.0000000000000002,1,5.2042141660000425,7551,1.2787496017062363,0.0
15,20260715,RDHO-full,1.004157954999794,0.7124912883331275,0.29166666666666663,3.337491288333127,93.41649191871137,1.680918718504018,1.946016334706885,0.4198814674125798,0.9375198428391323,0.7083333333333334,1,0.7840874569528854,1.0,1,6.890209791000075,10232,1.0772736136797922,0.07311565867999814
16,20260716,RIME-common-init,1.5442572941967447,1.0775906275300782,0.4666666666666667,1.5442572941967447,99.73435151141321,3.992790649305878,4.271926296965367,0.3624064066524155,0.8762219672479482,0.5333333333333333,1,0.7406815422712619,1.0000000000000002,1,5.150608416999944,7551,1.5442572941967447,0.0
16,20260716,DBO-common-init,1.0600389836830455,0.7267056503497121,0.33333333333333337,1.0600389836830455,80.34065196146702,1.8822813009444181,2.1614169486039065,0.43124107251647764,0.9469963652491833,0.6666666666666666,1,0.6981718448370637,1.0,1,4.97149304200002,7551,1.0600389836830455,0.0
16,20260716,RIME-common-init-refine,1.0197340664950052,0.6864007331616717,0.33333333333333337,1.0197340664950052,74.3141784340188,1.7783923330172384,2.057527980676727,0.4410879874860205,0.9448371445271054,0.6666666666666666,1,0.7464595708459858,1.0000000000000002,1,5.831630333000021,8551,1.5078762892216635,0.4881422227266583
16,20260716,DBO-common-init-refine,0.9841172698645886,0.6591172698645886,0.32499999999999996,0.9841172698645886,72.32034721151456,1.684766609298613,1.9639022569581015,0.44436986042298027,0.944709290230793,0.675,1,0.7357922734461504,1.0000000000000002,1,5.645541333999972,8551,1.1423559251473936,0.158238655282805
16,20260716,RDHO-core,1.1830576225711176,0.8080576225711177,0.375,4.183057622571118,83.01226778558477,2.041546477298022,2.32068212495751,0.42052734183401685,0.9109297685110683,0.625,1,0.8443094249884456,1.0000000000000002,1,5.085490250000021,7551,1.1830576225711176,0.0
16,20260716,RDHO-full,0.9539209570091088,0.6622542903424422,0.29166666666666663,3.2872542903424415,72.57322050837479,1.731895893302109,2.0110315409615973,0.44200699001003535,0.9419988914533122,0.7083333333333334,1,0.7607597149186152,1.0000000000000002,1,6.7147607920001064,10232,0.9707859380440101,0.016864981034901305
17,20260717,RIME-common-init,1.7603580815978273,1.177024748264494,0.5833333333333333,1.7603580815978273,98.5904477449418,4.296826856211737,4.61148954917622,0.31340949476012536,0.7830520079819306,0.4166666666666667,1,0.7777596150946836,1.0,1,5.178732167000135,7551,1.7603580815978273,0.0
17,20260717,DBO-common-init,1.136083480095721,0.7694168134290542,0.3666666666666667,1.136083480095721,87.41718260734208,2.1394382389295563,2.4541009318940388,0.4082291705098381,0.9064451730417115,0.6333333333333333,1,0.7808143408318047,1.0000000000000002,1,5.032552541000086,7551,1.136083480095721,0.0
17,20260717,RIME-common-init-refine,1.1203948685509704,0.762061535217637,0.3583333333333333,1.1203948685509704,125.25650476064837,1.9538217123953365,2.2684844053598194,0.41188577810741717,0.897431716466736,0.6416666666666667,1,0.908551169486563,1.0000000000000002,1,5.834234042000162,8551,1.7302636616126599,0.6098687930616895
17,20260717,DBO-common-init-refine,1.1334066328966115,0.7667399662299448,0.3666666666666667,1.1334066328966115,124.19352643273699,1.907652330981934,2.2223150239464164,0.41946632478206186,0.8992136769196952,0.6333333333333333,1,0.9073507798359225,1.0,1,5.683452582999962,8551,1.4316683110459159,0.2982616781493044
17,20260717,RDHO-core,1.4163435988702808,0.9913435988702808,0.42500000000000004,4.816343598870281,114.4087900097655,2.6740169948427295,2.988679687807212,0.3886069540451132,0.8313763986602183,0.575,1,0.8280454469563363,1.0,1,5.175913875000106,7551,1.4163435988702808,0.0
17,20260717,RDHO-full,1.0796669523916413,0.7296669523916414,0.35,3.8796669523916414,112.15696100770873,1.9479569576493199,2.2626196506138023,0.4190657402721016,0.8967766442787752,0.65,1,0.8520104077715128,1.0000000000000002,1,6.863908708000054,10232,1.1015891002842464,0.02192214789260505
18,20260718,RIME-common-init,1.3644470809039602,0.9644470809039603,0.4,1.3644470809039602,111.12235397351274,4.076333273264149,4.428360484475192,0.39921185523487906,0.8572111916297304,0.6,1,0.7410531047266631,1.0000000000000002,1,5.115974124999866,7551,1.3644470809039602,0.0
18,20260718,DBO-common-init,0.9989492818935332,0.6989492818935331,0.30000000000000004,0.9989492818935332,104.72448046432159,2.255294250828463,2.6073214620395064,0.44462278064229194,0.9283550507850618,0.7,1,0.7285942537604467,1.0000000000000002,1,4.96214758300016,7551,0.9989492818935332,0.0
18,20260718,RIME-common-init-refine,0.8813058297756239,0.6146391631089572,0.2666666666666667,0.8813058297756239,111.16367977611048,1.8330593703507887,2.1850865815618317,0.4683898057179169,0.9260157888142838,0.7333333333333333,1,0.8111550235465014,1.0000000000000002,1,5.762628917000029,8551,1.5427234261745082,0.6614175963988843
18,20260718,DBO-common-init-refine,0.8723610263921636,0.6056943597254969,0.2666666666666667,0.8723610263921636,96.80769186668971,1.8935382103545002,2.245565421565543,0.46825208296956683,0.9204367672019493,0.7333333333333333,1,0.7887705414612071,1.0,1,5.611198374999958,8551,1.0479013130808272,0.17554028668866362
18,20260718,RDHO-core,1.1313229972159238,0.7896563305492571,0.3416666666666667,3.8646563305492574,118.02233522203903,2.8425457255678346,3.194572936778878,0.4287391089499321,0.9091188374109084,0.6583333333333333,1,0.7210401874007876,1.0,1,5.14690937499995,7551,1.1313229972159238,0.0
18,20260718,RDHO-full,0.8526816972011985,0.6276816972011985,0.22499999999999998,2.6526816972011984,105.2085612776022,1.9604579265363848,2.312485137747428,0.4688495458438041,0.9276425755227586,0.775,1,0.7860223657652284,1.0000000000000002,1,6.845312541999874,10232,0.8738909671450994,0.021209269943900932
19,20260719,RIME-common-init,1.5656076809482142,1.0739410142815475,0.4916666666666667,1.5656076809482142,100.25531374163586,3.6926601294300263,3.9892266228397117,0.3687301913351142,0.7845258411891821,0.5083333333333333,1,0.75443519997278,1.0000000000000002,1,5.189966417000051,7551,1.5656076809482142,0.0
19,20260719,DBO-common-init,1.3581022799365772,0.9497689466032438,0.4083333333333333,1.3581022799365772,65.58615563081982,3.420514731089834,3.717081224499519,0.3822650658579523,0.8387670644823468,0.5916666666666667,1,0.6056154042356533,1.0,1,5.034193999999843,7551,1.3581022799365772,0.0
19,20260719,RIME-common-init-refine,0.956866605980776,0.681866605980776,0.275,0.956866605980776,103.99589165498388,1.676017057645917,1.9725835510556025,0.4479585744310969,0.9005640939728567,0.725,1,0.815993247738984,1.0000000000000002,1,5.884508207999943,8551,1.5905270594600025,0.6336604534792265
19,20260719,DBO-common-init-refine,0.9419438442164724,0.6836105108831391,0.2583333333333333,0.9419438442164724,103.93168815292445,1.7210727138271764,2.0176392072368623,0.4566308060927956,0.8842963902951954,0.7416666666666667,1,0.787665903506594,1.0000000000000002,1,5.671190291999892,8551,1.1494308708768033,0.20748702666033092
19,20260719,RDHO-core,1.187611924127732,0.8292785907943989,0.3583333333333333,4.054278590794398,78.81349192338999,2.2701357047362016,2.5667021981458875,0.4189155056140971,0.8773117187885633,0.6416666666666667,1,0.799555769068418,1.0000000000000002,1,5.172498166999958,7551,1.187611924127732,0.0
19,20260719,RDHO-full,0.9344612368818765,0.6761279035485432,0.2583333333333333,3.001127903548543,102.62208614973827,1.6723790560216418,1.9689455494313273,0.4618118941188203,0.8844702984536618,0.7416666666666667,1,0.8049322299549273,1.0000000000000002,1,6.923607416000095,10232,0.988960035829355,0.054498798947478444
20,20260720,RIME-common-init,1.3670453942801881,0.9337120609468547,0.43333333333333335,1.3670453942801881,88.80502847440714,3.446169614455777,3.772106530735324,0.4035169625005965,0.8291007083745039,0.5666666666666667,1,0.7807402735780635,1.0000000000000002,1,5.095261749999963,7551,1.3670453942801881,0.0
20,20260720,DBO-common-init,1.0689775448373307,0.7356442115039973,0.33333333333333337,1.0689775448373307,81.36476937971842,2.383385651920224,2.7093225681997715,0.4396826575179418,0.8963999919925189,0.6666666666666666,1,0.7803211672859278,1.0000000000000002,1,5.002699916999973,7551,1.0689775448373307,0.0
20,20260720,RIME-common-init-refine,0.8799829608818094,0.6049829608818094,0.275,0.8799829608818094,76.01907986435401,1.7948402832216819,2.120777199501229,0.477758320717161,0.8949429916966488,0.725,1,0.7785946935235808,1.0000000000000002,1,5.8130064160000074,8551,1.3588786366839942,0.47889567580218484
20,20260720,DBO-common-init-refine,0.8758584020176533,0.6091917353509866,0.2666666666666667,0.8758584020176533,84.1912374298411,1.8065530359851345,2.132489952264682,0.47375865336571565,0.8958945000292947,0.7333333333333333,1,0.8232202213218164,1.0000000000000002,1,5.6156789579999895,8551,1.0827873759828883,0.20692897396523502
20,20260720,RDHO-core,1.0625667668050913,0.7125667668050912,0.35,3.862566766805091,90.04435972655223,2.0508471066816623,2.376784022961209,0.45100069511376123,0.9015106548505053,0.65,1,0.7422318245835262,1.0000000000000002,1,5.128341665999869,7551,1.0625667668050913,0.0
20,20260720,RDHO-full,0.8506510710663095,0.6089844043996429,0.2416666666666667,2.783984404399643,80.57553581852677,1.7110957568993872,2.037032673178934,0.4823406620955833,0.8962081420564082,0.7583333333333333,1,0.8194666111103562,1.0,1,6.76963554200006,10232,0.8791176759204962,0.028466604854186617
21,20260721,RIME-common-init,1.4808392022029602,0.9891725355362936,0.4916666666666667,1.4808392022029602,144.47964405141266,3.7517039429979135,4.10821431425658,0.35760958680265,0.8686743766398258,0.5083333333333333,1,0.7861279091200435,1.0000000000000002,1,5.161322500000097,7551,1.4808392022029602,0.0
21,20260721,DBO-common-init,1.1521608907002352,0.7688275573669018,0.3833333333333333,1.1521608907002352,110.2427489376283,2.266003101183544,2.62251347244221,0.4021886674767063,0.9334015034532636,0.6166666666666667,1,0.6602970292090278,1.0000000000000002,1,5.024550459000011,7551,1.1521608907002352,0.0
21,20260721,RIME-common-init-refine,1.0155793126826855,0.7155793126826855,0.30000000000000004,1.0155793126826855,106.90029734424974,1.9249397792228327,2.281450150481498,0.4276882490631422,0.9276903489718588,0.7,1,0.7464430955489955,1.0000000000000002,1,5.826392209000005,8551,1.7151205728623327,0.6995412601796471
21,20260721,DBO-common-init-refine,1.0126179832591418,0.6709513165924751,0.3416666666666667,1.0126179832591418,97.86609074708562,1.8725277151398,2.2290380863984653,0.4230976605394183,0.9250147683165956,0.6583333333333333,1,0.7812872447802386,1.0000000000000002,1,5.686186000000134,8551,1.2611935557391616,0.24857557248001982
21,20260721,RDHO-core,1.2286499167187617,0.8203165833854285,0.4083333333333333,4.495316583385428,131.59921775004344,2.2326278188073596,2.5891381900660253,0.40094350733338985,0.9219610769086299,0.5916666666666667,1,0.7377649115167371,1.0,1,5.157189416999927,7551,1.2286499167187617,0.0
21,20260721,RDHO-full,0.982271240870291,0.6906045742036244,0.29166666666666663,3.3156045742036238,110.92790390080422,1.9300258904408032,2.286536261699468,0.42575267425532826,0.9266068239212469,0.7083333333333334,1,0.8213192192737055,1.0000000000000002,1,6.885461374999977,10232,1.0125388609152506,0.03026762004495953
22,20260722,RIME-common-init,1.4086124448764326,0.9752791115430992,0.43333333333333335,1.4086124448764326,116.6457066284296,3.0562597520512673,3.390217309701933,0.4051464378375873,0.9071739038057401,0.5666666666666667,1,0.8166056064959242,1.0,1,5.1956550419999985,7551,1.4086124448764326,0.0
22,20260722,DBO-common-init,1.0946012752093268,0.7612679418759934,0.33333333333333337,1.0946012752093268,92.98397004926473,2.626659129030204,2.9606166866808694,0.4519138551323439,0.9354570698910422,0.6666666666666666,1,0.7673777393484686,1.0000000000000002,1,4.976679375000003,7551,1.0946012752093268,0.0
22,20260722,RIME-common-init-refine,0.7864093770146081,0.5530760436812748,0.23333333333333328,0.7864093770146081,92.51585777437235,1.5146699638638161,1.8486275215144814,0.5010504041282206,0.9474171392604935,0.7666666666666667,1,0.7913871909748341,1.0,1,5.8060133750000205,8551,1.2706167753686737,0.48420739835406557
22,20260722,DBO-common-init-refine,0.7794643475048504,0.5461310141715171,0.23333333333333328,0.7794643475048504,93.01616762540826,1.4723305537318565,1.806288111382522,0.502529837139072,0.9485153209455109,0.7666666666666667,1,0.7902875857910765,1.0,1,5.626465083000085,8551,0.9305304435648253,0.1510660960599749
22,20260722,RDHO-core,1.050850835569694,0.7175175022363607,0.33333333333333337,3.717517502236361,90.72721292459833,1.9378547576801488,2.2718123153308136,0.4586337190067938,0.954325038377407,0.6666666666666666,1,0.8080268665276824,1.0000000000000002,1,5.160713749999786,7551,1.050850835569694,0.0
22,20260722,RDHO-full,0.7667012770112257,0.550034610344559,0.21666666666666667,2.500034610344559,97.81959272248045,1.4669512704325822,1.800908828083248,0.5031635692800241,0.9475867792650676,0.7833333333333333,1,0.8172586597052255,1.0,1,6.674923208000109,10232,0.8005859713818054,0.03388469437057973
23,20260723,RIME-common-init,1.6424983840222067,1.1341650506888734,0.5083333333333333,1.6424983840222067,152.01602189089868,5.6960189409684485,6.081521353106858,0.3699848447472048,0.862512751503333,0.49166666666666664,1,0.7863361230794202,1.0000000000000002,1,5.099938834000113,7551,1.6424983840222067,0.0
23,20260723,DBO-common-init,0.9991046043741333,0.7491046043741333,0.25,0.9991046043741333,65.85586349133328,3.0698461909151846,3.4553486030535936,0.4637778179248571,0.9369592120597628,0.75,1,0.6700004318282392,1.0000000000000002,1,4.869348542000125,7551,0.9991046043741333,0.0
23,20260723,RIME-common-init-refine,0.7893096220206024,0.5726429553539357,0.21666666666666667,0.7893096220206024,69.01206419997723,2.0451063587569323,2.430608770895342,0.49789832090649244,0.9553062881573661,0.7833333333333333,1,0.7651464076209242,1.0000000000000002,1,5.785690582999905,8551,1.689102972525283,0.8997933505046807
23,20260723,DBO-common-init-refine,0.7522545831420987,0.5689212498087654,0.18333333333333335,0.7522545831420987,74.28219803697601,1.998516752395624,2.384019164534034,0.49361062567798647,0.9534344066579488,0.8166666666666667,1,0.7550267558522451,1.0000000000000002,1,5.505384916999901,8551,0.9418850150200456,0.18963043187794693
23,20260723,RDHO-core,1.0564082547585665,0.7064082547585664,0.35,3.8564082547585663,98.25664869881425,2.710406977819042,3.095909389957453,0.460578522514903,0.9464205376559855,0.65,1,0.785158652709886,1.0000000000000002,1,5.0292385000000195,7551,1.0564082547585665,0.0
23,20260723,RDHO-full,0.7619846621626397,0.5703179954959731,0.19166666666666665,2.295317995495973,76.57131708651687,1.9943670989885258,2.3798695111269352,0.494499918095325,0.9534155450735508,0.8083333333333333,1,0.7663347557166371,1.0000000000000002,1,6.684053250000034,10232,0.8977681595035939,0.13578349734095418
24,20260724,RIME-common-init,1.6374883053203981,1.1208216386537315,0.5166666666666666,1.6374883053203981,132.83717985455706,3.7739524056081293,4.053808276318445,0.35191900054956626,0.8635962523864271,0.48333333333333334,1,0.8371627666053757,1.0000000000000002,1,5.172484875000009,7551,1.6374883053203981,0.0
24,20260724,DBO-common-init,1.244170225207247,0.8441702252072469,0.4,1.244170225207247,81.66805680539673,2.3139174917102756,2.593773362420592,0.4127631625206281,0.9225496181790067,0.6,1,0.7318913515714902,1.0,1,5.01041962499994,7551,1.244170225207247,0.0
24,20260724,RIME-common-init-refine,0.9852167805706059,0.6852167805706059,0.30000000000000004,0.9852167805706059,52.220655733675414,1.9381368723242578,2.217992743034574,0.4550599409890749,0.9181584642757921,0.7,1,0.7299297699055767,1.0000000000000002,1,5.819332042000042,8551,1.7117030715078274,0.7264862909372215
24,20260724,DBO-common-init-refine,0.9933258186441621,0.6766591519774955,0.31666666666666665,0.9933258186441621,64.04803673139955,1.8431122176366088,2.122968088346925,0.4508382121403282,0.9091189837296558,0.6833333333333333,1,0.7797238028475304,1.0000000000000002,1,5.534039291999989,8551,1.1582791244619874,0.1649533058178253
24,20260724,RDHO-core,1.1965350965842831,0.8215350965842831,0.375,4.196535096584283,68.90270010247526,2.047265428005182,2.327121298715498,0.40462048190816186,0.8951566945378164,0.625,1,0.8075810318792385,1.0000000000000002,1,5.016728209000121,7551,1.1965350965842831,0.0
24,20260724,RDHO-full,0.9540102875490479,0.6706769542157146,0.2833333333333333,3.2206769542157145,56.80390159386371,1.806620477863508,2.086476348573824,0.4527645619628552,0.9114708941459151,0.7166666666666667,1,0.7635685924182168,1.0,1,6.694770458999983,10232,1.0297007282032453,0.07569044065419739
25,20260725,RIME-common-init,1.6968788959999554,1.163545562666622,0.5333333333333333,1.6968788959999554,124.19813902063402,5.20597049564635,5.587458907473997,0.34511255849723244,0.8352466785830307,0.4666666666666667,1,0.7284964512592226,1.0000000000000002,1,5.088541999999961,7551,1.6968788959999554,0.0
25,20260725,DBO-common-init,1.1129024602492117,0.7795691269158782,0.33333333333333337,1.1129024602492117,61.2551611293151,2.9127225190409853,3.294210930868631,0.43432766823093133,0.9353652592186217,0.6666666666666666,1,0.6274154979634649,1.0000000000000002,1,4.887351834000128,7551,1.1129024602492117,0.0
25,20260725,RIME-common-init-refine,0.9003323350874886,0.6253323350874885,0.275,0.9003323350874886,72.65544001840195,2.097444457466639,2.4789328692942854,0.45804431087966685,0.9346066285490005,0.725,1,0.7925755069911119,1.0000000000000002,1,5.789503624999952,8551,1.6492879092253625,0.748955574137874
25,20260725,DBO-common-init-refine,0.891398946392536,0.616398946392536,0.275,0.891398946392536,72.27881149490943,2.1381178543981894,2.5196062662258356,0.4584942361652919,0.9350991698433044,0.725,1,0.8297735202506695,1.0,1,5.538414916999955,8551,1.0782271768554061,0.18682823046287012
25,20260725,RDHO-core,1.2854259761788023,0.8604259761788023,0.42500000000000004,4.685425976178802,110.21875360965396,3.4442213587936372,3.825709770621283,0.4169117258748484,0.9177589320008438,0.575,1,0.8885751292874976,1.0000000000000002,1,4.995403458000055,7551,1.2854259761788023,0.0
25,20260725,RDHO-full,0.8831599788529992,0.6164933121863325,0.2666666666666667,3.016493312186333,69.77350317022176,2.137200323774766,2.5186887356024124,0.4612785356952739,0.936393581104898,0.7333333333333333,1,0.8213295557474631,1.0,1,6.554967291999901,10232,0.9749007456140424,0.09174076676104315
26,20260726,RIME-common-init,1.6483664005049605,1.1566997338382938,0.4916666666666667,1.6483664005049605,154.80066257549595,4.725688089774894,5.064889308727038,0.3628673544880246,0.7985881250944368,0.5083333333333333,1,0.7795959698617045,1.0000000000000002,1,5.120816416000025,7551,1.6483664005049605,0.0
26,20260726,DBO-common-init,1.2777651180422598,0.8694317847089265,0.4083333333333333,1.2777651180422598,82.20944764426244,2.883641114009675,3.222842332961818,0.4134998616787476,0.8766040843990283,0.5916666666666667,1,0.7414956708109015,1.0000000000000002,1,4.936107374999892,7551,1.2777651180422598,0.0
26,20260726,RIME-common-init-refine,1.074469727524912,0.7161363941915787,0.3583333333333333,1.074469727524912,115.39866780453252,1.895038081125326,2.234239300077469,0.44113487326934037,0.9004580225302911,0.6416666666666667,1,0.740872694084998,1.0000000000000002,1,5.713291707999815,8551,1.7352527425034538,0.6607830149785419
26,20260726,DBO-common-init-refine,1.0520680624358039,0.727068062435804,0.32499999999999996,1.0520680624358039,108.9289053004133,2.004240473270548,2.343441692222691,0.43613174645786423,0.9000079194451202,0.675,1,0.7437291963391814,1.0000000000000002,1,5.595348875000127,8551,1.314637812091033,0.26256974965522906
26,20260726,RDHO-core,1.3403605635599183,0.932027230226585,0.4083333333333333,4.607027230226585,145.7221744713417,2.4753310226886116,2.814532241640755,0.40149044215515556,0.9066428818658001,0.5916666666666667,1,0.7863929250801978,1.0,1,5.108877124999935,7551,1.3403605635599183,0.0
26,20260726,RDHO-full,1.0291269854807545,0.712460318814088,0.31666666666666665,3.5624603188140878,106.49129755372547,1.9988471590645105,2.338048378016654,0.4405147189981867,0.900647195989114,0.6833333333333333,1,0.7507502983084943,1.0000000000000002,1,6.690347791000022,10232,1.054698810953648,0.025571825472893384
27,20260727,RIME-common-init,1.7261743217867223,1.1761743217867222,0.55,1.7261743217867223,145.51728336950057,5.0154077785440325,5.383131390048665,0.32499813866272004,0.8738730811160144,0.45,1,0.6511705576898046,1.0000000000000002,1,5.192973833999986,7551,1.7261743217867223,0.0
27,20260727,DBO-common-init,1.2976266241372538,0.9476266241372538,0.35,1.2976266241372538,129.67704068391083,3.9370980658917603,4.304821677396394,0.4053683088555009,0.9158038772734951,0.65,1,0.5527907098015079,1.0000000000000002,1,5.093323041000076,7551,1.2976266241372538,0.0
27,20260727,RIME-common-init-refine,0.8917947332007573,0.6167947332007573,0.275,0.8917947332007573,154.90473812621195,1.7400696234224378,2.107793234927071,0.46335786862969514,0.9509737309143758,0.725,1,0.8167164354083745,1.0,1,5.841457791999801,8551,1.7947641093524427,0.9029693761516854
27,20260727,DBO-common-init-refine,0.8837878580756612,0.6171211914089945,0.2666666666666667,0.8837878580756612,153.33053085389628,1.764430848391419,2.1321544598960522,0.46438585265915455,0.9518713331475417,0.7333333333333333,1,0.8446439769200468,1.0,1,5.658023500000127,8551,1.113034656638419,0.22924679856275787
27,20260727,RDHO-core,1.1456146399462777,0.803947973279611,0.3416666666666667,3.8789479732796113,157.94362634872783,2.553065217962472,2.9207888294671056,0.41791410266422657,0.9208714727588002,0.6583333333333333,1,0.7550596072332895,1.0,1,5.14431558299998,7551,1.1456146399462777,0.0
27,20260727,RDHO-full,0.8329626031917915,0.5996292698584582,0.23333333333333328,2.699629269858458,128.4179536425301,1.8476170299401615,2.215340641444795,0.4602948756405285,0.9486432515835561,0.7666666666666667,1,0.7825166607155911,1.0,1,6.727987000000212,10232,0.8421509419468391,0.009188338755047654
28,20260728,RIME-common-init,1.5545758339162492,1.0879091672495826,0.4666666666666667,1.5545758339162492,118.03792815212776,4.062990047772596,4.380518519846896,0.3595119404000194,0.8578429504386504,0.5333333333333333,1,0.6876758935268387,1.0000000000000002,1,5.126740457999858,7551,1.5545758339162492,0.0
28,20260728,DBO-common-init,1.1514282097377866,0.8264282097377866,0.32499999999999996,1.1514282097377866,80.97553095024381,2.1479817665735483,2.4655102386478474,0.4153767283624738,0.9248761721593411,0.675,1,0.688978050585394,1.0,1,4.952198916999805,7551,1.1514282097377866,0.0
28,20260728,RIME-common-init-refine,0.932032227417266,0.6486988940839327,0.2833333333333333,0.932032227417266,76.48206433331138,1.589979391695801,1.9075078637701004,0.45340761215125464,0.9262935081343128,0.7166666666666667,1,0.827264766389332,1.0,1,5.7113590000001295,8551,1.5690946500847178,0.6370624226674518
28,20260728,DBO-common-init-refine,0.9164921599891352,0.6331588266558019,0.2833333333333333,0.9164921599891352,65.52897425951288,1.5911102778864428,1.9086387499607427,0.453932432650878,0.9184097606872983,0.7166666666666667,1,0.8520287902155479,1.0000000000000002,1,5.53465554200011,8551,1.0760424891698963,0.15955032918076106
28,20260728,RDHO-core,1.1870593069233157,0.7870593069233157,0.4,4.387059306923316,82.77912247446932,1.9171912011310233,2.2347196732053227,0.40670610878429714,0.9144398869706277,0.6,1,0.8107519930275511,1.0000000000000002,1,5.064944666999963,7551,1.1870593069233157,0.0
28,20260728,RDHO-full,0.9010872696235122,0.6427539362901789,0.2583333333333333,2.967753936290179,64.08356682641654,1.6036561843353603,1.9211846564096597,0.45832671260927793,0.9248434650259855,0.7416666666666667,1,0.8550099894066665,1.0000000000000002,1,6.610778041999993,10232,0.9718624555932075,0.07077518596969534
29,20260729,RIME-common-init,1.8298863689908327,1.288219702324166,0.5416666666666667,1.8298863689908327,170.7661870318571,4.39729404525251,4.707519246974725,0.31872092502063004,0.8163414105041752,0.4583333333333333,1,0.8276537471013363,1.0,1,5.128370667000127,7551,1.8298863689908327,0.0
29,20260729,DBO-common-init,1.5447366786697625,1.0864033453364292,0.45833333333333337,1.5447366786697625,130.94843712842146,3.3231744210672955,3.6333996227895113,0.36369974624607765,0.8187944074703832,0.5416666666666666,1,0.7320409851060876,1.0000000000000002,1,4.986667833999945,7551,1.5447366786697625,0.0
29,20260729,RIME-common-init-refine,1.079686611245577,0.7296866112455769,0.35,1.079686611245577,135.04002232057945,1.9466605084381228,2.256885710160339,0.4120860027659391,0.8865175154995387,0.65,1,0.8284526610244494,1.0,1,5.824763708000091,8551,1.998605832407395,0.918919221161818
29,20260729,DBO-common-init-refine,1.0483194304169938,0.7483194304169938,0.30000000000000004,1.0483194304169938,122.46710105909943,2.0582489960336816,2.368474197755898,0.4081647534676956,0.886883676114057,0.7,1,0.8972740665847874,1.0000000000000002,1,5.535171708000007,8551,1.1571987147649478,0.10887928434795402
29,20260729,RDHO-core,1.31125184452706,0.8779185111937267,0.43333333333333335,4.777918511193727,137.9077432570301,2.6783034306762543,2.988528632398471,0.3887596933719193,0.8479450999966216,0.5666666666666667,1,0.8824997838222648,1.0000000000000002,1,5.083123041999897,7551,1.31125184452706,0.0
29,20260729,RDHO-full,1.0372480902091166,0.7122480902091166,0.32499999999999996,3.637248090209116,128.10604458603353,1.885627038931819,2.1958522406540353,0.4111484363983468,0.8832921829706172,0.675,1,0.8976562707670034,1.0000000000000002,1,6.669982957999991,10232,1.0690991667663212,0.03185107655720465
30,20260730,RIME-common-init,1.5873800327031926,1.0540466993698594,0.5333333333333333,1.5873800327031926,117.84009916625865,3.669025876334107,3.992178903628809,0.3421831708533059,0.8994181447438415,0.4666666666666667,1,0.7378399147926205,1.0000000000000002,1,5.1168036669998855,7551,1.5873800327031926,0.0
30,20260730,DBO-common-init,1.209659345028734,0.8263260116954008,0.3833333333333333,1.209659345028734,127.88471503414272,2.6637574989274335,2.986910526222135,0.4067902047731116,0.9555386145950251,0.6166666666666667,1,0.7464406148596481,1.0000000000000002,1,4.965282874999957,7551,1.209659345028734,0.0
30,20260730,RIME-common-init-refine,1.0737698199116903,0.7321031532450236,0.3416666666666667,1.0737698199116903,133.85548429424426,2.033292567308183,2.356445594602885,0.43263841155641636,0.9631596368937534,0.6583333333333333,1,0.7422209993423496,1.0,1,5.769197083000108,8551,1.6068798871021948,0.5331100671905045
30,20260730,DBO-common-init-refine,1.0587647627167938,0.7504314293834605,0.30833333333333335,1.0587647627167938,138.1653556935838,2.081749018935222,2.4049020462299238,0.4272214753528678,0.9603231788082617,0.6916666666666667,1,0.8057603798244746,1.0,1,5.573349291000113,8551,1.177268334194003,0.11850357147720914
30,20260730,RDHO-core,1.2804175637330344,0.8804175637330345,0.4,4.480417563733035,141.79840690349323,2.742907285979451,3.0660603132741526,0.4029287124899947,0.925456746186128,0.6,1,0.7729644503545959,1.0000000000000002,1,5.0792139590000716,7551,1.2804175637330344,0.0
30,20260730,RDHO-full,1.0265251430305788,0.7348584763639123,0.29166666666666663,3.359858476363912,145.02176009507122,1.9497676361928344,2.272920663487537,0.4311241853461879,0.9573707105736453,0.7083333333333334,1,0.8185513792512681,1.0000000000000002,1,6.855771874999846,10232,1.052615391459991,0.0260902484294121
