run_id,seed,algorithm,fitness,energy,delay,aoi,qoe,fairness,csr,runtime,experiment,setting,description,weights,w_energy,w_delay,w_aoi,w_qoe,w_fairness
1,20260701,RDHO,1.0446757135753888,101.1670804504885,1.6390934442875782,1.947035040319814,0.3235339195513923,0.9150318894877916,0.6583333333333333,4.83129659993574,objective_weight,S1,Original setting,"(0.150, 0.150, 0.200, 0.250, 0.250)",0.15,0.15,0.2,0.25,0.25
2,20260702,RDHO,1.1438881020789564,83.38901229376171,1.9845759320500664,2.3234574566015973,0.3066236809024806,0.8789248767305731,0.6416666666666667,4.9136161003261805,objective_weight,S1,Original setting,"(0.150, 0.150, 0.200, 0.250, 0.250)",0.15,0.15,0.2,0.25,0.25
3,20260703,RDHO,0.8325582350792786,72.80048080635004,1.5297883060714752,1.8872562568272224,0.34956511082243,0.8986446972980536,0.7666666666666667,4.852629800327122,objective_weight,S1,Original setting,"(0.150, 0.150, 0.200, 0.250, 0.250)",0.15,0.15,0.2,0.25,0.25
4,20260704,RDHO,0.9834965082764512,76.59205725426062,1.685118065189167,2.007722729500886,0.3414152605404727,0.8932379206105416,0.6916666666666667,5.16328820027411,objective_weight,S1,Original setting,"(0.150, 0.150, 0.200, 0.250, 0.250)",0.15,0.15,0.2,0.25,0.25
5,20260705,RDHO,1.062268103982883,114.13932953246412,1.8517731183952024,2.172576169055163,0.2975181496924313,0.883475610363691,0.6833333333333333,4.712808500044048,objective_weight,S1,Original setting,"(0.150, 0.150, 0.200, 0.250, 0.250)",0.15,0.15,0.2,0.25,0.25
6,20260706,RDHO,0.8881636013405995,87.40239555187205,1.4466754470535943,1.7488912882231733,0.3278776308017838,0.9174511421088752,0.7416666666666667,4.66824909998104,objective_weight,S1,Original setting,"(0.150, 0.150, 0.200, 0.250, 0.250)",0.15,0.15,0.2,0.25,0.25
7,20260707,RDHO,0.914740705540313,75.73966176489226,1.3355777377583002,1.654560957288235,0.3377780315432497,0.9207352128617552,0.725,4.749624399933964,objective_weight,S1,Original setting,"(0.150, 0.150, 0.200, 0.250, 0.250)",0.15,0.15,0.2,0.25,0.25
8,20260708,RDHO,0.971638570910573,70.0227313312558,1.6425300555945823,1.93203818046493,0.3293997746025977,0.9012537432197982,0.6916666666666667,4.652786999940872,objective_weight,S1,Original setting,"(0.150, 0.150, 0.200, 0.250, 0.250)",0.15,0.15,0.2,0.25,0.25
9,20260709,RDHO,1.159564650025488,131.78991544183606,1.895193776939112,2.2043701000377034,0.2800771247320313,0.8823735481777818,0.6333333333333333,4.694753599818796,objective_weight,S1,Original setting,"(0.150, 0.150, 0.200, 0.250, 0.250)",0.15,0.15,0.2,0.25,0.25
10,20260710,RDHO,0.9508236945004848,82.46873672229759,1.9139758845522976,2.287204518566421,0.3329403761065333,0.9103672561248444,0.7166666666666667,5.004587300121784,objective_weight,S1,Original setting,"(0.150, 0.150, 0.200, 0.250, 0.250)",0.15,0.15,0.2,0.25,0.25
11,20260711,RDHO,1.088312290047836,102.42163764343732,1.7481610502368254,2.0600729415538743,0.3133818417644523,0.908862996332762,0.625,4.966862400062382,objective_weight,S1,Original setting,"(0.150, 0.150, 0.200, 0.250, 0.250)",0.15,0.15,0.2,0.25,0.25
12,20260712,RDHO,0.922821405119746,80.91500192649718,1.798451117845688,2.182763730451849,0.3440216795203281,0.908035068217196,0.7416666666666667,4.990098800044507,objective_weight,S1,Original setting,"(0.150, 0.150, 0.200, 0.250, 0.250)",0.15,0.15,0.2,0.25,0.25
13,20260713,RDHO,0.896712046895456,55.53136743370658,1.4124279733890197,1.687221928543429,0.3464294360958614,0.9162618357338064,0.7083333333333334,5.240155499894172,objective_weight,S1,Original setting,"(0.150, 0.150, 0.200, 0.250, 0.250)",0.15,0.15,0.2,0.25,0.25
14,20260714,RDHO,0.9016151201342766,63.93620903523493,1.66402253191247,2.0084608542761178,0.3591641790766852,0.9031031046367936,0.7166666666666667,4.59962740028277,objective_weight,S1,Original setting,"(0.150, 0.150, 0.200, 0.250, 0.250)",0.15,0.15,0.2,0.25,0.25
15,20260715,RDHO,0.8984573198454218,83.77690085499023,1.669969426664668,2.02432197696362,0.3353514253302582,0.9075320677878704,0.75,5.093925700057298,objective_weight,S1,Original setting,"(0.150, 0.150, 0.200, 0.250, 0.250)",0.15,0.15,0.2,0.25,0.25
16,20260716,RDHO,0.9507223078620766,100.1933365521316,1.517155120006732,1.8373618534779,0.3178013542047054,0.9073632200182432,0.7166666666666667,5.063390699680895,objective_weight,S1,Original setting,"(0.150, 0.150, 0.200, 0.250, 0.250)",0.15,0.15,0.2,0.25,0.25
17,20260717,RDHO,0.9888455368318766,64.34057259479269,1.8286057689505024,2.152193057505292,0.3230810375988858,0.9019065135917332,0.7,4.580281500238925,objective_weight,S1,Original setting,"(0.150, 0.150, 0.200, 0.250, 0.250)",0.15,0.15,0.2,0.25,0.25
18,20260718,RDHO,0.9135161204788316,91.78371252157486,1.5696545221830178,1.8974553634615028,0.3314141944597494,0.903410052203619,0.725,5.061942600179464,objective_weight,S1,Original setting,"(0.150, 0.150, 0.200, 0.250, 0.250)",0.15,0.15,0.2,0.25,0.25
19,20260719,RDHO,0.9315386810976218,71.69411876136917,1.6166260985550074,1.9400065650753835,0.3395123919142916,0.8870157115278171,0.7166666666666667,4.835375799797475,objective_weight,S1,Original setting,"(0.150, 0.150, 0.200, 0.250, 0.250)",0.15,0.15,0.2,0.25,0.25
20,20260720,RDHO,0.8593828919580927,105.30479079745297,1.4839324081429537,1.8183554044124195,0.3385543656669689,0.8938701071545431,0.775,4.773778000380844,objective_weight,S1,Original setting,"(0.150, 0.150, 0.200, 0.250, 0.250)",0.15,0.15,0.2,0.25,0.25
21,20260721,RDHO,0.9530603315703032,81.1140053912325,1.4657831056656403,1.799468387453554,0.3379007304763435,0.9016390598381232,0.7166666666666667,4.872319899965078,objective_weight,S1,Original setting,"(0.150, 0.150, 0.200, 0.250, 0.250)",0.15,0.15,0.2,0.25,0.25
22,20260722,RDHO,1.028372364606561,87.36423443928437,1.7458551397572166,2.0691159031767894,0.2968760832034954,0.9200400335176626,0.675,5.064163099974394,objective_weight,S1,Original setting,"(0.150, 0.150, 0.200, 0.250, 0.250)",0.15,0.15,0.2,0.25,0.25
23,20260723,RDHO,1.1593396717650966,86.08306600521448,1.773909858614322,2.051217240542545,0.29689430778603,0.8846215239930043,0.5916666666666667,4.663774100132287,objective_weight,S1,Original setting,"(0.150, 0.150, 0.200, 0.250, 0.250)",0.15,0.15,0.2,0.25,0.25
24,20260724,RDHO,0.8873584105945771,86.99570386437466,1.5660315072623054,1.8828029601717573,0.3576507407144594,0.8837059904089897,0.75,5.166398199740797,objective_weight,S1,Original setting,"(0.150, 0.150, 0.200, 0.250, 0.250)",0.15,0.15,0.2,0.25,0.25
25,20260725,RDHO,0.9627256599167988,122.58204972547912,1.4995681454308722,1.8078776180335323,0.3369315130872644,0.8972235325914303,0.7083333333333334,5.381436299998313,objective_weight,S1,Original setting,"(0.150, 0.150, 0.200, 0.250, 0.250)",0.15,0.15,0.2,0.25,0.25
26,20260726,RDHO,0.9906144722062654,92.8611930191509,1.414701231181532,1.6830881299812042,0.321089677770198,0.8958331567934925,0.7083333333333334,4.8131833001971245,objective_weight,S1,Original setting,"(0.150, 0.150, 0.200, 0.250, 0.250)",0.15,0.15,0.2,0.25,0.25
27,20260727,RDHO,1.0015950690224842,76.79922157297554,1.7804312994848928,2.1334671820682347,0.3167796585111519,0.9033366127531072,0.7083333333333334,5.211002300027758,objective_weight,S1,Original setting,"(0.150, 0.150, 0.200, 0.250, 0.250)",0.15,0.15,0.2,0.25,0.25
28,20260728,RDHO,0.9467644691546352,86.39330754517457,1.69318265770085,2.00222789073872,0.32264377203169,0.8854628131756055,0.7416666666666667,4.846750300377607,objective_weight,S1,Original setting,"(0.150, 0.150, 0.200, 0.250, 0.250)",0.15,0.15,0.2,0.25,0.25
29,20260729,RDHO,1.0910782207973888,79.99325570948707,1.3191422514626998,1.5494163862390165,0.3120858039878683,0.8742213965689851,0.625,4.879600000102073,objective_weight,S1,Original setting,"(0.150, 0.150, 0.200, 0.250, 0.250)",0.15,0.15,0.2,0.25,0.25
30,20260730,RDHO,0.8760054346582096,78.38449126460682,1.5523436144835787,1.8570790678157465,0.3452243043846226,0.9142297286591948,0.7416666666666667,5.002392300404608,objective_weight,S1,Original setting,"(0.150, 0.150, 0.200, 0.250, 0.250)",0.15,0.15,0.2,0.25,0.25
1,20260701,RDHO,1.103411233413487,97.69903636558362,1.6841853595660432,1.9921269555982792,0.323023390401105,0.9157985479592607,0.6583333333333333,4.986031599808484,objective_weight,S2,Equal weighting,"(0.200, 0.200, 0.200, 0.200, 0.200)",0.2,0.2,0.2,0.2,0.2
2,20260702,RDHO,1.2068536511687828,80.80602725535543,2.0154249634558448,2.354306488007376,0.3064280201933294,0.878658297774226,0.6416666666666667,4.914464799687266,objective_weight,S2,Equal weighting,"(0.200, 0.200, 0.200, 0.200, 0.200)",0.2,0.2,0.2,0.2,0.2
3,20260703,RDHO,0.8720973480917283,70.01123680624013,1.553649579762784,1.9111175305185304,0.3493441677278616,0.898846451704706,0.7666666666666667,4.866572400089353,objective_weight,S2,Equal weighting,"(0.200, 0.200, 0.200, 0.200, 0.200)",0.2,0.2,0.2,0.2,0.2
4,20260704,RDHO,1.0312375377677778,72.8043255586501,1.7072119449111869,2.0298166092229057,0.3411594938131985,0.8931740302895407,0.6916666666666667,4.517504299990833,objective_weight,S2,Equal weighting,"(0.200, 0.200, 0.200, 0.200, 0.200)",0.2,0.2,0.2,0.2,0.2
5,20260705,RDHO,1.120960117006759,111.68680781426627,1.868011556957277,2.1888146076172377,0.2973116029972774,0.8835008278713211,0.6833333333333333,4.802107700146735,objective_weight,S2,Equal weighting,"(0.200, 0.200, 0.200, 0.200, 0.200)",0.2,0.2,0.2,0.2,0.2
6,20260706,RDHO,0.9346778909328226,86.1027940791769,1.457893776499564,1.7601096176691429,0.3277041607770508,0.917522368943912,0.7416666666666667,4.7589738997630775,objective_weight,S2,Equal weighting,"(0.200, 0.200, 0.200, 0.200, 0.200)",0.2,0.2,0.2,0.2,0.2
7,20260707,RDHO,0.9590708580909282,71.47003213762977,1.375788157187302,1.6947713767172363,0.3374343566023513,0.9204555450722904,0.725,4.835066600237042,objective_weight,S2,Equal weighting,"(0.200, 0.200, 0.200, 0.200, 0.200)",0.2,0.2,0.2,0.2,0.2
8,20260708,RDHO,1.0196326329335053,67.59781474692164,1.6636521659014891,1.9531602907718368,0.329259759245223,0.9013114763554744,0.6916666666666667,4.801568999886513,objective_weight,S2,Equal weighting,"(0.200, 0.200, 0.200, 0.200, 0.200)",0.2,0.2,0.2,0.2,0.2
9,20260709,RDHO,1.2247630462777708,123.77205821923206,1.939786796677847,2.24896311977644,0.2797692803258954,0.8816910740584589,0.6333333333333333,4.788721399847418,objective_weight,S2,Equal weighting,"(0.200, 0.200, 0.200, 0.200, 0.200)",0.2,0.2,0.2,0.2,0.2
10,20260710,RDHO,1.0027141058027749,80.72690574643552,1.9363177757052576,2.3095464097193803,0.3315586516031267,0.9110237454327936,0.7166666666666667,4.743228800129145,objective_weight,S2,Equal weighting,"(0.200, 0.200, 0.200, 0.200, 0.200)",0.2,0.2,0.2,0.2,0.2
11,20260711,RDHO,1.143226967757422,90.70917550445222,1.820836089916154,2.132747981233203,0.3136352383827545,0.9091104542440838,0.625,4.8920244998298585,objective_weight,S2,Equal weighting,"(0.200, 0.200, 0.200, 0.200, 0.200)",0.2,0.2,0.2,0.2,0.2
12,20260712,RDHO,0.9690567966065776,69.14453732858806,1.8462281858849448,2.2305407984911065,0.345756720358914,0.910187570342825,0.7333333333333333,4.712167600169778,objective_weight,S2,Equal weighting,"(0.200, 0.200, 0.200, 0.200, 0.200)",0.2,0.2,0.2,0.2,0.2
13,20260713,RDHO,0.9324002292423952,53.96162613566695,1.4281721821458873,1.702966137300297,0.3463083567866586,0.9162406430074228,0.7083333333333334,4.7828890001401305,objective_weight,S2,Equal weighting,"(0.200, 0.200, 0.200, 0.200, 0.200)",0.2,0.2,0.2,0.2,0.2
14,20260714,RDHO,0.941593096906746,62.1178990403852,1.6833276988562644,2.027766021219912,0.359026484118124,0.9032114874261216,0.7166666666666667,4.653814400080591,objective_weight,S2,Equal weighting,"(0.200, 0.200, 0.200, 0.200, 0.200)",0.2,0.2,0.2,0.2,0.2
15,20260715,RDHO,0.9453561766687116,80.75769854153847,1.6979063121534008,2.0522588624523523,0.3351374001393379,0.907674808644238,0.75,5.184129500295967,objective_weight,S2,Equal weighting,"(0.200, 0.200, 0.200, 0.200, 0.200)",0.2,0.2,0.2,0.2,0.2
16,20260716,RDHO,0.9992743974293684,95.947553046875,1.547752436541994,1.867959170013161,0.3176234051803649,0.9072377156703164,0.7166666666666667,5.714019500184804,objective_weight,S2,Equal weighting,"(0.200, 0.200, 0.200, 0.200, 0.200)",0.2,0.2,0.2,0.2,0.2
17,20260717,RDHO,1.033322992986382,61.45483061067485,1.8374335187244728,2.1610208072792623,0.3228418884716292,0.9015241695157592,0.7,4.9714824999682605,objective_weight,S2,Equal weighting,"(0.200, 0.200, 0.200, 0.200, 0.200)",0.2,0.2,0.2,0.2,0.2
18,20260718,RDHO,0.9578371782441828,88.5797996170248,1.5871201564805226,1.914920997759008,0.3312780514671365,0.90334804607633,0.725,5.427424699999392,objective_weight,S2,Equal weighting,"(0.200, 0.200, 0.200, 0.200, 0.200)",0.2,0.2,0.2,0.2,0.2
19,20260719,RDHO,0.9725819914458064,69.02845335447435,1.6510382860506525,1.974418752571028,0.3392898451150584,0.8872131125777266,0.7166666666666667,4.850867799948901,objective_weight,S2,Equal weighting,"(0.200, 0.200, 0.200, 0.200, 0.200)",0.2,0.2,0.2,0.2,0.2
20,20260720,RDHO,0.9048801153231392,101.36568151085254,1.5185090701054078,1.8529320663748736,0.3383528608191405,0.8937431799627348,0.775,5.289268400054425,objective_weight,S2,Equal weighting,"(0.200, 0.200, 0.200, 0.200, 0.200)",0.2,0.2,0.2,0.2,0.2
21,20260721,RDHO,1.012915628369734,77.86138394495751,1.512816074095822,1.8465013558837355,0.334655032060258,0.8994632174848174,0.7166666666666667,5.33895740006119,objective_weight,S2,Equal weighting,"(0.200, 0.200, 0.200, 0.200, 0.200)",0.2,0.2,0.2,0.2,0.2
22,20260722,RDHO,1.0798473091948655,76.6640064564154,1.7868269018972796,2.110087665316853,0.2995087457064407,0.9210324073650742,0.6666666666666666,4.829102399758995,objective_weight,S2,Equal weighting,"(0.200, 0.200, 0.200, 0.200, 0.200)",0.2,0.2,0.2,0.2,0.2
23,20260723,RDHO,1.219226970619463,85.63430679699604,1.785724879426476,2.0630322613546985,0.2966926752525669,0.8839123777858632,0.5916666666666667,4.901705299969763,objective_weight,S2,Equal weighting,"(0.200, 0.200, 0.200, 0.200, 0.200)",0.2,0.2,0.2,0.2,0.2
24,20260724,RDHO,0.9341276295833064,63.132707631807584,1.6685059153724828,1.985277368281935,0.3545096700978817,0.8769839259818251,0.7333333333333333,4.79487770004198,objective_weight,S2,Equal weighting,"(0.200, 0.200, 0.200, 0.200, 0.200)",0.2,0.2,0.2,0.2,0.2
25,20260725,RDHO,1.0192394569343692,120.62400251299358,1.5139935747003834,1.822303047303044,0.3367337251323918,0.8974739559885924,0.7083333333333334,4.869630000088364,objective_weight,S2,Equal weighting,"(0.200, 0.200, 0.200, 0.200, 0.200)",0.2,0.2,0.2,0.2,0.2
26,20260726,RDHO,1.0464887092589472,91.99154118331012,1.4245365584278642,1.6929234572275362,0.321041021016924,0.8959248944108803,0.7083333333333334,4.7312877997756,objective_weight,S2,Equal weighting,"(0.200, 0.200, 0.200, 0.200, 0.200)",0.2,0.2,0.2,0.2,0.2
27,20260727,RDHO,1.0562345356951657,74.87403520288001,1.7966999495278029,2.149735832111144,0.3165529706264458,0.9028397282443203,0.7083333333333334,4.541729399934411,objective_weight,S2,Equal weighting,"(0.200, 0.200, 0.200, 0.200, 0.200)",0.2,0.2,0.2,0.2,0.2
28,20260728,RDHO,0.9965022753368212,86.07794490659668,1.6991771821453276,2.0082224151831976,0.3226172561106774,0.8854671459047276,0.7416666666666667,4.6500209998339415,objective_weight,S2,Equal weighting,"(0.200, 0.200, 0.200, 0.200, 0.200)",0.2,0.2,0.2,0.2,0.2
29,20260729,RDHO,1.1504562224906814,78.75158546360609,1.3366949549226042,1.566969089698921,0.3104799700433843,0.8730890736682605,0.625,4.678153899963945,objective_weight,S2,Equal weighting,"(0.200, 0.200, 0.200, 0.200, 0.200)",0.2,0.2,0.2,0.2,0.2
30,20260730,RDHO,0.9109681282469518,78.19589660723307,1.5545957249581996,1.859331178290367,0.3451989805270513,0.914237712504808,0.7416666666666667,4.872459200210869,objective_weight,S2,Equal weighting,"(0.200, 0.200, 0.200, 0.200, 0.200)",0.2,0.2,0.2,0.2,0.2
1,20260701,RDHO,1.1595174192847624,96.41760106097809,1.695553622040953,2.003495218073189,0.3229354870101841,0.9158249477295708,0.6583333333333333,5.091400899924338,objective_weight,S3,Energy-delay priority,"(0.250, 0.250, 0.200, 0.150, 0.150)",0.25,0.25,0.2,0.15,0.15
2,20260702,RDHO,1.269115813492926,78.16383872618174,2.055543317720997,2.394424842272528,0.3060615132644393,0.8790317550098793,0.6416666666666667,4.7463588998653,objective_weight,S3,Energy-delay priority,"(0.250, 0.250, 0.200, 0.150, 0.150)",0.25,0.25,0.2,0.15,0.15
3,20260703,RDHO,0.9111956615729048,69.54594611687864,1.563430048471253,1.9208979992270003,0.3492155307522983,0.8989547242687981,0.7666666666666667,4.676875100005418,objective_weight,S3,Energy-delay priority,"(0.250, 0.250, 0.200, 0.150, 0.150)",0.25,0.25,0.2,0.15,0.15
4,20260704,RDHO,1.0787613110683671,72.68154753521551,1.7079246989435366,2.030529363255256,0.3411564236506763,0.8931688650000704,0.6916666666666667,4.7483124998398125,objective_weight,S3,Energy-delay priority,"(0.250, 0.250, 0.200, 0.150, 0.150)",0.25,0.25,0.2,0.15,0.15
5,20260705,RDHO,1.1788438761705091,102.61874374393656,1.919831853447688,2.240634904107648,0.2967702422904363,0.8830715611645463,0.6833333333333333,4.711091900244355,objective_weight,S3,Energy-delay priority,"(0.250, 0.250, 0.200, 0.150, 0.150)",0.25,0.25,0.2,0.15,0.15
6,20260706,RDHO,0.9809447652706484,85.31881312603007,1.467413343855178,1.769629185024757,0.3275751918135891,0.9176695120582546,0.7416666666666667,4.637545399833471,objective_weight,S3,Energy-delay priority,"(0.250, 0.250, 0.200, 0.150, 0.150)",0.25,0.25,0.2,0.15,0.15
7,20260707,RDHO,1.0025761449185893,70.92386718380277,1.386762307817736,1.7057455273476705,0.3373470017594407,0.9205064664857728,0.725,4.866127099841833,objective_weight,S3,Energy-delay priority,"(0.250, 0.250, 0.200, 0.150, 0.150)",0.25,0.25,0.2,0.15,0.15
8,20260708,RDHO,1.0674923917973644,66.91093384662567,1.671181482086936,1.960689606957284,0.3291749325893467,0.9013421997534335,0.6916666666666667,4.903610399924219,objective_weight,S3,Energy-delay priority,"(0.250, 0.250, 0.200, 0.150, 0.150)",0.25,0.25,0.2,0.15,0.15
9,20260709,RDHO,1.28944392026642,114.5543698488215,1.9694057077187408,2.278582030817333,0.2779269644307902,0.8775930342188756,0.6166666666666667,4.803546200040728,objective_weight,S3,Energy-delay priority,"(0.250, 0.250, 0.200, 0.150, 0.150)",0.25,0.25,0.2,0.15,0.15
10,20260710,RDHO,1.0428134933748434,76.20845780159121,1.983327404445561,2.356556038459685,0.3324861880535233,0.910190243636362,0.7166666666666667,4.860240200068802,objective_weight,S3,Energy-delay priority,"(0.250, 0.250, 0.200, 0.150, 0.150)",0.25,0.25,0.2,0.15,0.15
11,20260711,RDHO,1.1974934152086745,90.01158864560679,1.8267434216280936,2.138655312945142,0.3135297703822148,0.9092781939808238,0.625,4.791870499961078,objective_weight,S3,Energy-delay priority,"(0.250, 0.250, 0.200, 0.150, 0.150)",0.25,0.25,0.2,0.15,0.15
12,20260712,RDHO,1.0149363777920477,69.0238697339392,1.847890324622562,2.232202937228723,0.345720508640514,0.91024019007032,0.7333333333333333,4.886345400009304,objective_weight,S3,Energy-delay priority,"(0.250, 0.250, 0.200, 0.150, 0.150)",0.25,0.25,0.2,0.15,0.15
13,20260713,RDHO,0.9678303707114772,53.507334457994354,1.4349388378094976,1.7097327929639068,0.3462069671278612,0.916370675219942,0.7083333333333334,4.764400300104171,objective_weight,S3,Energy-delay priority,"(0.250, 0.250, 0.200, 0.150, 0.150)",0.25,0.25,0.2,0.15,0.15
14,20260714,RDHO,0.9800199341609566,60.34848875080817,1.7028921654179932,2.0473304877816405,0.3587312780550468,0.9033547456843511,0.7166666666666667,4.755620500072837,objective_weight,S3,Energy-delay priority,"(0.250, 0.250, 0.200, 0.150, 0.150)",0.25,0.25,0.2,0.15,0.15
15,20260715,RDHO,0.991194314317602,82.57744256289996,1.6385871352932733,1.992939685592224,0.3340278608886554,0.9054471944136128,0.7416666666666667,4.937106600031257,objective_weight,S3,Energy-delay priority,"(0.250, 0.250, 0.200, 0.150, 0.150)",0.25,0.25,0.2,0.15,0.15
16,20260716,RDHO,1.0475791875188405,95.47383277374064,1.552617216101334,1.872823949572501,0.3175777427230637,0.9072561126583146,0.7166666666666667,4.807831899728626,objective_weight,S3,Energy-delay priority,"(0.250, 0.250, 0.200, 0.150, 0.150)",0.25,0.25,0.2,0.15,0.15
17,20260717,RDHO,1.0815183019751582,60.498224690324726,1.8470199081124168,2.170607196667207,0.3226696694627415,0.9015703967641162,0.7,5.3844173001125455,objective_weight,S3,Energy-delay priority,"(0.250, 0.250, 0.200, 0.150, 0.150)",0.25,0.25,0.2,0.15,0.15
18,20260718,RDHO,1.001517230224746,87.53035673120216,1.581124856186245,1.90892569746473,0.3302282595430916,0.9010057122967108,0.7166666666666667,4.771772599779069,objective_weight,S3,Energy-delay priority,"(0.250, 0.250, 0.200, 0.150, 0.150)",0.25,0.25,0.2,0.15,0.15
19,20260719,RDHO,1.0140012581093143,65.08726952446375,1.6706388698721206,1.9940193363924965,0.3390325659629075,0.886918673497853,0.7166666666666667,4.725757499691099,objective_weight,S3,Energy-delay priority,"(0.250, 0.250, 0.200, 0.150, 0.150)",0.25,0.25,0.2,0.15,0.15
20,20260720,RDHO,0.9496736988165392,92.536892476928,1.5519603226621843,1.88638331893165,0.3375236006458973,0.8917939827974519,0.7666666666666667,4.8541011000052094,objective_weight,S3,Energy-delay priority,"(0.250, 0.250, 0.200, 0.150, 0.150)",0.25,0.25,0.2,0.15,0.15
21,20260721,RDHO,1.0652814563391726,73.77196203144602,1.5458482906674753,1.8795335724553888,0.3343615713365079,0.8996084942036401,0.7166666666666667,4.717556599993259,objective_weight,S3,Energy-delay priority,"(0.250, 0.250, 0.200, 0.150, 0.150)",0.25,0.25,0.2,0.15,0.15
22,20260722,RDHO,1.12928367513302,76.0190845295584,1.7926544894479313,2.1159152528675045,0.2994063130081879,0.921139366371949,0.6666666666666666,4.740558000281453,objective_weight,S3,Energy-delay priority,"(0.250, 0.250, 0.200, 0.150, 0.150)",0.25,0.25,0.2,0.15,0.15
23,20260723,RDHO,1.2747756465390228,76.75842533219415,1.770930689839642,2.048238071767865,0.2952063485707418,0.8811336559440761,0.575,4.966600200161338,objective_weight,S3,Energy-delay priority,"(0.250, 0.250, 0.200, 0.150, 0.150)",0.25,0.25,0.2,0.15,0.15
24,20260724,RDHO,0.9739029360981128,59.53148300243457,1.6949776850400196,2.0117491379494714,0.3542851124445035,0.8770364255731785,0.7333333333333333,4.8589825998060405,objective_weight,S3,Energy-delay priority,"(0.250, 0.250, 0.200, 0.150, 0.150)",0.25,0.25,0.2,0.15,0.15
25,20260725,RDHO,1.0714189060176993,99.65553629218024,1.6014217192831208,1.909731191885781,0.3346348275718876,0.892097554260064,0.6916666666666667,5.312410600017756,objective_weight,S3,Energy-delay priority,"(0.250, 0.250, 0.200, 0.150, 0.150)",0.25,0.25,0.2,0.15,0.15
26,20260726,RDHO,1.1012785539270478,81.38079383646588,1.4873552479448182,1.75574214674449,0.3205425784171288,0.8948479894322129,0.7083333333333334,4.600604999810457,objective_weight,S3,Energy-delay priority,"(0.250, 0.250, 0.200, 0.150, 0.150)",0.25,0.25,0.2,0.15,0.15
27,20260727,RDHO,1.1095881249870896,75.50922103339052,1.7976671719364048,2.150703054519746,0.3150594395831628,0.8983551449434167,0.7,4.925569600425661,objective_weight,S3,Energy-delay priority,"(0.250, 0.250, 0.200, 0.150, 0.150)",0.25,0.25,0.2,0.15,0.15
28,20260728,RDHO,1.0455857998741918,87.313512392737,1.6371412492253845,1.9461864822632544,0.3216105350789289,0.8834763260635059,0.7333333333333333,4.791585300117731,objective_weight,S3,Energy-delay priority,"(0.250, 0.250, 0.200, 0.150, 0.150)",0.25,0.25,0.2,0.15,0.15
29,20260729,RDHO,1.2065574108314785,69.50444605959031,1.3949142621025703,1.6251883968788872,0.3092002929485012,0.8700984296771602,0.6166666666666667,4.796859499998391,objective_weight,S3,Energy-delay priority,"(0.250, 0.250, 0.200, 0.150, 0.150)",0.25,0.25,0.2,0.15,0.15
30,20260730,RDHO,0.9453841483540066,73.37328422527774,1.593403569603009,1.8981390229351764,0.344969553797449,0.9139380981303036,0.7416666666666667,4.756373200099915,objective_weight,S3,Energy-delay priority,"(0.250, 0.250, 0.200, 0.150, 0.150)",0.25,0.25,0.2,0.15,0.15
1,20260701,RDHO,0.9498453064336994,107.64448628443049,1.608901510262961,1.9168431062951967,0.3240465604427417,0.9161711674881642,0.6583333333333333,5.001717200037092,objective_weight,S4,QoE-fairness priority,"(0.100, 0.100, 0.150, 0.325, 0.325)",0.1,0.1,0.15,0.325,0.325
2,20260702,RDHO,1.0333965158268923,85.96322373461165,1.9729180086145304,2.3117995331660617,0.306752514596421,0.8793326881014114,0.6416666666666667,4.848098200280219,objective_weight,S4,QoE-fairness priority,"(0.100, 0.100, 0.150, 0.325, 0.325)",0.1,0.1,0.15,0.325,0.325
3,20260703,RDHO,0.766798726884767,72.80048080635004,1.5297883060714752,1.8872562568272224,0.34956511082243,0.8986446972980536,0.7666666666666667,4.672962799668312,objective_weight,S4,QoE-fairness priority,"(0.100, 0.100, 0.150, 0.325, 0.325)",0.1,0.1,0.15,0.325,0.325
4,20260704,RDHO,0.8970135598674247,77.97156091908337,1.68238108003384,2.004985744345559,0.3431508097438496,0.894430642498219,0.6916666666666667,4.748988999985158,objective_weight,S4,QoE-fairness priority,"(0.100, 0.100, 0.150, 0.325, 0.325)",0.1,0.1,0.15,0.325,0.325
5,20260705,RDHO,0.961637611064004,110.02257131721846,1.9407226056431128,2.261525656303073,0.2981093479177813,0.8859908958387476,0.6916666666666667,4.788809699937701,objective_weight,S4,QoE-fairness priority,"(0.100, 0.100, 0.150, 0.325, 0.325)",0.1,0.1,0.15,0.325,0.325
6,20260706,RDHO,0.8132537108891743,90.29394282108342,1.4373956668163896,1.7396115079859684,0.3281815475085426,0.9185675078579738,0.7416666666666667,4.709268200211227,objective_weight,S4,QoE-fairness priority,"(0.100, 0.100, 0.150, 0.325, 0.325)",0.1,0.1,0.15,0.325,0.325
7,20260707,RDHO,0.8362031983962862,76.5381131811604,1.33105543591464,1.6500386554445747,0.337882113138511,0.9209410077591124,0.725,4.782304000109434,objective_weight,S4,QoE-fairness priority,"(0.100, 0.100, 0.150, 0.325, 0.325)",0.1,0.1,0.15,0.325,0.325
8,20260708,RDHO,0.8880048176297998,67.02355789950161,1.723849443658736,2.0133575685290834,0.3296242411463008,0.9040195238704166,0.7,5.133653900120407,objective_weight,S4,QoE-fairness priority,"(0.100, 0.100, 0.150, 0.325, 0.325)",0.1,0.1,0.15,0.325,0.325
9,20260709,RDHO,1.0489644640048623,137.78310372103624,1.850481924579369,2.1596582476779616,0.2803115752046508,0.8835849908762885,0.6333333333333333,4.836016799788922,objective_weight,S4,QoE-fairness priority,"(0.100, 0.100, 0.150, 0.325, 0.325)",0.1,0.1,0.15,0.325,0.325
10,20260710,RDHO,0.8646544358121849,82.48300494774294,1.9174853145655533,2.290713948579677,0.334198550025227,0.914208829188513,0.725,4.937877199612558,objective_weight,S4,QoE-fairness priority,"(0.100, 0.100, 0.150, 0.325, 0.325)",0.1,0.1,0.15,0.325,0.325
11,20260711,RDHO,0.9931488607940768,103.3600577072986,1.7454951079952348,2.057406999312284,0.3134233849695807,0.908794281053001,0.625,5.176699400413781,objective_weight,S4,QoE-fairness priority,"(0.100, 0.100, 0.150, 0.325, 0.325)",0.1,0.1,0.15,0.325,0.325
12,20260712,RDHO,0.8376920316404919,82.21360163803543,1.7857521414113795,2.170064754017541,0.3438559405400611,0.908636315310484,0.7416666666666667,5.006728200241923,objective_weight,S4,QoE-fairness priority,"(0.100, 0.100, 0.150, 0.325, 0.325)",0.1,0.1,0.15,0.325,0.325
13,20260713,RDHO,0.8285524637037099,57.209606941275695,1.401655942983911,1.6764498981383205,0.3465620180926167,0.9163676426573758,0.7083333333333334,5.027096400037408,objective_weight,S4,QoE-fairness priority,"(0.100, 0.100, 0.150, 0.325, 0.325)",0.1,0.1,0.15,0.325,0.325
14,20260714,RDHO,0.8291642591025744,65.86892602257873,1.6526222270328206,1.9970605493964684,0.3592012416957779,0.9031173106896688,0.7166666666666667,4.698540699668229,objective_weight,S4,QoE-fairness priority,"(0.100, 0.100, 0.150, 0.325, 0.325)",0.1,0.1,0.15,0.325,0.325
15,20260715,RDHO,0.8203159028945622,88.97577530770113,1.63997900432179,1.9943315546207416,0.3366986852126209,0.9107278810615148,0.75,5.155146600212902,objective_weight,S4,QoE-fairness priority,"(0.100, 0.100, 0.150, 0.325, 0.325)",0.1,0.1,0.15,0.325,0.325
16,20260716,RDHO,0.8681969895348521,101.99320285558034,1.5039672326634703,1.824173966134638,0.3180877408169524,0.9081070644263958,0.7166666666666667,4.781528300140053,objective_weight,S4,QoE-fairness priority,"(0.100, 0.100, 0.150, 0.325, 0.325)",0.1,0.1,0.15,0.325,0.325
17,20260717,RDHO,0.900949644560265,66.39832659721137,1.8092855992601848,2.1328728878149747,0.323401745879291,0.90246458790445,0.7,4.959416800178587,objective_weight,S4,QoE-fairness priority,"(0.100, 0.100, 0.150, 0.325, 0.325)",0.1,0.1,0.15,0.325,0.325
18,20260718,RDHO,0.8382504590415184,93.6330101036119,1.558344908436996,1.886145749715481,0.3315332835427592,0.9038913264373012,0.725,4.797896600328386,objective_weight,S4,QoE-fairness priority,"(0.100, 0.100, 0.150, 0.325, 0.325)",0.1,0.1,0.15,0.325,0.325
19,20260719,RDHO,0.8557864900325395,72.9080670957139,1.6062080754803396,1.9295885420007155,0.3394477443904004,0.8873337993631414,0.7166666666666667,4.8828886998817325,objective_weight,S4,QoE-fairness priority,"(0.100, 0.100, 0.150, 0.325, 0.325)",0.1,0.1,0.15,0.325,0.325
20,20260720,RDHO,0.7851249834760701,107.51769450892075,1.466189977598236,1.800612973867702,0.3387823963943233,0.8953647306370335,0.775,4.699054799973965,objective_weight,S4,QoE-fairness priority,"(0.100, 0.100, 0.150, 0.325, 0.325)",0.1,0.1,0.15,0.325,0.325
21,20260721,RDHO,0.8671316457715391,84.20666393727359,1.4456947377003997,1.7793800194883134,0.3379994800346483,0.9025308345615066,0.7166666666666667,4.6510000000707805,objective_weight,S4,QoE-fairness priority,"(0.100, 0.100, 0.150, 0.325, 0.325)",0.1,0.1,0.15,0.325,0.325
22,20260722,RDHO,0.9372661346476532,87.76103766183843,1.7412469298040043,2.064507693223577,0.2969009884091096,0.9199896551805872,0.675,4.661474499851465,objective_weight,S4,QoE-fairness priority,"(0.100, 0.100, 0.150, 0.325, 0.325)",0.1,0.1,0.15,0.325,0.325
23,20260723,RDHO,1.0588622528363512,88.56704994046994,1.7621978104459033,2.039505192374126,0.2971565102655445,0.885736166088358,0.5916666666666667,4.549338600132614,objective_weight,S4,QoE-fairness priority,"(0.100, 0.100, 0.150, 0.325, 0.325)",0.1,0.1,0.15,0.325,0.325
24,20260724,RDHO,0.8154171333077173,90.04410703677088,1.510358913748074,1.8271303666575256,0.3576214671223136,0.883632958561039,0.7416666666666667,4.668052199762315,objective_weight,S4,QoE-fairness priority,"(0.100, 0.100, 0.150, 0.325, 0.325)",0.1,0.1,0.15,0.325,0.325
25,20260725,RDHO,0.8892006543583341,122.03625719524489,1.5690614281401287,1.877370900742789,0.3348509500989388,0.8917752062897385,0.7083333333333334,4.470564399845898,objective_weight,S4,QoE-fairness priority,"(0.100, 0.100, 0.150, 0.325, 0.325)",0.1,0.1,0.15,0.325,0.325
26,20260726,RDHO,0.900284879928457,93.52066257296444,1.40714159745898,1.675528496258652,0.3203376951316426,0.8960573547605427,0.7083333333333334,4.486600699834526,objective_weight,S4,QoE-fairness priority,"(0.100, 0.100, 0.150, 0.325, 0.325)",0.1,0.1,0.15,0.325,0.325
27,20260727,RDHO,0.9076907981737256,79.53861989489721,1.7600430074170332,2.113078890000375,0.3172692921590704,0.905176496213098,0.7083333333333334,4.881842100061476,objective_weight,S4,QoE-fairness priority,"(0.100, 0.100, 0.150, 0.325, 0.325)",0.1,0.1,0.15,0.325,0.325
28,20260728,RDHO,0.8611017859234363,88.20546687878343,1.6800927364176643,1.989137969455534,0.3229910997984525,0.8864658189336793,0.7416666666666667,4.494537699967623,objective_weight,S4,QoE-fairness priority,"(0.100, 0.100, 0.150, 0.325, 0.325)",0.1,0.1,0.15,0.325,0.325
29,20260729,RDHO,0.9959726714333011,78.75667266932237,1.410387719086648,1.6406618538629647,0.3133144531908379,0.8831198333758206,0.6416666666666667,4.821543000172824,objective_weight,S4,QoE-fairness priority,"(0.100, 0.100, 0.150, 0.325, 0.325)",0.1,0.1,0.15,0.325,0.325
30,20260730,RDHO,0.8053224768739724,79.5387138759178,1.5454123503322066,1.850147803664374,0.3450935811285204,0.9149344715369632,0.7416666666666667,4.977071599569172,objective_weight,S4,QoE-fairness priority,"(0.100, 0.100, 0.150, 0.325, 0.325)",0.1,0.1,0.15,0.325,0.325
1,20260701,RDHO,1.1267175005006322,117.31039263423892,1.563400812214923,1.871342408247159,0.3244576118409934,0.9171649663662907,0.65,4.936907099559903,objective_weight,S5,AoI-freshness priority,"(0.125, 0.125, 0.350, 0.200, 0.200)",0.125,0.125,0.35,0.2,0.2
2,20260702,RDHO,1.2496598736407931,91.05566175799606,1.929447445364006,2.268328969915537,0.3061625343580334,0.8782451700118663,0.6333333333333333,4.632069599814713,objective_weight,S5,AoI-freshness priority,"(0.125, 0.125, 0.350, 0.200, 0.200)",0.125,0.125,0.35,0.2,0.2
3,20260703,RDHO,0.887478186235011,86.56953440111556,1.4034932111662264,1.7609611619219734,0.3487612400761073,0.8991052848988704,0.7583333333333333,4.554516899865121,objective_weight,S5,AoI-freshness priority,"(0.125, 0.125, 0.350, 0.200, 0.200)",0.125,0.125,0.35,0.2,0.2
4,20260704,RDHO,1.0649469563804963,83.57404440138767,1.6303219570477512,1.9529266213594705,0.3426552855319346,0.8939636862865662,0.6833333333333333,4.47698780009523,objective_weight,S5,AoI-freshness priority,"(0.125, 0.125, 0.350, 0.200, 0.200)",0.125,0.125,0.35,0.2,0.2
5,20260705,RDHO,1.1502063848721384,120.81953789856492,1.8140700619522456,2.134873112612206,0.297502458541438,0.8845744880668861,0.6833333333333333,4.508878599852324,objective_weight,S5,AoI-freshness priority,"(0.125, 0.125, 0.350, 0.200, 0.200)",0.125,0.125,0.35,0.2,0.2
6,20260706,RDHO,0.943105010088934,96.556042547752,1.384695697452193,1.6869115386217717,0.3291443541866419,0.9195759845948284,0.7416666666666667,4.39627689961344,objective_weight,S5,AoI-freshness priority,"(0.125, 0.125, 0.350, 0.200, 0.200)",0.125,0.125,0.35,0.2,0.2
7,20260707,RDHO,0.9901303449714528,85.18516022453215,1.2817347837440765,1.600718003274011,0.3374267266548577,0.9200177051851886,0.7166666666666667,4.420515400357544,objective_weight,S5,AoI-freshness priority,"(0.125, 0.125, 0.350, 0.200, 0.200)",0.125,0.125,0.35,0.2,0.2
8,20260708,RDHO,1.045651098171693,77.522449852888,1.5979681313038117,1.8874762561741592,0.3292396982453843,0.9022162910117404,0.6916666666666667,4.413138299714774,objective_weight,S5,AoI-freshness priority,"(0.125, 0.125, 0.350, 0.200, 0.200)",0.125,0.125,0.35,0.2,0.2
9,20260709,RDHO,1.2417600202418528,143.36176590740632,1.781772971956278,2.0909492950548705,0.2783412473973881,0.8786013475034842,0.6166666666666667,4.400676199700683,objective_weight,S5,AoI-freshness priority,"(0.125, 0.125, 0.350, 0.200, 0.200)",0.125,0.125,0.35,0.2,0.2
10,20260710,RDHO,1.0366807365291566,92.63032259024014,1.801357140521219,2.174585774535342,0.3319692513527461,0.911059359801046,0.7083333333333334,4.360231700353324,objective_weight,S5,AoI-freshness priority,"(0.125, 0.125, 0.350, 0.200, 0.200)",0.125,0.125,0.35,0.2,0.2
11,20260711,RDHO,1.1760255283009995,106.9967817494902,1.7132042018714475,2.025116093188496,0.313242292947659,0.9092398411365976,0.625,4.392731099855155,objective_weight,S5,AoI-freshness priority,"(0.125, 0.125, 0.350, 0.200, 0.200)",0.125,0.125,0.35,0.2,0.2
12,20260712,RDHO,1.0004352740783864,98.72315489897952,1.6912472500574487,2.0755598626636096,0.3413707098132569,0.9062559438741764,0.7333333333333333,4.798318000044674,objective_weight,S5,AoI-freshness priority,"(0.125, 0.125, 0.350, 0.200, 0.200)",0.125,0.125,0.35,0.2,0.2
13,20260713,RDHO,0.97139672738767,69.20180459595761,1.3418037595027072,1.6165977146571169,0.3454417874551059,0.9142560419481668,0.6916666666666667,4.459841799922288,objective_weight,S5,AoI-freshness priority,"(0.125, 0.125, 0.350, 0.200, 0.200)",0.125,0.125,0.35,0.2,0.2
14,20260714,RDHO,0.9846636295086628,70.21443924218664,1.6615321571738768,2.0059704795375244,0.3567927805056328,0.8969412245309232,0.7083333333333334,4.714586199726909,objective_weight,S5,AoI-freshness priority,"(0.125, 0.125, 0.350, 0.200, 0.200)",0.125,0.125,0.35,0.2,0.2
15,20260715,RDHO,0.9603759036627768,105.92370264579228,1.4855501948622798,1.8399027451612315,0.3338059534281071,0.9018881205770206,0.7333333333333333,4.70534129999578,objective_weight,S5,AoI-freshness priority,"(0.125, 0.125, 0.350, 0.200, 0.200)",0.125,0.125,0.35,0.2,0.2
16,20260716,RDHO,1.020906108478424,109.03615260217713,1.4577072140616945,1.777913947532862,0.317558058487748,0.9088168054950516,0.7083333333333334,4.64716719975695,objective_weight,S5,AoI-freshness priority,"(0.125, 0.125, 0.350, 0.200, 0.200)",0.125,0.125,0.35,0.2,0.2
17,20260717,RDHO,1.0699495301616844,74.20774373973602,1.737344178902721,2.06093146745751,0.3226999869755489,0.9011465472004564,0.6916666666666667,4.484949799720198,objective_weight,S5,AoI-freshness priority,"(0.125, 0.125, 0.350, 0.200, 0.200)",0.125,0.125,0.35,0.2,0.2
18,20260718,RDHO,0.9719512786568686,105.4455307303336,1.418654397364773,1.746455238643258,0.3326919616076067,0.9043201096454526,0.7083333333333334,4.419531600084156,objective_weight,S5,AoI-freshness priority,"(0.125, 0.125, 0.350, 0.200, 0.200)",0.125,0.125,0.35,0.2,0.2
19,20260719,RDHO,1.0077199310610565,87.75119000106957,1.4446986547688765,1.7680791212892522,0.3378684603005831,0.8841537495148096,0.6916666666666667,4.377446400001645,objective_weight,S5,AoI-freshness priority,"(0.125, 0.125, 0.350, 0.200, 0.200)",0.125,0.125,0.35,0.2,0.2
20,20260720,RDHO,0.9176799594926772,120.3139284621322,1.364586551024019,1.6990095472934847,0.3385087856072464,0.896509245742034,0.7666666666666667,4.397467100061476,objective_weight,S5,AoI-freshness priority,"(0.125, 0.125, 0.350, 0.200, 0.200)",0.125,0.125,0.35,0.2,0.2
21,20260721,RDHO,1.0172045583402956,98.357359889917,1.3531382485468957,1.6868235303348094,0.3360548420013022,0.9006100070494095,0.7083333333333334,4.472550000064075,objective_weight,S5,AoI-freshness priority,"(0.125, 0.125, 0.350, 0.200, 0.200)",0.125,0.125,0.35,0.2,0.2
22,20260722,RDHO,1.11557877863558,96.0936788722075,1.685578387125517,2.00883915054509,0.2968934832171572,0.9205792765199644,0.675,4.413649100344628,objective_weight,S5,AoI-freshness priority,"(0.125, 0.125, 0.350, 0.200, 0.200)",0.125,0.125,0.35,0.2,0.2
23,20260723,RDHO,1.2433964899043997,106.14852280336098,1.6101267536613904,1.8874341355896127,0.2969580451336766,0.8863147909396851,0.5666666666666667,4.581232499796897,objective_weight,S5,AoI-freshness priority,"(0.125, 0.125, 0.350, 0.200, 0.200)",0.125,0.125,0.35,0.2,0.2
24,20260724,RDHO,0.9471342996624158,95.6552656644703,1.4854737020157731,1.8022451549252247,0.3577543650230783,0.8842669616307335,0.7416666666666667,4.657367200125009,objective_weight,S5,AoI-freshness priority,"(0.125, 0.125, 0.350, 0.200, 0.200)",0.125,0.125,0.35,0.2,0.2
25,20260725,RDHO,1.0182687750521464,138.80600551436325,1.4040498483773736,1.712359320980034,0.3357386951482923,0.8971128713397019,0.7083333333333334,4.495585999917239,objective_weight,S5,AoI-freshness priority,"(0.125, 0.125, 0.350, 0.200, 0.200)",0.125,0.125,0.35,0.2,0.2
26,20260726,RDHO,1.0632298377014946,100.99075468621888,1.3578221433913575,1.6262090421910294,0.3197599390489169,0.8946930744485924,0.7,4.339312199968845,objective_weight,S5,AoI-freshness priority,"(0.125, 0.125, 0.350, 0.200, 0.200)",0.125,0.125,0.35,0.2,0.2
27,20260727,RDHO,1.0729686604416626,95.4605786082606,1.6201648185578308,1.9732007011411723,0.3140423506862314,0.896809658348511,0.675,4.407923999708146,objective_weight,S5,AoI-freshness priority,"(0.125, 0.125, 0.350, 0.200, 0.200)",0.125,0.125,0.35,0.2,0.2
28,20260728,RDHO,1.021961874491907,95.86702758895726,1.5776749616914931,1.886720194729364,0.32115711001526,0.8837994860511639,0.7333333333333333,4.475362800061703,objective_weight,S5,AoI-freshness priority,"(0.125, 0.125, 0.350, 0.200, 0.200)",0.125,0.125,0.35,0.2,0.2
29,20260729,RDHO,1.1605928577675142,88.11273515135157,1.2648654229016705,1.495139557677987,0.3117845501745431,0.8764416236573754,0.625,4.3793531996198,objective_weight,S5,AoI-freshness priority,"(0.125, 0.125, 0.350, 0.200, 0.200)",0.125,0.125,0.35,0.2,0.2
30,20260730,RDHO,0.9631776538632216,87.70654233688094,1.4984478992479122,1.80318335258008,0.3454291459555874,0.9165546578202088,0.7416666666666667,4.845764999743551,objective_weight,S5,AoI-freshness priority,"(0.125, 0.125, 0.350, 0.200, 0.200)",0.125,0.125,0.35,0.2,0.2
