run_id,seed,algorithm,fitness,base_objective,penalty,search_fitness,energy,delay,aoi,qoe,fairness,csr,runtime,nfe,pre_refinement_fitness,local_refinement_gain,experiment,lambda0,alpha
1,20260701,RDHO,1.029824606965487,0.6964912736321537,0.33333333333333337,1.1964912736321538,100.58974554231838,1.654929155824139,1.962870751856375,0.32303527365537876,0.9450557710840614,0.6666666666666666,4.197078137000062,9112,1.0428803307917591,0.01305572382627207,dynamic_penalty,0.5,1.0
2,20260702,RDHO,1.1313426840298075,0.7813426840298077,0.35,1.3063426840298076,81.85516045241779,2.002938907705791,2.3418204322573217,0.3061560070563699,0.8994829738899256,0.65,4.211536899999828,9112,1.150728783437894,0.019386099408086555,dynamic_penalty,0.5,1.0
3,20260703,RDHO,0.8216268765644442,0.5882935432311109,0.23333333333333328,0.9382935432311108,72.24456654657445,1.532437100688138,1.8899050514438855,0.3495392678610151,0.9406186455627983,0.7666666666666667,4.342122559000018,9112,0.8303450487781505,0.008718172213706299,dynamic_penalty,0.5,1.0
4,20260704,RDHO,0.9680312251004858,0.6596978917671524,0.30833333333333335,1.1221978917671525,76.44188551123236,1.657402894387585,1.9800075586993038,0.34233274549717746,0.9194222684261808,0.6916666666666667,4.415786813000068,9112,0.9719604797921528,0.00392925469166705,dynamic_penalty,0.5,1.0
5,20260705,RDHO,1.033227962351798,0.7248946290184646,0.30833333333333335,1.1873946290184647,113.18684816987981,1.8553287588318086,2.176131809491769,0.2971313779566399,0.9562341753923589,0.6916666666666667,4.12934406300019,9112,1.0499515743060548,0.016723611954256867,dynamic_penalty,0.5,1.0
6,20260706,RDHO,0.8809675842354354,0.6226342509021021,0.2583333333333333,1.010134250902102,88.01880266518091,1.431350276482449,1.7335661176520278,0.3276408861144388,0.9308357072518253,0.7416666666666667,4.180747978999989,9112,0.9069078381475253,0.025940253912089872,dynamic_penalty,0.5,1.0
7,20260707,RDHO,0.9074621713033684,0.6324621713033683,0.275,1.0449621713033683,75.23380077523336,1.3320267539131538,1.651009973443088,0.3375738731129208,0.9431326609518266,0.725,4.264704794999943,9112,0.9255426650027294,0.018080493699361044,dynamic_penalty,0.5,1.0
8,20260708,RDHO,0.958212558036312,0.6498792247029787,0.30833333333333335,1.1123792247029787,69.70547145259314,1.6422079214704746,1.9317160463408218,0.3293593889364153,0.948772468699668,0.6916666666666667,4.25405048399989,9112,0.9686291509492653,0.01041659291295327,dynamic_penalty,0.5,1.0
9,20260709,RDHO,1.1400301288650334,0.7733634621983667,0.3666666666666667,1.3233634621983668,131.53793674799834,1.8660154377875244,2.175191760886117,0.279877743765793,0.9369451962512992,0.6333333333333333,4.370840629999748,9112,1.175644186132392,0.03561405726735867,dynamic_penalty,0.5,1.0
10,20260710,RDHO,0.9329578239549148,0.6579578239549148,0.275,1.0704578239549147,82.87691529427056,1.9128182174356483,2.2860468514497714,0.3315004567765935,0.9502166517290208,0.725,4.10725533699997,9112,0.9464103582571091,0.013452534302194286,dynamic_penalty,0.5,1.0
11,20260711,RDHO,1.0596912721608196,0.6930246054941528,0.3666666666666667,1.2430246054941527,101.39525177649345,1.7525672042374167,2.0644790955544656,0.31323757856625184,0.9748907951895815,0.6333333333333333,4.5058674359997894,9112,1.0905025103920967,0.03081123823127707,dynamic_penalty,0.5,1.0
12,20260712,RDHO,0.9088600582318612,0.6421933915651945,0.2666666666666667,1.0421933915651946,78.13698944400915,1.788679332584481,2.172991945190642,0.3426317717904447,0.9539525064228838,0.7333333333333333,4.562243295999906,9112,0.9187466296316888,0.009886571399827626,dynamic_penalty,0.5,1.0
13,20260713,RDHO,0.8876880120413743,0.5960213453747076,0.29166666666666663,1.0335213453747076,58.40727365303886,1.3896371507746044,1.664431105929014,0.345534724295837,0.9474108070131427,0.7083333333333334,4.127821982999649,9112,0.8972893608871209,0.009601348845746593,dynamic_penalty,0.5,1.0
14,20260714,RDHO,0.8802332676138266,0.6052332676138266,0.275,1.0177332676138267,64.48275848896449,1.6602669506743368,2.0047052730379837,0.3593179904328162,0.9478809838573198,0.725,4.104586509000001,9112,0.8829480576881763,0.0027147900743497155,dynamic_penalty,0.5,1.0
15,20260715,RDHO,0.8865523133054771,0.6365523133054771,0.25,1.0115523133054771,84.27380928613815,1.661422633672953,2.0157751839719045,0.33535853098820007,0.9499178515350274,0.75,4.139672422999865,9112,0.9045203660929116,0.01796805278743452,dynamic_penalty,0.5,1.0
16,20260716,RDHO,0.9256046757822728,0.6506046757822728,0.275,1.0631046757822729,98.03598425667226,1.5158167863035783,1.8360235197747454,0.3175856145313783,0.956003142184177,0.725,4.150708803999805,9112,0.9534345948858541,0.027829919103581346,dynamic_penalty,0.5,1.0
17,20260717,RDHO,0.9627279938021253,0.6710613271354586,0.29166666666666663,1.1085613271354586,64.90266084060116,1.804660700674956,2.128247989229746,0.3224862042911524,0.9442081785816343,0.7083333333333334,4.281268491999981,9112,0.9750959768807491,0.012367983078623856,dynamic_penalty,0.5,1.0
18,20260718,RDHO,0.8910732528147585,0.6160732528147584,0.275,1.0285732528147584,91.6458596507206,1.549125905166763,1.8769267464452484,0.33355837732262233,0.9619202314040128,0.725,4.184418292999908,9112,0.9051482334408618,0.01407498062610335,dynamic_penalty,0.5,1.0
19,20260719,RDHO,0.9236958058094448,0.6403624724761114,0.2833333333333333,1.0653624724761115,72.0840086360013,1.622368752798965,1.9457492193193406,0.33890680486951785,0.9138457518125477,0.7166666666666667,4.444656988000133,9112,0.9440898866254099,0.020394080815965165,dynamic_penalty,0.5,1.0
20,20260720,RDHO,0.8530968375470018,0.6280968375470019,0.22499999999999998,0.9655968375470019,104.45194525588022,1.4787731875094194,1.8131961837788857,0.3383392458557575,0.9041226621391715,0.775,4.33952400599992,9112,0.873309268581915,0.020212431034913214,dynamic_penalty,0.5,1.0
21,20260721,RDHO,0.9374505464864182,0.6541172131530849,0.2833333333333333,1.0791172131530848,82.65761673634444,1.4507905810241515,1.7844758628120652,0.33640374220682673,0.9607513789647307,0.7166666666666667,4.135472151000158,9112,0.9501251852947498,0.012674638808331529,dynamic_penalty,0.5,1.0
22,20260722,RDHO,1.0069496731162655,0.698616339782932,0.30833333333333335,1.161116339782932,85.3786120270431,1.7510496953635026,2.0743104587830756,0.29674477785031206,0.9358745114235644,0.6916666666666667,4.2963683070001935,9112,1.0428476712448154,0.03589799812854988,dynamic_penalty,0.5,1.0
23,20260723,RDHO,1.1320415667788115,0.7320415667788114,0.4,1.3320415667788115,86.32679043310605,1.7559215825455474,2.0332289644737704,0.2964605273362599,0.948488715132216,0.6,4.498143600999811,9112,1.1478415961171944,0.01580002933838287,dynamic_penalty,0.5,1.0
24,20260724,RDHO,0.8807652445856324,0.6224319112522991,0.2583333333333333,1.009931911252299,88.94513008974224,1.5188074557482798,1.8355789086577317,0.35653354336786724,0.9267188867533822,0.7416666666666667,4.236853467999936,9112,0.8966866515690148,0.015921406983382402,dynamic_penalty,0.5,1.0
25,20260725,RDHO,0.9457380599283679,0.6540713932617013,0.29166666666666663,1.0915713932617013,120.02742514613206,1.4972944497643084,1.8056039223669689,0.3365099425455048,0.9480883985668547,0.7083333333333334,4.230411859000014,9112,0.9730329242291027,0.0272948643007348,dynamic_penalty,0.5,1.0
26,20260726,RDHO,0.9824440749242075,0.6907774082575409,0.29166666666666663,1.1282774082575409,92.00621242879754,1.409957577900983,1.678344476700655,0.3204526023047479,0.9172984062452437,0.7083333333333334,4.536701003999951,9112,1.0087084505727408,0.026264375648533345,dynamic_penalty,0.5,1.0
27,20260727,RDHO,0.9815813399816625,0.7065813399816625,0.275,1.1190813399816626,76.39627646203729,1.7840206125384583,2.1370564951218,0.3165540077552593,0.9098701312838904,0.725,4.703311120999842,9112,0.9942475775396693,0.012666237558006777,dynamic_penalty,0.5,1.0
28,20260728,RDHO,0.9216611930900942,0.6799945264234275,0.2416666666666667,1.0424945264234275,77.58968324742847,1.7827034690235024,2.0917487020613725,0.32223899428203806,0.9393832112899694,0.7583333333333333,4.268010610000147,9112,0.9287119777070934,0.007050784616999151,dynamic_penalty,0.5,1.0
29,20260729,RDHO,1.0778816837004843,0.7112150170338175,0.3666666666666667,1.2612150170338174,75.70403867051643,1.3699502916066975,1.6002244263830139,0.31074463281083053,0.9092678437281462,0.6333333333333333,4.207674572000087,9112,1.087913622695937,0.010031938995452627,dynamic_penalty,0.5,1.0
30,20260730,RDHO,0.8685514607209035,0.6102181273875702,0.2583333333333333,0.9977181273875702,80.56105957834255,1.5389638737183886,1.843699327050556,0.3453991997952318,0.9435539199746712,0.7416666666666667,4.187289366000186,9112,0.8718736706350079,0.003322209914104368,dynamic_penalty,0.5,1.0
1,20260701,RDHO,1.0286927423317453,0.6953594089984119,0.33333333333333337,2.195359408998412,98.48786062891784,1.6526048483673734,1.960546444399609,0.32347502443088194,0.9450388287405875,0.6666666666666666,4.192525931000091,9112,1.0479837722145064,0.0192910298827611,dynamic_penalty,0.5,2.0
2,20260702,RDHO,1.139021348077372,0.7806880147440388,0.3583333333333333,2.3931880147440387,81.99478213336852,1.9909831225829144,2.3298646471344453,0.3062227890853587,0.8996929189294582,0.6416666666666667,4.211088224999912,9112,1.154696426128238,0.015675078050865876,dynamic_penalty,0.5,2.0
3,20260703,RDHO,0.8135479269809902,0.5885479269809902,0.22499999999999998,1.60104792698099,69.63209470976207,1.5423682461255845,1.8998361968813318,0.34928619844519054,0.9403948279431532,0.775,4.358878170000025,9112,0.8216936021914771,0.008145675210486925,dynamic_penalty,0.5,2.0
4,20260704,RDHO,0.9651341771677142,0.6568008438343809,0.30833333333333335,2.044300843834381,78.62997219737113,1.6416015760079623,1.964206240319681,0.34212010546811344,0.9196434476085834,0.6916666666666667,4.51095788900011,9112,0.9699219015853786,0.004787724417664396,dynamic_penalty,0.5,2.0
5,20260705,RDHO,1.0319890743368902,0.7236557410035568,0.30833333333333335,2.111155741003557,110.91714627389219,1.8589641466498237,2.179767197309784,0.2969298283128824,0.9563389190681439,0.6916666666666667,4.267441498000153,9112,1.0546548587756974,0.02266578443880718,dynamic_penalty,0.5,2.0
6,20260706,RDHO,0.8802050696730449,0.6218717363397116,0.2583333333333333,1.7843717363397116,86.3947721463322,1.433529709743492,1.7357455509130708,0.32744838373330454,0.9308040498610085,0.7416666666666667,4.29777040099998,9112,0.9072844407638601,0.027079371090815152,dynamic_penalty,0.5,2.0
7,20260707,RDHO,0.9047739676846714,0.6297739676846714,0.275,1.8672739676846715,75.657008241764,1.3222687255917591,1.6412519451216934,0.3374180439847163,0.9430999089676104,0.725,4.453083485000207,9112,0.9213235805969272,0.016549612912255762,dynamic_penalty,0.5,2.0
8,20260708,RDHO,0.9587236509883288,0.6503903176549954,0.30833333333333335,2.0378903176549956,70.83445238111764,1.634194755696496,1.9237028805668435,0.3293814188342891,0.9487779555544733,0.6916666666666667,4.52514648999977,9112,0.970872108891347,0.012148457903018217,dynamic_penalty,0.5,2.0
9,20260709,RDHO,1.1405820072480002,0.7739153405813334,0.3666666666666667,2.4239153405813334,131.7909404952712,1.8664736367567347,2.175649959855327,0.27992089665375774,0.9369949098353977,0.6333333333333333,4.178101774999959,9112,1.1708909919718642,0.030308984723864008,dynamic_penalty,0.5,2.0
10,20260710,RDHO,0.9302715985396955,0.6636049318730288,0.2666666666666667,1.863604931873029,81.09410489229037,1.9347974595406274,2.3080260935547505,0.3338744927651593,0.9505147297801073,0.7333333333333333,4.176355326000248,9112,0.9430783489845019,0.012806750444806392,dynamic_penalty,0.5,2.0
11,20260711,RDHO,1.061155287294936,0.6944886206282692,0.3666666666666667,2.3444886206282693,101.04649600003073,1.7515883292500631,2.0635002205671116,0.3133188583748286,0.975072521210034,0.6333333333333333,4.397771858999931,9112,1.0786869506630876,0.017531663368151706,dynamic_penalty,0.5,2.0
12,20260712,RDHO,0.9092786690531841,0.6426120023865174,0.2666666666666667,1.8426120023865176,80.33979748997011,1.7715929366658165,2.155905549271977,0.3429980834048959,0.9546675233368144,0.7333333333333333,4.685615283000061,9112,0.9128419250497449,0.0035632559965608213,dynamic_penalty,0.5,2.0
13,20260713,RDHO,0.8879183489094574,0.5962516822427908,0.29166666666666663,1.9087516822427906,57.65000229101159,1.395333085592916,1.6701270407473252,0.3455432496874963,0.9466801982237902,0.7083333333333334,4.192533618000198,9112,0.8982330004616337,0.010314651552176257,dynamic_penalty,0.5,2.0
14,20260714,RDHO,0.8803967178437792,0.6053967178437791,0.275,1.8428967178437792,66.35492923303079,1.6461686867319092,1.9906070090955565,0.35939719664025377,0.9479486258744261,0.725,4.175913933999709,9112,0.8864218153978765,0.006025097554097303,dynamic_penalty,0.5,2.0
15,20260715,RDHO,0.8867027328732427,0.6367027328732427,0.25,1.7617027328732426,88.44274735057618,1.6461393015395434,2.0004918518384947,0.335545058821274,0.9502934768861909,0.75,4.220847914999922,9112,0.9046896101632123,0.017986877289969505,dynamic_penalty,0.5,2.0
16,20260716,RDHO,0.9249122615164584,0.6499122615164584,0.275,1.8874122615164586,99.37547849400289,1.49799631678891,1.8182030502600774,0.31770089656706535,0.9559097940424058,0.725,4.188087494000229,9112,0.9429631701437675,0.01805090862730907,dynamic_penalty,0.5,2.0
17,20260717,RDHO,0.963660712894456,0.6719940462277894,0.29166666666666663,1.9844940462277891,64.63052906558401,1.8051497507212715,2.1287370392760616,0.32295648619001616,0.9443084204453671,0.7083333333333334,4.225537380000333,9112,0.9664526064481542,0.0027918935536982437,dynamic_penalty,0.5,2.0
18,20260718,RDHO,0.8920358515113997,0.6170358515113997,0.275,1.8545358515113999,91.6346796595531,1.5530722627118594,1.8808731039903446,0.3336332109920612,0.9618691252409705,0.725,4.230877018999763,9112,0.9000728847911245,0.008037033279724715,dynamic_penalty,0.5,2.0
19,20260719,RDHO,0.9232024823453554,0.6398691490120221,0.2833333333333333,1.914869149012022,70.35917579634958,1.6291222330812694,1.9525026996016455,0.3386852701038736,0.9119805875453311,0.7166666666666667,4.496094447999894,9112,0.9412522737781668,0.01804979143281138,dynamic_penalty,0.5,2.0
20,20260720,RDHO,0.8519798631351291,0.6269798631351291,0.22499999999999998,1.639479863135129,107.09749489506055,1.4602497359268818,1.7946727321963476,0.3382529793631216,0.9039797552192839,0.775,4.194949926999925,9112,0.8642857423335049,0.01230587919837578,dynamic_penalty,0.5,2.0
21,20260721,RDHO,0.9281887909040373,0.6531887909040373,0.275,1.8906887909040373,82.59417522936903,1.4486638325570453,1.7823491143449588,0.3363885028802068,0.9608030971883609,0.725,4.20327060200043,9112,0.9588761777431617,0.03068738683912442,dynamic_penalty,0.5,2.0
22,20260722,RDHO,1.014150122325955,0.6974834556592883,0.31666666666666665,2.122483455659288,86.44091156504764,1.7332856656912525,2.0565464291108255,0.29671531480213253,0.9359097788370564,0.6833333333333333,4.442747682999652,9112,1.032146978984863,0.017996856658907934,dynamic_penalty,0.5,2.0
23,20260723,RDHO,1.1319737776323477,0.7319737776323478,0.4,2.5319737776323477,87.96931821528604,1.754179118480781,2.031486500409004,0.2965567243362357,0.9491273446597457,0.6,4.418712864000099,9112,1.1476161944330283,0.01564241680068057,dynamic_penalty,0.5,2.0
24,20260724,RDHO,0.8712830062693224,0.6212830062693224,0.25,1.7462830062693224,88.39656699327415,1.5196514805397858,1.836422933449238,0.35642513446239643,0.9265102910104738,0.75,4.281369602999803,9112,0.8991635912515344,0.02788058498221202,dynamic_penalty,0.5,2.0
25,20260725,RDHO,0.9469804852028098,0.6553138185361431,0.29166666666666663,1.967813818536143,121.28656096817957,1.4941760642553006,1.8024855368579609,0.33670092242831684,0.9488089463962225,0.7083333333333334,4.280636699999832,9112,0.9695378336385725,0.022557348435762736,dynamic_penalty,0.5,2.0
26,20260726,RDHO,0.9823342828174669,0.6906676161508003,0.29166666666666663,2.0031676161508,91.84373735675445,1.4093017997981279,1.6776886985977995,0.32048384022293597,0.9176737911636997,0.7083333333333334,4.509025378999922,9112,1.0067325614304472,0.024398278612980273,dynamic_penalty,0.5,2.0
27,20260727,RDHO,0.9777115566081043,0.7027115566081042,0.275,1.9402115566081042,76.54133151227586,1.7720629519665003,2.125098834549842,0.31599369361034946,0.9096587968024149,0.725,4.6391643629999635,9112,0.990447274080889,0.01273571747278468,dynamic_penalty,0.5,2.0
28,20260728,RDHO,0.9203625717310518,0.6786959050643852,0.2416666666666667,1.7661959050643854,79.20724792334033,1.781757957285425,2.090803190323295,0.3220402568363233,0.9392576018538422,0.7583333333333333,4.359039226000277,9112,0.9523850825229472,0.03202251079189533,dynamic_penalty,0.5,2.0
29,20260729,RDHO,1.0813622534197722,0.7063622534197723,0.375,2.393862253419772,80.75428449027558,1.3076567861850161,1.537930920961333,0.31205960389734333,0.9074654318215872,0.625,4.281248448000042,9112,1.096353651522273,0.01499139810250072,dynamic_penalty,0.5,2.0
30,20260730,RDHO,0.8667076612463055,0.6083743279129722,0.2583333333333333,1.770874327912972,77.43741578789314,1.5415031134557982,1.846238566787965,0.3451810457924732,0.9432153481740276,0.7416666666666667,4.231988705999811,9112,0.8696256964093705,0.0029180351630649914,dynamic_penalty,0.5,2.0
1,20260701,RDHO,1.0293504905000743,0.696017157166741,0.33333333333333337,5.196017157166742,99.56402908508989,1.6478444046650886,1.9557860006973242,0.3232959822022775,0.9449866272628693,0.6666666666666666,4.243447578000087,9112,1.0369822531616086,0.007631762661534314,dynamic_penalty,0.5,3.0
2,20260702,RDHO,1.1345738740521671,0.784573874052167,0.35,5.509573874052167,78.12302645538568,2.0290631848568106,2.3679447094083415,0.3064757162322922,0.8996555898426559,0.65,4.262620740999864,9112,1.14703760147639,0.012463727424222748,dynamic_penalty,0.5,3.0
3,20260703,RDHO,0.8217310382372289,0.5883977049038956,0.23333333333333328,3.7383977049038952,72.21056475064645,1.5350968433142789,1.8925647940700259,0.3495549199010203,0.9408509622807557,0.7666666666666667,4.286747345000094,9112,0.8301204281411156,0.008389389903886713,dynamic_penalty,0.5,3.0
4,20260704,RDHO,0.9694255820349527,0.6610922487016193,0.30833333333333335,4.82359224870162,78.4294712182608,1.6562341774381402,1.9788388417498584,0.3425478801747738,0.920027088209535,0.6916666666666667,4.341232715999922,9112,0.9723124651190614,0.0028868830841087822,dynamic_penalty,0.5,3.0
5,20260705,RDHO,1.03484577388808,0.7265124405547467,0.30833333333333335,4.8890124405547475,110.52104349192703,1.8688404460956771,2.1896434967556373,0.29723659732566937,0.9566037839696558,0.6916666666666667,4.148887849999937,9112,1.05051703424894,0.015671260360859973,dynamic_penalty,0.5,3.0
6,20260706,RDHO,0.8805042495063556,0.6221709161730223,0.2583333333333333,4.109670916173022,86.88245799691784,1.4368392065553828,1.7390550477249616,0.3276699015071043,0.9307581609198082,0.7416666666666667,4.245388076999916,9112,0.8958033457015764,0.01529909619522074,dynamic_penalty,0.5,3.0
7,20260707,RDHO,0.9074318338452608,0.6324318338452608,0.275,4.344931833845261,75.5730540624855,1.3306829478212923,1.6496661673512267,0.3375575278287327,0.9428234948374433,0.725,4.681454588000179,9112,0.92503933706429,0.017607503219029152,dynamic_penalty,0.5,3.0
8,20260708,RDHO,0.9596165227805231,0.6512831894471898,0.30833333333333335,4.81378318944719,70.69251081569668,1.6411769521486868,1.930685077019034,0.32949647286036965,0.9488275108473114,0.6916666666666667,4.381607507999888,9112,0.9688851964805231,0.009268673699999952,dynamic_penalty,0.5,3.0
9,20260709,RDHO,1.1384406737005883,0.7717740070339216,0.3666666666666667,5.721774007033922,132.18042807092928,1.849421415503753,2.158597738602345,0.2798063595847057,0.9368962625370756,0.6333333333333333,4.279000394000377,9112,1.170714830541657,0.03227415684106871,dynamic_penalty,0.5,3.0
10,20260710,RDHO,0.9303918701304411,0.6637252034637744,0.2666666666666667,4.263725203463775,80.96947311555667,1.9300501657176343,2.3032787997317574,0.33373175647991815,0.9505996472062741,0.7333333333333333,4.193411052999636,9112,0.9495009701766598,0.019109100046218686,dynamic_penalty,0.5,3.0
11,20260711,RDHO,1.06024287397292,0.6935762073062534,0.3666666666666667,5.643576207306253,102.80590300582793,1.7477501755894664,2.0596620669065153,0.31337752531056023,0.9749795902260234,0.6333333333333333,4.446572192000076,9112,1.0841312193804338,0.023888345407513834,dynamic_penalty,0.5,3.0
12,20260712,RDHO,0.9075205683808197,0.640853901714153,0.2666666666666667,4.2408539017141536,79.13647703736984,1.769640118716697,2.153952731322858,0.34264548216857027,0.9540587618308771,0.7333333333333333,4.8224281630000405,9112,0.9154379989887004,0.007917430607880638,dynamic_penalty,0.5,3.0
13,20260713,RDHO,0.8865531714505243,0.5948865047838576,0.29166666666666663,4.532386504783857,59.487034798959485,1.3789726651233132,1.6537666202777228,0.34542254940252326,0.9472322629598016,0.7083333333333334,4.255138590000115,9112,0.8927174450247695,0.006164273574245205,dynamic_penalty,0.5,3.0
14,20260714,RDHO,0.8807732315669125,0.6057732315669124,0.275,4.318273231566913,64.33361145423805,1.6578032569039387,2.002241579267586,0.35933713594085204,0.9480133588546519,0.725,4.205988247999812,9112,0.8826713940679438,0.001898162501031364,dynamic_penalty,0.5,3.0
15,20260715,RDHO,0.8797249340834085,0.6380582674167418,0.2416666666666667,3.900558267416742,80.7632639602494,1.7058178232912282,2.06017037359018,0.3353461649364813,0.9503467233152426,0.7583333333333333,4.397552332000032,9112,0.896540656251476,0.016815722168067593,dynamic_penalty,0.5,3.0
16,20260716,RDHO,0.9270447931466183,0.6520447931466182,0.275,4.364544793146619,99.86672953450602,1.504434176640186,1.8246409101113534,0.31789271941412645,0.9560599115198598,0.725,4.290719258000081,9112,0.9409039667752128,0.013859173628594568,dynamic_penalty,0.5,3.0
17,20260717,RDHO,0.9643109895328957,0.6726443228662291,0.29166666666666663,4.610144322866229,65.1615561985231,1.8091561925606263,2.1327434811154165,0.322660910278964,0.944506007650814,0.7083333333333334,4.2750490499997795,9112,0.9734936020748394,0.009182612541943636,dynamic_penalty,0.5,3.0
18,20260718,RDHO,0.8938482504892064,0.6188482504892063,0.275,4.3313482504892065,92.48981016881261,1.5503609578681428,1.8781617991466277,0.33100639363142664,0.9621224902222077,0.725,4.2267785510002795,9112,0.899071119253815,0.005222868764608646,dynamic_penalty,0.5,3.0
19,20260719,RDHO,0.9216813475027738,0.6383480141694404,0.2833333333333333,4.463348014169441,70.79134350598602,1.6244528025644578,1.9478332690848341,0.33854505152415165,0.9115841178882491,0.7166666666666667,4.531857932000094,9112,0.9445607835498072,0.022879436047033463,dynamic_penalty,0.5,3.0
20,20260720,RDHO,0.8527568308064094,0.6277568308064094,0.22499999999999998,3.665256830806409,104.96613392699336,1.4694660785897549,1.803889074859221,0.3382321826038388,0.9037431845267678,0.775,4.271493556000223,9112,0.8684133883913261,0.015656557584916686,dynamic_penalty,0.5,3.0
21,20260721,RDHO,0.9412646219056222,0.6579312885722889,0.2833333333333333,4.4829312885722885,83.09231948218658,1.4612310494064515,1.7949163311943654,0.3333694314357944,0.959967283837372,0.7166666666666667,4.270125315999849,9112,0.9481491705655586,0.006884548659936374,dynamic_penalty,0.5,3.0
22,20260722,RDHO,1.0152321688887973,0.6985655022221307,0.31666666666666665,4.97356550222213,85.94313806645137,1.749999986730181,2.073260750149754,0.29679882559876136,0.9355946791391732,0.6833333333333333,4.771842060999916,9112,1.0398335146460307,0.024601345757233384,dynamic_penalty,0.5,3.0
23,20260723,RDHO,1.1308787088436878,0.7308787088436879,0.4,6.130878708843689,88.0514495311213,1.7476426799165883,2.024950061844811,0.29651637278867105,0.9486396247106179,0.6,4.244772082999589,9112,1.1491380380236866,0.01825932917999884,dynamic_penalty,0.5,3.0
24,20260724,RDHO,0.8722655353542228,0.6305988686875561,0.2416666666666667,3.8930988686875563,80.6319270833509,1.6077639248096935,1.9245353777191458,0.3565000847706238,0.926222345261735,0.7583333333333333,4.407938171000296,9112,0.8845853176410314,0.012319782286808634,dynamic_penalty,0.5,3.0
25,20260725,RDHO,0.9461976114669594,0.6545309448002927,0.29166666666666663,4.5920309448002925,120.67632001470574,1.49474971655416,1.80305918915682,0.336639976916293,0.9484988022661939,0.7083333333333334,4.251735757999995,9112,0.9723533367882313,0.026155725321271972,dynamic_penalty,0.5,3.0
26,20260726,RDHO,0.9846976154516877,0.693030948785021,0.29166666666666663,4.630530948785021,93.64628810749815,1.4046123959612946,1.6729992947609666,0.3209720443059929,0.9172063071928436,0.7083333333333334,4.592730735999794,9112,1.002284805564107,0.01758719011241927,dynamic_penalty,0.5,3.0
27,20260727,RDHO,0.977959771073985,0.702959771073985,0.275,4.415459771073985,76.67138780581433,1.771784976776305,2.1248208593596463,0.31608088637475235,0.9098138384603012,0.725,4.704511777000334,9112,1.019750317762583,0.04179054668859805,dynamic_penalty,0.5,3.0
28,20260728,RDHO,0.9123878549323171,0.6707211882656504,0.2416666666666667,3.9332211882656507,85.13123727210183,1.6887117773124547,1.9977570103503246,0.3222445178062384,0.9396713428019616,0.7583333333333333,4.378015735999725,9112,0.9554212372147459,0.04303338228242881,dynamic_penalty,0.5,3.0
29,20260729,RDHO,1.0810752716672216,0.7144086050005549,0.3666666666666667,5.664408605000555,77.76804212401944,1.3689919586661485,1.599266093442465,0.3113814044196682,0.9083457555898267,0.6333333333333333,4.319503219000126,9112,1.0943359443996614,0.013260672732439804,dynamic_penalty,0.5,3.0
30,20260730,RDHO,0.8663687842719244,0.6080354509385911,0.2583333333333333,4.095535450938591,76.33765370177991,1.547134072438925,1.8518695257710924,0.34510685979128636,0.9429499533579588,0.7416666666666667,4.258104429000014,9112,0.8706188048233235,0.004250020551399114,dynamic_penalty,0.5,3.0
1,20260701,RDHO,1.0284182616002533,0.69508492826692,0.33333333333333337,1.69508492826692,103.06461309460218,1.630254398076593,1.938195994108829,0.3236198592926619,0.945154233065518,0.6666666666666666,4.278855957999895,9112,1.0404316444320858,0.012013382831832509,dynamic_penalty,1.0,1.0
2,20260702,RDHO,1.125972225160095,0.7843055584934283,0.3416666666666667,1.8093055584934281,77.57516555498447,2.039119116994642,2.378000641546173,0.3063175037679648,0.8993990303242332,0.6583333333333333,4.318731952000235,9112,1.1379507738181092,0.011978548658014176,dynamic_penalty,1.0,1.0
3,20260703,RDHO,0.8216327401499396,0.5882994068166063,0.23333333333333328,1.288299406816606,71.60897323021845,1.536875563262646,1.8943435140183928,0.34947782669707605,0.9406017003798122,0.7666666666666667,4.350328238999737,9112,0.8292816014736851,0.007648861323745537,dynamic_penalty,1.0,1.0
4,20260704,RDHO,0.9689459431786078,0.6606126098452745,0.30833333333333335,1.5856126098452745,77.75350558360117,1.6547538289203012,1.9773584932320198,0.3424759304093609,0.9200851371213811,0.6916666666666667,4.424886248999883,9112,0.9738974545003938,0.004951511321785951,dynamic_penalty,1.0,1.0
5,20260705,RDHO,1.032237397933681,0.7239040646003476,0.30833333333333335,1.6489040646003477,113.72722802275374,1.8393056253270046,2.1601086759869648,0.2970418771757057,0.9564509323758862,0.6916666666666667,4.190108362000046,9112,1.0487600084444786,0.01652261051079762,dynamic_penalty,1.0,1.0
6,20260706,RDHO,0.8810390394912055,0.6227057061578722,0.2583333333333333,1.3977057061578722,86.84828157576345,1.4359584760694095,1.7381743172389883,0.3275319328577008,0.930598713296746,0.7416666666666667,4.469605960000081,9112,0.9003738236018997,0.019334784110694114,dynamic_penalty,1.0,1.0
7,20260707,RDHO,0.9044499334027366,0.6294499334027366,0.275,1.4544499334027368,74.45562527445662,1.3271129926065905,1.6460962121365248,0.337299626746557,0.9428574630379462,0.725,4.253862544000185,9112,0.9157367954938632,0.011286862091126615,dynamic_penalty,1.0,1.0
8,20260708,RDHO,0.9566675332835972,0.6566675332835972,0.30000000000000004,1.5566675332835973,66.44524386153115,1.7082949857269267,1.997803110597274,0.3296908415420615,0.9488985754488286,0.7,4.273675211999944,9112,0.9659662927586579,0.009298759475060647,dynamic_penalty,1.0,1.0
9,20260709,RDHO,1.141343685650794,0.7746770189841272,0.3666666666666667,1.8746770189841273,128.0875132795268,1.8804548953253906,2.1896312184239832,0.27968181792874247,0.9366968496354592,0.6333333333333333,4.16447800800006,9112,1.1701644099666129,0.028820724315818946,dynamic_penalty,1.0,1.0
10,20260710,RDHO,0.9330202270143017,0.6580202270143016,0.275,1.4830202270143018,79.88387045846531,1.9302406659946154,2.3034693000087385,0.332799911153245,0.9507072897181199,0.725,4.201562945000205,9112,0.9484793786604574,0.015459151646155744,dynamic_penalty,1.0,1.0
11,20260711,RDHO,1.0602547943423803,0.6935881276757137,0.3666666666666667,1.7935881276757137,101.49150730024166,1.7532197792656425,2.0651316705826916,0.313207107664444,0.9750497615405687,0.6333333333333333,4.520682223999756,9112,1.0867813083081674,0.02652651396578709,dynamic_penalty,1.0,1.0
12,20260712,RDHO,0.9099985857394305,0.6516652524060972,0.2583333333333333,1.4266652524060972,80.9868039299704,1.791374873621739,2.1756874862278996,0.34391824461047643,0.9550007849330516,0.7416666666666667,4.641593590999946,9112,0.920827330822676,0.010828745083245495,dynamic_penalty,1.0,1.0
13,20260713,RDHO,0.8881213769584597,0.5964547102917931,0.29166666666666663,1.471454710291793,59.21975660861645,1.3893536882771984,1.6641476434316076,0.3456809855991745,0.9475649560888866,0.7083333333333334,4.1649200869997,9112,0.8974212418766035,0.00929986491814383,dynamic_penalty,1.0,1.0
14,20260714,RDHO,0.8856537886725838,0.6106537886725838,0.275,1.435653788672584,65.67226101119806,1.6853521892880814,2.0297905116517283,0.3582264655708417,0.9466555297147035,0.725,4.128243230999942,9112,0.8889685662365368,0.003314777563952931,dynamic_penalty,1.0,1.0
15,20260715,RDHO,0.8852520527836047,0.643585386116938,0.2416666666666667,1.3685853861169381,84.40065043339771,1.6924360048117095,2.046788555110661,0.3368406587813605,0.9538009103863043,0.7583333333333333,4.249399983999865,9112,0.9045965064801035,0.01934445369649873,dynamic_penalty,1.0,1.0
16,20260716,RDHO,0.9257688263112841,0.6507688263112841,0.275,1.4757688263112843,97.6353496862094,1.5202467855420092,1.8404535190131763,0.3176749563623257,0.9560439892171123,0.725,4.2264612940002735,9112,0.9373197590389797,0.011550932727695584,dynamic_penalty,1.0,1.0
17,20260717,RDHO,0.961411405178699,0.6697447385120324,0.29166666666666663,1.5447447385120323,65.94289547783258,1.787724210616929,2.111311499171719,0.3227135050270603,0.9443022439944085,0.7083333333333334,4.350970915999824,9112,0.9698038820566335,0.00839247687793443,dynamic_penalty,1.0,1.0
18,20260718,RDHO,0.8947164148805761,0.619716414880576,0.275,1.4447164148805762,90.91321472047647,1.5631671309288533,1.8909679722073385,0.33104324892779596,0.9621661891068254,0.725,4.340177050999955,9112,0.8986442036399611,0.0039277887593850425,dynamic_penalty,1.0,1.0
19,20260719,RDHO,0.9225650395635218,0.6392317062301884,0.2833333333333333,1.4892317062301883,70.62336905818854,1.6252352907170162,1.9486157572373923,0.33866303411037385,0.9126241807215824,0.7166666666666667,4.715208149999853,9112,0.9384821229522564,0.015917083388734654,dynamic_penalty,1.0,1.0
20,20260720,RDHO,0.8533163976532279,0.6283163976532279,0.22499999999999998,1.3033163976532278,104.0077430583153,1.478641301868587,1.8130642981380531,0.33830100012563413,0.9039497981849255,0.775,4.53887176499984,9112,0.8722686376645015,0.018952240011273602,dynamic_penalty,1.0,1.0
21,20260721,RDHO,0.9363636179543092,0.6530302846209759,0.2833333333333333,1.503030284620976,82.14293423419576,1.4524816647784273,1.786166946566341,0.3361544757867406,0.9609463076642444,0.7166666666666667,4.327287522000006,9112,0.9544159043477581,0.018052286393448913,dynamic_penalty,1.0,1.0
22,20260722,RDHO,1.0129078735597992,0.6962412068931325,0.31666666666666665,1.6462412068931325,87.55757096040598,1.7255722752973988,2.048833038716972,0.29679791783056686,0.9354205528211901,0.6833333333333333,4.22889714799976,9112,1.0343482336399425,0.021440360080143384,dynamic_penalty,1.0,1.0
23,20260723,RDHO,1.1316574093560459,0.7316574093560458,0.4,1.931657409356046,88.41328328336925,1.7503068629782,2.027614244906423,0.29652935244267226,0.9489749418185586,0.6,4.217359337999824,9112,1.1398211532195544,0.008163743863508488,dynamic_penalty,1.0,1.0
24,20260724,RDHO,0.8749987414735969,0.6249987414735969,0.25,1.374998741473597,86.63159443196037,1.548026712579218,1.8647981654886698,0.3563464193049818,0.9261950431022832,0.75,4.244588601000032,9112,0.8877958823736946,0.012797140900097648,dynamic_penalty,1.0,1.0
25,20260725,RDHO,0.9454272455113345,0.6537605788446679,0.29166666666666663,1.5287605788446679,118.97049143735543,1.5033957055368172,1.8117051781394777,0.3363483287723721,0.9486066233269426,0.7083333333333334,4.261948063000091,9112,0.9732050786729665,0.02777783316163196,dynamic_penalty,1.0,1.0
26,20260726,RDHO,0.9818905121149308,0.6902238454482642,0.29166666666666663,1.565223845448264,92.4361842460856,1.4080880760106882,1.67647497481036,0.3203774676654422,0.917473261339433,0.7083333333333334,4.624050461000024,9112,1.0020577021801897,0.02016719006525891,dynamic_penalty,1.0,1.0
27,20260727,RDHO,0.9800840127856801,0.7050840127856801,0.275,1.53008401278568,77.06187885202922,1.7717529025333008,2.1247887851166425,0.3164314179187108,0.909952001900377,0.725,4.617694311000378,9112,0.9992391794342554,0.019155166648575306,dynamic_penalty,1.0,1.0
28,20260728,RDHO,0.9189257309001069,0.6772590642334402,0.2416666666666667,1.4022590642334403,78.68877916248908,1.7708296025628065,2.079874835600676,0.32184834221970304,0.9388197940363205,0.7583333333333333,4.329699999999775,9112,0.9503378990167907,0.03141216811668379,dynamic_penalty,1.0,1.0
29,20260729,RDHO,1.0764818600458155,0.7181485267124822,0.3583333333333333,1.793148526712482,73.18606890575519,1.4248823314754335,1.65515646625175,0.31180910427556224,0.9121104264717715,0.6416666666666667,4.2849387709998155,9112,1.0968244710488464,0.02034261100303092,dynamic_penalty,1.0,1.0
30,20260730,RDHO,0.8674677426396005,0.6091344093062672,0.2583333333333333,1.384134409306267,77.9714032257802,1.546121313663892,1.8508567669960592,0.3452113404421115,0.943152429709815,0.7416666666666667,4.266195808000248,9112,0.8708688175297561,0.00340107489015562,dynamic_penalty,1.0,1.0
1,20260701,RDHO,1.0292466225144756,0.7042466225144758,0.32499999999999996,3.6292466225144757,90.68395521460278,1.746810193414035,2.0547517894462715,0.3238580980088558,0.9474708463241983,0.675,4.237325848999717,9112,1.0401930028570867,0.010946380342611084,dynamic_penalty,1.0,2.0
2,20260702,RDHO,1.1270378251240305,0.7853711584573637,0.3416666666666667,3.860371158457364,76.98597090370205,2.0526257338100384,2.3915072583615697,0.30649217741518686,0.8995000889378726,0.6583333333333333,4.232756800000061,9112,1.1458566181813468,0.018818793057316263,dynamic_penalty,1.0,2.0
3,20260703,RDHO,0.8141516422510634,0.5891516422510634,0.22499999999999998,2.6141516422510636,70.57494539636309,1.5388804754514924,1.8963484262072392,0.34941923352622256,0.9403583437452213,0.775,4.2535419920000095,9112,0.8219586153287641,0.00780697307770073,dynamic_penalty,1.0,2.0
4,20260704,RDHO,0.9680597340770317,0.6597264007436984,0.30833333333333335,3.4347264007436986,75.91467263937889,1.666318416102871,1.9889230804145899,0.342199773945449,0.9194791164547826,0.6916666666666667,4.478932325000187,9112,0.9792127949331378,0.011153060856106123,dynamic_penalty,1.0,2.0
5,20260705,RDHO,1.034596178664645,0.7262628453313117,0.30833333333333335,3.501262845331312,112.79788374520734,1.8588360512006425,2.179639101860603,0.2972868132109885,0.9563926193355199,0.6916666666666667,4.478061596999851,9112,1.0502924452036697,0.015696266539024784,dynamic_penalty,1.0,2.0
6,20260706,RDHO,0.8818978841809629,0.6235645508476296,0.2583333333333333,2.9485645508476295,87.58953836809255,1.4340374851821598,1.7362533263517386,0.3288469469385339,0.9315066760861767,0.7416666666666667,4.336896229000104,9112,0.9012691713718569,0.019371287190893982,dynamic_penalty,1.0,2.0
7,20260707,RDHO,0.9060100813665415,0.6310100813665415,0.275,3.1060100813665414,76.54449920230957,1.3215112048669124,1.6404944243968465,0.33756009922242897,0.9435478301323345,0.725,4.24450677599998,9112,0.924485867416221,0.018475786049679477,dynamic_penalty,1.0,2.0
8,20260708,RDHO,0.9580942257064804,0.649760892373147,0.30833333333333335,3.4247608923731474,70.30302565557633,1.6378770960473787,1.927385220917726,0.32933601668270474,0.9485734680280087,0.6916666666666667,4.331929107999713,9112,0.9666953463538772,0.00860112064739682,dynamic_penalty,1.0,2.0
9,20260709,RDHO,1.1357476844033196,0.7690810177366529,0.3666666666666667,4.069081017736654,126.36226228841231,1.8913815448185844,2.2005578679171767,0.2790350042711438,0.9359170935895704,0.6333333333333333,4.190300096000101,9112,1.1627615985775699,0.027013914174250253,dynamic_penalty,1.0,2.0
10,20260710,RDHO,0.9292713645837448,0.6626046979170781,0.2666666666666667,3.0626046979170782,80.39617954663832,1.9312677318989784,2.3044963659131015,0.3336174950359278,0.9508009425216127,0.7333333333333333,4.212609295999755,9112,0.9419685599083769,0.012697195324632093,dynamic_penalty,1.0,2.0
11,20260711,RDHO,1.0594717690976652,0.6928051024309985,0.3666666666666667,3.9928051024309985,102.42970617135668,1.742209094339536,2.054120985656585,0.3132288145906548,0.9750469497357389,0.6333333333333333,4.5434547320001,9112,1.0854675386036097,0.02599576950594451,dynamic_penalty,1.0,2.0
12,20260712,RDHO,0.9072304400768878,0.6488971067435545,0.2583333333333333,2.9738971067435545,80.52091055641567,1.7804187751976541,2.1647313878038146,0.343696956826676,0.9547794993244755,0.7416666666666667,4.637862176999988,9112,0.9139880166091519,0.0067575765322640535,dynamic_penalty,1.0,2.0
13,20260713,RDHO,0.88704906573102,0.5953823990643534,0.29166666666666663,3.220382399064353,58.78438274035955,1.3853097066175342,1.6601036617719438,0.34552897165282515,0.947435954325128,0.7083333333333334,4.206641573999605,9112,0.896528765452393,0.00947969972137297,dynamic_penalty,1.0,2.0
14,20260714,RDHO,0.8847416182452766,0.6097416182452766,0.275,3.0847416182452765,64.53838366601718,1.7005563232910312,2.044994645654678,0.35731557092182753,0.9456725950478034,0.725,4.2170891639998445,9112,0.8908711416570531,0.006129523411776416,dynamic_penalty,1.0,2.0
15,20260715,RDHO,0.8871065757126853,0.6371065757126853,0.25,2.8871065757126853,88.3309600979606,1.6473362723554303,2.0016888226543816,0.3355202383783198,0.9500021573100927,0.75,4.2444101930000215,9112,0.9084116167308123,0.021305041018127024,dynamic_penalty,1.0,2.0
16,20260716,RDHO,0.9268597010711063,0.6518597010711062,0.275,3.1268597010711066,98.85284602454486,1.5152861506461615,1.835492884117329,0.3179140305487191,0.9559453806811805,0.725,4.26464114700002,9112,0.9460870236596145,0.019227322588508233,dynamic_penalty,1.0,2.0
17,20260717,RDHO,0.9692065029534547,0.6692065029534546,0.30000000000000004,3.369206502953455,66.92523622514614,1.7801095052279003,2.10369679378269,0.32260733152478027,0.944232998020342,0.7,4.395536270999855,9112,0.9799236130182404,0.010717110064785706,dynamic_penalty,1.0,2.0
18,20260718,RDHO,0.8964641406850763,0.6214641406850763,0.275,3.096464140685076,89.23656951983581,1.58109486605033,1.9088957073288149,0.3309972989203921,0.961598754425151,0.725,4.306958261000091,9112,0.9045791277316816,0.008114987046605293,dynamic_penalty,1.0,2.0
19,20260719,RDHO,0.9224531882721165,0.6391198549387832,0.2833333333333333,3.189119854938783,70.12566209371849,1.6247273846000994,1.9481078511204752,0.3386757066150904,0.9128449723286961,0.7166666666666667,4.769890620000297,9112,0.9430676009038246,0.020614412631708046,dynamic_penalty,1.0,2.0
20,20260720,RDHO,0.8540366990721076,0.6290366990721076,0.22499999999999998,2.6540366990721074,103.140473696178,1.479772935403322,1.8141959316727878,0.33816815492495456,0.9036381403993103,0.775,4.74780665399976,9112,0.8656841880365821,0.01164748896447454,dynamic_penalty,1.0,2.0
21,20260721,RDHO,0.9425439712768451,0.6592106379435118,0.2833333333333333,3.2092106379435115,84.84339470039492,1.4547982839989317,1.788483565786845,0.333578930342935,0.9598319039692425,0.7166666666666667,4.217169955999907,9112,0.9530860413335315,0.010542070056686392,dynamic_penalty,1.0,2.0
22,20260722,RDHO,1.0143624945718122,0.6976958279051455,0.31666666666666665,3.5476958279051454,86.66380374837232,1.734585772888711,2.057846536308284,0.29686982274590484,0.9357380030464708,0.6833333333333333,4.252748262000296,9112,1.031241630286695,0.016879135714882754,dynamic_penalty,1.0,2.0
23,20260723,RDHO,1.129260612499071,0.7292606124990708,0.4,4.329260612499071,88.21960473512782,1.7351783404121899,2.0124857223404127,0.29636967107435463,0.9485098953466173,0.6,4.236818345999836,9112,1.1491304608783834,0.019869848379312494,dynamic_penalty,1.0,2.0
24,20260724,RDHO,0.8734252403646551,0.6317585736979884,0.2416666666666667,2.8067585736979885,81.69180263669732,1.6107611491166438,1.9275326020260963,0.35664014814089473,0.9267085004034796,0.7583333333333333,4.3161632010001085,9112,0.8844792358436403,0.011053995478985223,dynamic_penalty,1.0,2.0
25,20260725,RDHO,0.9529166705391521,0.6612500038724854,0.29166666666666663,3.286250003872485,119.33350023434153,1.5152782674144443,1.8235877400171048,0.33569563985547257,0.9480038918441185,0.7083333333333334,4.47977033899997,9112,0.9771326466650678,0.02421597612591575,dynamic_penalty,1.0,2.0
26,20260726,RDHO,0.9828400394008449,0.6911733727341782,0.29166666666666663,3.316173372734178,93.86464715296471,1.3987848838687147,1.6671717826683867,0.32067971380253224,0.917200099247425,0.7083333333333334,5.336878147999869,9112,0.9996848265077255,0.016844787106880643,dynamic_penalty,1.0,2.0
27,20260727,RDHO,0.9690831019389654,0.7024164352722987,0.2666666666666667,3.102416435272299,76.3195051772451,1.7738326938921296,2.1268685764754713,0.315993291479049,0.9097295473957804,0.7333333333333333,4.9153365269999085,9112,0.9830353853046092,0.013952283365643803,dynamic_penalty,1.0,2.0
28,20260728,RDHO,0.9213747456917878,0.6797080790251211,0.2416666666666667,2.854708079025121,76.97929092077918,1.7825327699043796,2.09157800294225,0.3222243435197588,0.9393751988930664,0.7583333333333333,4.499626516000262,9112,0.9339761742346215,0.012601428542833748,dynamic_penalty,1.0,2.0
29,20260729,RDHO,1.080353930656674,0.7220205973233409,0.3583333333333333,3.9470205973233403,74.61135123685297,1.398345787430977,1.6286199222072937,0.3139692539913813,0.910818855637689,0.6416666666666667,4.212485198000195,9112,1.100614836120984,0.02026090546430992,dynamic_penalty,1.0,2.0
30,20260730,RDHO,0.8691901409720484,0.6108568076387151,0.2583333333333333,2.935856807638715,79.92545247737684,1.5496715096945635,1.8544069630267308,0.34530810140011325,0.9435257732237674,0.7416666666666667,4.7035423239999545,9112,0.8789838901031941,0.009793749131145724,dynamic_penalty,1.0,2.0
1,20260701,RDHO,1.0295825341690348,0.6962492008357015,0.33333333333333337,9.696249200835704,104.84189505563312,1.6265397274360283,1.934481323468264,0.32329846695835657,0.9449513014287715,0.6666666666666666,4.489646757000173,9112,1.0519759263066735,0.02239339213763869,dynamic_penalty,1.0,3.0
2,20260702,RDHO,1.127622879874744,0.7859562132080774,0.3416666666666667,10.010956213208077,77.27331173548471,2.052890765915758,2.3917722904672893,0.30657472806181396,0.8995734872618786,0.6583333333333333,4.226155583000036,9112,1.1439012535256023,0.01627837365085827,dynamic_penalty,1.0,3.0
3,20260703,RDHO,0.8208797474977326,0.5875464141643993,0.23333333333333328,6.887546414164398,72.34106130881125,1.5248460125965981,1.882313963352345,0.34937926003082687,0.940499456944682,0.7666666666666667,4.764878887000123,9112,0.8296884975741694,0.008808750076436778,dynamic_penalty,1.0,3.0
4,20260704,RDHO,0.9667058116043015,0.6583724782709681,0.30833333333333335,8.983372478270969,77.82694448184182,1.6542748900401119,1.9768795543518305,0.34205329528049944,0.9196424666246729,0.6916666666666667,4.32298022499981,9112,0.980280616181972,0.013574804577670574,dynamic_penalty,1.0,3.0
5,20260705,RDHO,1.0341522669317391,0.7258189335984057,0.30833333333333335,9.050818933598407,112.90241690425235,1.8524260439127567,2.1732290945727164,0.29732338346916504,0.9563993719104648,0.6916666666666667,4.202723357000195,9112,1.0460561493426652,0.011903882410926103,dynamic_penalty,1.0,3.0
6,20260706,RDHO,0.8809275086160011,0.6225941752826678,0.2583333333333333,7.5975941752826675,86.69620362379962,1.433621269250256,1.7358371104198345,0.3276080710195851,0.9306820150256642,0.7416666666666667,4.296608639999704,9112,0.9067073881056026,0.025779879489601476,dynamic_penalty,1.0,3.0
7,20260707,RDHO,0.9057134133545452,0.6307134133545452,0.275,8.055713413354546,73.50475170144732,1.344388519556669,1.6633717390866032,0.337370095336269,0.9429816625731365,0.725,4.217490010999882,9112,0.9125113609924772,0.006797947637931956,dynamic_penalty,1.0,3.0
8,20260708,RDHO,0.9567632616358376,0.6484299283025042,0.30833333333333335,8.973429928302505,71.16659967259366,1.6217480080337736,1.9112561329041213,0.3293847543130406,0.9487073543851817,0.6916666666666667,4.308732631000112,9112,0.9606884776006224,0.0039252159647847895,dynamic_penalty,1.0,3.0
9,20260709,RDHO,1.138573016530294,0.7719063498636274,0.3666666666666667,10.671906349863628,133.5087821170175,1.8368354853784907,2.146011808477083,0.2797378261379523,0.9365945968398857,0.6333333333333333,4.213807187999919,9112,1.1569037792512415,0.01833076272094747,dynamic_penalty,1.0,3.0
10,20260710,RDHO,0.9397589695093262,0.6564256361759929,0.2833333333333333,8.306425636175993,80.87893184689378,1.9158596076585135,2.2890882416726366,0.3328001535174014,0.950783370186072,0.7166666666666667,4.322099137999885,9112,0.9534457296712858,0.013686760161959577,dynamic_penalty,1.0,3.0
11,20260711,RDHO,1.060412986108116,0.6937463194414493,0.3666666666666667,10.59374631944145,100.6038166494,1.757743396109198,2.0696552874262464,0.3131099037582385,0.9748972474926215,0.6333333333333333,5.308783143000255,9112,1.0788555763887073,0.018442590280591364,dynamic_penalty,1.0,3.0
12,20260712,RDHO,0.9089981196009462,0.6506647862676129,0.2583333333333333,7.625664786267612,81.5139023866777,1.785501501623505,2.1698141142296663,0.3439775818972555,0.9550901921183543,0.7416666666666667,4.316318745999979,9112,0.9179126190824946,0.008914499481548321,dynamic_penalty,1.0,3.0
13,20260713,RDHO,0.8888379131595475,0.5971712464928809,0.29166666666666663,8.47217124649288,58.30279652266839,1.394759767733564,1.6695537228879733,0.3455182505229685,0.9473580654414783,0.7083333333333334,4.716913065999961,9112,0.8973879187976229,0.008550005638075397,dynamic_penalty,1.0,3.0
14,20260714,RDHO,0.8804212746534107,0.6054212746534107,0.275,8.030421274653412,65.54297161321936,1.654208541525481,1.9986468638891282,0.3593110236562748,0.9475788406789915,0.725,4.225134734999756,9112,0.8828208338887846,0.002399559235373938,dynamic_penalty,1.0,3.0
15,20260715,RDHO,0.8869328074851416,0.6369328074851416,0.25,7.386932807485142,89.98729578336606,1.6387767796695492,1.993129329968501,0.3355973721539233,0.9500976273436139,0.75,4.450514703000408,9112,0.903472272510084,0.016539465024942412,dynamic_penalty,1.0,3.0
16,20260716,RDHO,0.9262784069899861,0.6512784069899861,0.275,8.076278406989987,98.39346574364777,1.5168631571913527,1.83706989066252,0.31765285203887705,0.955945800196551,0.725,5.5637204310000925,9112,0.9441574723329876,0.017879065343001543,dynamic_penalty,1.0,3.0
17,20260717,RDHO,0.9710417857539495,0.6710417857539495,0.30000000000000004,8.771041785753951,66.20779568587783,1.7944799276025762,2.1180672161573657,0.32280900224291675,0.9443406896678266,0.7,4.587411966999753,9112,0.9747987885097247,0.003757002755775174,dynamic_penalty,1.0,3.0
18,20260718,RDHO,0.8951844018707276,0.6201844018707275,0.275,8.045184401870728,92.23370528005395,1.5533367501534217,1.8811375914319064,0.3310746586212256,0.9618924231769949,0.725,4.732655269000134,9112,0.9010203123600712,0.005835910489343621,dynamic_penalty,1.0,3.0
19,20260719,RDHO,0.9244487065497056,0.6411153732163722,0.2833333333333333,8.291115373216371,71.17565676921507,1.6274521318586022,1.950832598378978,0.33894071339833143,0.9136547734261078,0.7166666666666667,4.331041478000316,9112,0.9531921496525878,0.028743443102882238,dynamic_penalty,1.0,3.0
20,20260720,RDHO,0.8528843069250989,0.6278843069250989,0.22499999999999998,6.702884306925098,104.32578700700952,1.4761694026237973,1.810592398893263,0.3383456091305336,0.903960748997047,0.775,4.55684873600012,9112,0.8803931388205911,0.027508831895492247,dynamic_penalty,1.0,3.0
21,20260721,RDHO,0.9406851538373263,0.657351820503993,0.2833333333333333,8.307351820503992,84.02920490235744,1.4548226765582635,1.7885079583461774,0.3334415014400946,0.959801265430686,0.7166666666666667,4.230286388999957,9112,0.954247465264537,0.01356231142721065,dynamic_penalty,1.0,3.0
22,20260722,RDHO,1.0146713184469311,0.6980046517802645,0.31666666666666665,9.248004651780263,86.67775314341098,1.7392870907808848,2.062547854200458,0.2967684592851759,0.9356318966005007,0.6833333333333333,4.259878584000035,9112,1.0472429535935557,0.032571635146624534,dynamic_penalty,1.0,3.0
23,20260723,RDHO,1.129377030168516,0.7293770301685158,0.4,11.529377030168517,86.02385232881112,1.739877426010978,2.017184807939201,0.2963387227157492,0.9484522253985572,0.6,4.44819293799992,9112,1.1501200883409501,0.02074305817243416,dynamic_penalty,1.0,3.0
24,20260724,RDHO,0.8613966788713397,0.6280633455380065,0.23333333333333328,6.928063345538005,82.2994189622809,1.574578014490969,1.891349467400421,0.35669249436528905,0.9263751318753694,0.7666666666666667,4.314800611999999,9112,0.8759614428133299,0.014564763941990133,dynamic_penalty,1.0,3.0
25,20260725,RDHO,0.945204006539008,0.6535373398723414,0.29166666666666663,8.52853733987234,120.78794608631128,1.4934460332966129,1.8017555058992731,0.3366577992942957,0.948329445718091,0.7083333333333334,5.06096362199969,9112,0.967873413425659,0.022669406886650978,dynamic_penalty,1.0,3.0
26,20260726,RDHO,0.9816455874857307,0.6899789208190641,0.29166666666666663,8.564978920819064,91.58511906319654,1.412435611606067,1.6808225104057393,0.3202193073301817,0.9173249470702185,0.7083333333333334,4.3205589879999025,9112,1.0021041791762988,0.020458591690568073,dynamic_penalty,1.0,3.0
27,20260727,RDHO,0.9787685240117393,0.7037685240117393,0.275,8.12876852401174,76.76096123155884,1.773934210213272,2.126970092796614,0.3161236715521304,0.9089758840945735,0.725,4.284259715000189,9112,0.9931869811667676,0.01441845715502832,dynamic_penalty,1.0,3.0
28,20260728,RDHO,0.9137402419795928,0.6720735753129261,0.2416666666666667,7.197073575312927,85.41643352127531,1.6912491660415179,2.000294399079388,0.32227827474204274,0.9393835503296005,0.7583333333333333,4.278266458999951,9112,0.9340465544822621,0.020306312502669344,dynamic_penalty,1.0,3.0
29,20260729,RDHO,1.078636649096775,0.7119699824301081,0.3666666666666667,10.611969982430109,79.29688951775991,1.3543045077901172,1.5845786425664339,0.3129608159942743,0.9088908211568341,0.6333333333333333,4.702411037999809,9112,1.0926387741908248,0.014002125094049855,dynamic_penalty,1.0,3.0
30,20260730,RDHO,0.8670288166915929,0.6086954833582596,0.2583333333333333,7.583695483358259,79.93916836600604,1.534400954269969,1.8391364076021361,0.3453555018859599,0.9436110153864357,0.7416666666666667,4.2390176979997705,9112,0.8699156210438823,0.002886804352289385,dynamic_penalty,1.0,3.0
1,20260701,RDHO,1.0286911956813625,0.695357862348029,0.33333333333333337,2.695357862348029,99.12336629011665,1.652928685314508,1.9608702813467438,0.32292407153497066,0.944854115546933,0.6666666666666666,4.362571837999894,9112,1.0458829223769532,0.01719172669559077,dynamic_penalty,2.0,1.0
2,20260702,RDHO,1.1261137949952937,0.784447128328627,0.3416666666666667,2.8344471283286268,78.3252840676561,2.037270950214519,2.3761524747660503,0.3063445076049102,0.8991989488322238,0.6583333333333333,4.26180709800019,9112,1.1486536767373288,0.02253988174203503,dynamic_penalty,2.0,1.0
3,20260703,RDHO,0.8212337672839372,0.5879004339506039,0.23333333333333328,1.9879004339506037,71.5314161822473,1.5334129019371143,1.8908808526928618,0.34940662448973175,0.9405310712719728,0.7666666666666667,4.817434558000059,9112,0.828804631266437,0.0075708639824998425,dynamic_penalty,2.0,1.0
4,20260704,RDHO,0.9681326802963843,0.659799346963051,0.30833333333333335,2.5097993469630513,76.31751628734669,1.6656489792616263,1.9882536435733453,0.34235498020061217,0.9200433028373078,0.6916666666666667,4.583534848999989,9112,0.9750852153342818,0.0069525350378975,dynamic_penalty,2.0,1.0
5,20260705,RDHO,1.0320284606416634,0.7236951273083302,0.30833333333333335,2.5736951273083304,111.1897463873774,1.851714121452782,2.1725171721127423,0.2969570668038536,0.956605103160418,0.6916666666666667,4.168889096999919,9112,1.0425770987801908,0.010548638138527355,dynamic_penalty,2.0,1.0
6,20260706,RDHO,0.8803582256620086,0.6220248923286753,0.2583333333333333,2.1720248923286753,88.51379704245022,1.4324647679826361,1.7346806091522147,0.3276195927004906,0.9309129368019298,0.7416666666666667,4.240986320000047,9112,0.8999962656193624,0.019638039957353803,dynamic_penalty,2.0,1.0
7,20260707,RDHO,0.9086642131357541,0.633664213135754,0.275,2.2836642131357543,75.86966328153783,1.3316671818504604,1.6506504013803949,0.33784090218478113,0.9434167715480681,0.725,4.704844728999888,9112,0.9264935768089968,0.017829363673242726,dynamic_penalty,2.0,1.0
8,20260708,RDHO,0.9574230498674642,0.6490897165341308,0.30833333333333335,2.499089716534131,70.99494933577603,1.6274544312031622,1.9169625560735093,0.3294302434248558,0.9486909444224302,0.6916666666666667,4.539055424000253,9112,0.9612434031583246,0.00382035329086039,dynamic_penalty,2.0,1.0
9,20260709,RDHO,1.1396458477941596,0.7729791811274929,0.3666666666666667,2.972979181127493,129.60926256362518,1.8687184585898067,2.177894781688399,0.2796540059487131,0.9366347876613589,0.6333333333333333,4.578553558000294,9112,1.1696561399776253,0.030010292183465737,dynamic_penalty,2.0,1.0
10,20260710,RDHO,0.9368794801682405,0.6618794801682405,0.275,2.3118794801682405,79.52527080006068,1.9297886050163942,2.3030172390305177,0.3335475901531777,0.9503758543216225,0.725,4.611598238999704,9112,0.9449672397315997,0.008087759563359165,dynamic_penalty,2.0,1.0
11,20260711,RDHO,1.0571436802979801,0.6904770136313134,0.3666666666666667,2.8904770136313136,99.77007184027609,1.746975712732548,2.058887604049597,0.3129668657884429,0.9749218238007099,0.6333333333333333,5.704036174000066,9112,1.0799568208249313,0.02281314052695116,dynamic_penalty,2.0,1.0
12,20260712,RDHO,0.9091266332500003,0.650793299916667,0.2583333333333333,2.2007932999166666,80.30066096532316,1.7872891146081447,2.1716017272143056,0.34380297261441023,0.9547638783376797,0.7416666666666667,4.31394937999994,9112,0.9202264882835948,0.011099855033594452,dynamic_penalty,2.0,1.0
13,20260713,RDHO,0.8900423785837187,0.5983757119170521,0.29166666666666663,2.348375711917052,58.115162902624434,1.400159317861953,1.6749532730163623,0.3458687932100516,0.946094100467954,0.7083333333333334,4.456970674999866,9112,0.9089974992954455,0.01895512071172678,dynamic_penalty,2.0,1.0
14,20260714,RDHO,0.8808905839910657,0.6058905839910657,0.275,2.2558905839910657,65.54240904986989,1.65444424862849,1.9988825709921376,0.35934343157132304,0.9480300051544249,0.725,4.431127554999875,9112,0.8825725027686281,0.0016819187775624078,dynamic_penalty,2.0,1.0
15,20260715,RDHO,0.8821727853892374,0.6405061187225707,0.2416666666666667,2.090506118722571,85.89767994368933,1.6849661842530395,2.039318734551991,0.33591108998925884,0.9514508867018349,0.7583333333333333,4.569693486999768,9112,0.9115265335851929,0.029353748195955487,dynamic_penalty,2.0,1.0
16,20260716,RDHO,0.9259218943489834,0.6509218943489834,0.275,2.3009218943489835,99.8815452678509,1.5105444209241337,1.8307511543953012,0.31787674931328475,0.956082563480763,0.725,4.434989000999849,9112,0.9410143517293171,0.015092457380333713,dynamic_penalty,2.0,1.0
17,20260717,RDHO,0.963334585359055,0.6716679186923884,0.29166666666666663,2.421667918692388,64.27962844863313,1.8082215510741562,2.131808839628946,0.32292197648531007,0.9443906903200239,0.7083333333333334,4.51795188899996,9112,0.9734620518128786,0.010127466453823564,dynamic_penalty,2.0,1.0
18,20260718,RDHO,0.8939399988790077,0.6189399988790076,0.275,2.2689399988790075,91.6357058284389,1.5548255280078023,1.8826263692862875,0.3308148190388541,0.9615601716013614,0.725,4.226920678999704,9112,0.9000209987420222,0.00608099986301458,dynamic_penalty,2.0,1.0
19,20260719,RDHO,0.9243806473522874,0.6410473140189541,0.2833333333333333,2.341047314018954,71.95304392744995,1.6222524538822622,1.9456329204026381,0.3390224446330994,0.913810784788086,0.7166666666666667,4.24567634899995,9112,0.9391160191846528,0.014735371832365396,dynamic_penalty,2.0,1.0
20,20260720,RDHO,0.8546172825117423,0.6296172825117423,0.22499999999999998,1.9796172825117422,105.71839632469147,1.4729976140769487,1.8074206103464145,0.33848150590328496,0.9038106681814017,0.775,4.277997255000173,9112,0.8658240043550028,0.011206721843260548,dynamic_penalty,2.0,1.0
21,20260721,RDHO,0.9279314256331833,0.6529314256331833,0.275,2.3029314256331834,83.06246750885639,1.4484025422541873,1.782087824042101,0.33648913825534466,0.9608077912360722,0.725,4.218065105999813,9112,0.9546706389639945,0.026739213330811196,dynamic_penalty,2.0,1.0
22,20260722,RDHO,1.014737379602814,0.6980707129361474,0.31666666666666665,2.5980707129361473,85.9584095282271,1.7403919254120521,2.063652688831625,0.29668153504233297,0.9357642370440795,0.6833333333333333,4.314157528000123,9112,1.030172396346449,0.01543501674363501,dynamic_penalty,2.0,1.0
23,20260723,RDHO,1.1292701066066972,0.7292701066066971,0.4,3.1292701066066977,90.08447824315174,1.7178301870520722,1.9951375689802955,0.29656963252524937,0.9492969131092959,0.6,4.511663719999888,9112,1.138442910595319,0.009172803988621858,dynamic_penalty,2.0,1.0
24,20260724,RDHO,0.8695838200875099,0.6279171534208432,0.2416666666666667,2.0779171534208434,81.93944867956358,1.5763156873819835,1.8930871402914355,0.356523196828585,0.9262890681865039,0.7583333333333333,5.118016950999845,9112,0.8806997870146789,0.011115966927168985,dynamic_penalty,2.0,1.0
25,20260725,RDHO,0.9469277569473951,0.6552610902807284,0.29166666666666663,2.405261090280728,120.43156641351062,1.50370146060804,1.8120109332107006,0.33647524231216275,0.949279010727092,0.7083333333333334,4.396944680999695,9112,0.9620179660848895,0.015090209137494481,dynamic_penalty,2.0,1.0
26,20260726,RDHO,0.9814958001538646,0.689829133487198,0.29166666666666663,2.4398291334871978,90.86492844549313,1.4122608645266148,1.6806477633262866,0.3203410026490575,0.9172661143499528,0.7083333333333334,4.274472158000208,9112,0.9960452361569925,0.014549436003127858,dynamic_penalty,2.0,1.0
27,20260727,RDHO,0.9721685303993794,0.7055018637327127,0.2666666666666667,2.305501863732713,76.32769572753406,1.7773712054722366,2.130407088055578,0.3163675302047671,0.9100992279381025,0.7333333333333333,4.517402388999926,9112,0.9975964357075563,0.025427905308176846,dynamic_penalty,2.0,1.0
28,20260728,RDHO,0.9115170418878775,0.6698503752212108,0.2416666666666667,2.119850375221211,85.23399408007842,1.6808482976701136,1.989893530707984,0.32226462960479973,0.9392129606199171,0.7583333333333333,4.286261960999582,9112,0.930721678137563,0.01920463624968549,dynamic_penalty,2.0,1.0
29,20260729,RDHO,1.0804838900125993,0.7054838900125993,0.375,2.9554838900125993,81.46819805263453,1.303928214112858,1.5342023488891747,0.31212710018770023,0.907465220119762,0.625,4.492278754999916,9112,1.1035467339922977,0.02306284397969849,dynamic_penalty,2.0,1.0
30,20260730,RDHO,0.8673855643142612,0.6090522309809279,0.2583333333333333,2.1590522309809277,78.39715065461012,1.5442439294171255,1.8489793827492924,0.34527010205291925,0.943463149173354,0.7416666666666667,4.183369008999762,9112,0.8696053144441577,0.0022197501298965028,dynamic_penalty,2.0,1.0
1,20260701,RDHO,1.030323424205282,0.6969900908719485,0.33333333333333337,6.6969900908719495,99.4093355930588,1.6559623249217759,1.9639039209540115,0.3230844931613306,0.9448613362172135,0.6666666666666666,4.258061155999712,9112,1.0397381741158722,0.009414749910590325,dynamic_penalty,2.0,2.0
2,20260702,RDHO,1.1263506539650647,0.7846839872983982,0.3416666666666667,6.934683987298398,77.95386502759004,2.036261260781867,2.3751427853333977,0.3064587075983622,0.899541797224295,0.6583333333333333,4.386534772000232,9112,1.1475787012308412,0.02122804726577643,dynamic_penalty,2.0,2.0
3,20260703,RDHO,0.8139425385210143,0.5889425385210143,0.22499999999999998,4.638942538521015,70.94583645813861,1.5367098251391318,1.8941777758948788,0.3494038300274439,0.9405055005486701,0.775,4.491442172999996,9112,0.8208367935800394,0.006894255059025078,dynamic_penalty,2.0,2.0
4,20260704,RDHO,0.9678126642806711,0.6594793309473378,0.30833333333333335,6.209479330947339,78.61280634347602,1.6530770720635268,1.9756817363752457,0.34226451624641274,0.91984245891737,0.6916666666666667,4.4046757230003095,9112,0.9727058547143507,0.0048931904336795284,dynamic_penalty,2.0,2.0
5,20260705,RDHO,1.032145665909233,0.7321456659092329,0.30000000000000004,6.132145665909233,108.55813317173497,1.9292935798093531,2.2500966304693137,0.2975292320022135,0.9573150149000562,0.7,4.158482533000097,9112,1.0458677142221617,0.01372204831292878,dynamic_penalty,2.0,2.0
6,20260706,RDHO,0.8806878084390701,0.6223544751057368,0.2583333333333333,5.272354475105736,86.28385662135685,1.437598724164832,1.7398145653344108,0.3274132758091811,0.930580118972102,0.7416666666666667,4.26021764799998,9112,0.8991886558784279,0.01850084743935776,dynamic_penalty,2.0,2.0
7,20260707,RDHO,0.9072318171214988,0.6322318171214988,0.275,5.582231817121499,74.47431184742342,1.3447669752720448,1.6637501948019793,0.3374549547629879,0.9432622167718053,0.725,4.482633286000237,9112,0.9202281435725778,0.012996326451078954,dynamic_penalty,2.0,2.0
8,20260708,RDHO,0.9582028997197981,0.6498695663864648,0.30833333333333335,6.199869566386465,69.77215000832742,1.6410161942075105,1.930524319077858,0.32928732034559854,0.9486216875640171,0.6916666666666667,4.249051437000162,9112,0.9740983579233283,0.01589545820353022,dynamic_penalty,2.0,2.0
9,20260709,RDHO,1.139525494007345,0.7728588273406782,0.3666666666666667,7.3728588273406785,124.95622017543393,1.901358315865351,2.2105346389639435,0.27955716736467184,0.9364444313431204,0.6333333333333333,4.742187653000201,9112,1.1650777939476642,0.025552299940319267,dynamic_penalty,2.0,2.0
10,20260710,RDHO,0.932394960092996,0.6657282934263293,0.2666666666666667,5.46572829342633,79.78420521775658,1.9377135223002426,2.310942156314366,0.33390362575403154,0.9506764384274998,0.7333333333333333,4.694313777999923,9112,0.9460128961009121,0.013617936007916054,dynamic_penalty,2.0,2.0
11,20260711,RDHO,1.0596251142958657,0.692958447629199,0.3666666666666667,7.2929584476292,100.82015218943744,1.7499491974030748,2.0618610887201236,0.3131478994070501,0.9750678403841464,0.6333333333333333,4.237918090000221,9112,1.0946117718397081,0.03498665754384245,dynamic_penalty,2.0,2.0
12,20260712,RDHO,0.9067986457732421,0.6484653124399088,0.2583333333333333,5.298465312439908,77.93749696997622,1.794512406559371,2.1788250191655316,0.3434744711892702,0.9542074171409798,0.7416666666666667,4.273620500999641,9112,0.9133098480522541,0.006511202279012029,dynamic_penalty,2.0,2.0
13,20260713,RDHO,0.8884638776891721,0.5967972110225055,0.29166666666666663,5.846797211022505,58.9634500580536,1.3862742490017248,1.661068204156134,0.34558263640848097,0.9473135341555287,0.7083333333333334,4.4069214680002915,9112,0.8972492715848587,0.008785393895686555,dynamic_penalty,2.0,2.0
14,20260714,RDHO,0.8803666132104292,0.6053666132104292,0.275,5.555366613210429,64.17124695948436,1.6604962665036218,2.004934588867269,0.3593260501911025,0.9478788222365707,0.725,4.1547606399999495,9112,0.8840305857981301,0.0036639725877009033,dynamic_penalty,2.0,2.0
15,20260715,RDHO,0.8876175534933127,0.6376175534933127,0.25,5.137617553493313,84.0657514327747,1.6659394943950854,2.0202920446940373,0.3353666311993647,0.9499973979690238,0.75,4.345297896999909,9112,0.9044425151932464,0.016824961699933638,dynamic_penalty,2.0,2.0
16,20260716,RDHO,0.9270919102129083,0.6520919102129082,0.275,5.602091910212908,102.06387379275782,1.492197419438402,1.8124041529095698,0.3180830685980518,0.9559889854505949,0.725,4.360710547000053,9112,0.9371508052193983,0.010058895006490043,dynamic_penalty,2.0,2.0
17,20260717,RDHO,0.97079277077501,0.67079277077501,0.30000000000000004,6.07079277077501,67.20617303777794,1.7849711723640347,2.1085584609188244,0.3225652415118379,0.9443430797146993,0.7,4.588615804000256,9112,0.9761106595840123,0.005317888809002302,dynamic_penalty,2.0,2.0
18,20260718,RDHO,0.8949518705878975,0.6199518705878975,0.275,5.569951870587897,90.5952372962624,1.562941005830143,1.8907418471086281,0.3309956547718861,0.9616919505961362,0.725,4.2324479979997705,9112,0.8973938984354658,0.0024420278475683066,dynamic_penalty,2.0,2.0
19,20260719,RDHO,0.9238144545275903,0.6404811211942569,0.2833333333333333,5.740481121194256,72.56478841412044,1.6221302987114101,1.9455107652317856,0.3389927431076866,0.9140655141160039,0.7166666666666667,4.261030080999717,9112,0.9346788660966323,0.010864411569042054,dynamic_penalty,2.0,2.0
20,20260720,RDHO,0.8536385127181242,0.6286385127181242,0.22499999999999998,4.678638512718124,105.12436125304143,1.469563643751706,1.8039866400211717,0.338328536624943,0.9038424175570202,0.775,4.548717586999828,9112,0.8643063202542396,0.010667807536115403,dynamic_penalty,2.0,2.0
21,20260721,RDHO,0.9362878267160203,0.652954493382687,0.2833333333333333,5.752954493382687,83.66198559893179,1.438745155859472,1.7724304376473856,0.3364547304911479,0.9607557135306695,0.7166666666666667,4.18600804100015,9112,0.9571597120585132,0.020871885342492957,dynamic_penalty,2.0,2.0
22,20260722,RDHO,1.0062809320293629,0.6979475986960296,0.30833333333333335,6.2479475986960304,86.20039919372806,1.741797642063024,2.065058405482597,0.29676261653820085,0.9356707976815595,0.6916666666666667,4.351024625000264,9112,1.016508877957785,0.010227945928422244,dynamic_penalty,2.0,2.0
23,20260723,RDHO,1.1275283804378466,0.7441950471045133,0.3833333333333333,7.644195047104513,86.5528921547258,1.8260761283789377,2.103383510307161,0.2944533168572777,0.9498134303031394,0.6166666666666667,4.47429145399974,9112,1.1402205341347509,0.01269215369690424,dynamic_penalty,2.0,2.0
24,20260724,RDHO,0.8673859943751185,0.6257193277084518,0.2416666666666667,4.975719327708452,81.95377171271994,1.5711390782048567,1.887910531114309,0.3563927609448429,0.9260033431079477,0.7583333333333333,4.819129553000039,9112,0.8782976260204468,0.010911631645328268,dynamic_penalty,2.0,2.0
25,20260725,RDHO,0.9459929758087532,0.6543263091420866,0.29166666666666663,5.9043263091420854,117.89374718771342,1.5156768236434892,1.8239862962461497,0.3362409641464899,0.9489021945199501,0.7083333333333334,4.66605751599991,9112,0.9649827592949951,0.018989783486241918,dynamic_penalty,2.0,2.0
26,20260726,RDHO,0.9815134434844007,0.6898467768177341,0.29166666666666663,5.939846776817733,91.97930059724467,1.4042938421056192,1.6726807409052913,0.3203664664845106,0.9173727524812059,0.7083333333333334,4.377135778000138,9112,1.004303290826658,0.022789847342257308,dynamic_penalty,2.0,2.0
27,20260727,RDHO,0.9787628425273759,0.7037628425273759,0.275,5.653762842527376,75.78034384642487,1.7857189926010086,2.1387548751843504,0.316051172481026,0.9098313629581869,0.725,4.6984251710000535,9112,1.0075571169061452,0.028794274378769358,dynamic_penalty,2.0,2.0
28,20260728,RDHO,0.9219008792072371,0.6802342125405704,0.2416666666666667,5.030234212540571,76.87214189088758,1.7881673263515219,2.0972125593893916,0.32230271156603546,0.9391022387422946,0.7583333333333333,4.322042596999836,9112,0.94195808547083,0.020057206263592975,dynamic_penalty,2.0,2.0
29,20260729,RDHO,1.0777256351310602,0.7193923017977268,0.3583333333333333,7.169392301797727,76.38828204409386,1.3785182117103774,1.608792346486694,0.31409611952129685,0.9117423434582347,0.6416666666666667,4.26436845399985,9112,1.0969306081726016,0.01920497304154134,dynamic_penalty,2.0,2.0
30,20260730,RDHO,0.867059847674505,0.6087265143411716,0.2583333333333333,5.258726514341171,77.0279584970907,1.546034496170514,1.8507699495026813,0.34516108257819805,0.9429212426978341,0.7416666666666667,4.536819804000061,9112,0.8696806855927004,0.002620837918195451,dynamic_penalty,2.0,2.0
1,20260701,RDHO,1.0334827561895448,0.7001494228562114,0.33333333333333337,18.700149422856214,96.70370871002478,1.6793636172123532,1.9873052132445888,0.32022226542456506,0.9446930356547473,0.6666666666666666,4.465813071999946,9112,1.0564426839706436,0.022959927781098788,dynamic_penalty,2.0,3.0
2,20260702,RDHO,1.1355058907821065,0.7855058907821064,0.35,19.685505890782103,78.23547329102723,2.0345121601088545,2.3733936846603854,0.3066526317495827,0.899803709016344,0.65,4.2341245539996635,9112,1.150639800493852,0.015133909711745552,dynamic_penalty,2.0,3.0
3,20260703,RDHO,0.8216906671638337,0.5883573338305004,0.23333333333333328,13.1883573338305,73.1132341021893,1.5253130094750884,1.8827809602308356,0.34961072932661486,0.9409830005600118,0.7666666666666667,4.471311855999829,9112,0.8285121847262966,0.006821517562462964,dynamic_penalty,2.0,3.0
4,20260704,RDHO,0.9681252066619176,0.6597918733285842,0.30833333333333335,17.309791873328585,78.00296732186878,1.6526690077768116,1.9752736720885302,0.34222007776066105,0.919817902231895,0.6916666666666667,4.1666618249996645,9112,0.972531647481899,0.0044064408199814276,dynamic_penalty,2.0,3.0
5,20260705,RDHO,1.0343424558428622,0.7260091225095289,0.30833333333333335,17.37600912250953,111.78968976557123,1.8565196267282744,2.177322677388234,0.2972138862085904,0.9564839113826642,0.6916666666666667,4.34698692000029,9112,1.055815813509915,0.021473357667052717,dynamic_penalty,2.0,3.0
6,20260706,RDHO,0.8813849174417616,0.6230515841084283,0.2583333333333333,14.573051584108427,88.99360395784835,1.4328610406238937,1.735076881793472,0.32768690594157,0.93106964753833,0.7416666666666667,4.267285466999965,9112,0.9026302440801732,0.02124532663841161,dynamic_penalty,2.0,3.0
7,20260707,RDHO,0.9059089814267779,0.6309089814267779,0.275,15.48090898142678,74.86101338610456,1.3325628057791838,1.651546025309118,0.3374374949161502,0.9427957276557215,0.725,4.209876128999895,9112,0.9179972799375763,0.012088298510798401,dynamic_penalty,2.0,3.0
8,20260708,RDHO,0.9573046295118843,0.648971296178551,0.30833333333333335,17.298971296178554,70.98429358653347,1.623551831112426,1.9130599559827732,0.3293980740492898,0.9487616401374174,0.6916666666666667,4.48749512600034,9112,0.9616467997357196,0.004342170223835318,dynamic_penalty,2.0,3.0
9,20260709,RDHO,1.1377594356629066,0.77109276899624,0.3666666666666667,20.57109276899624,136.12171718173553,1.8244424868486004,2.1336188099471927,0.27980020335586503,0.9370826800786678,0.6333333333333333,4.616856268999982,9112,1.151788850901243,0.014029415238336451,dynamic_penalty,2.0,3.0
10,20260710,RDHO,0.9316880893429362,0.6566880893429362,0.275,15.506688089342937,81.3279551245146,1.9255742400644977,2.2988028740786213,0.33274824161539274,0.9502883201339181,0.725,4.226487427999928,9112,0.9427289355264376,0.011040846183501318,dynamic_penalty,2.0,3.0
11,20260711,RDHO,1.0613831356032886,0.6947164689366219,0.3666666666666667,20.494716468936623,102.77071752629165,1.7486568262007096,2.0605687175177585,0.31329093157701643,0.9750333580241781,0.6333333333333333,4.419922258999577,9112,1.0910038200260959,0.029620684422807297,dynamic_penalty,2.0,3.0
12,20260712,RDHO,0.9106247860734948,0.6439581194068281,0.2666666666666667,15.043958119406831,82.10690871867645,1.7742703855299264,2.1585829981360876,0.34316673017878097,0.9549703674584071,0.7333333333333333,4.331410983999831,9112,0.9187800864323751,0.008155300358880235,dynamic_penalty,2.0,3.0
13,20260713,RDHO,0.8863769719893179,0.5947103053226512,0.29166666666666663,16.34471030532265,58.83445924981592,1.3855720984550561,1.6603660536094658,0.3453811555955222,0.9472451265025316,0.7083333333333334,4.228666675999648,9112,0.8937250497831907,0.007348077793872809,dynamic_penalty,2.0,3.0
14,20260714,RDHO,0.8808065877939685,0.6058065877939685,0.275,15.455806587793969,65.31386019242149,1.652015905026575,1.9964542273902226,0.35935798155140086,0.9479055602402962,0.725,4.631212641999809,9112,0.8878861470728417,0.007079559278873271,dynamic_penalty,2.0,3.0
15,20260715,RDHO,0.8804783835034534,0.6388117168367867,0.2416666666666667,13.688811716836787,85.84763962440888,1.68214657481699,2.036499125115941,0.33550655833134896,0.9508220656971836,0.7583333333333333,4.249293163000402,9112,0.8972031815471373,0.016724798043683875,dynamic_penalty,2.0,3.0
16,20260716,RDHO,0.9255451221312488,0.6505451221312488,0.275,15.50054512213125,99.45724817788903,1.5077587323358996,1.827965465807067,0.31775135716254954,0.9560083588143041,0.725,4.448844745000315,9112,0.9483125130536075,0.022767390922358688,dynamic_penalty,2.0,3.0
17,20260717,RDHO,0.9701891464147813,0.6701891464147812,0.30000000000000004,16.870189146414784,66.28259434347828,1.7881670162321548,2.1117543047869445,0.32289181555488067,0.9444936639735008,0.7,4.236416417000328,9112,0.9731642234352399,0.0029750770204586274,dynamic_penalty,2.0,3.0
18,20260718,RDHO,0.8891257482201446,0.6141257482201445,0.275,15.464125748220146,91.43574493743427,1.5407546472932026,1.8685554885716875,0.3333127930472244,0.9611827527213271,0.725,4.208050706999984,9112,0.8987524377394058,0.009626689519261267,dynamic_penalty,2.0,3.0
19,20260719,RDHO,0.9256099610912161,0.6422766277578827,0.2833333333333333,15.942276627757881,71.91784636538421,1.6286300330401935,1.9520104995605696,0.3391702951406759,0.9141938253477176,0.7166666666666667,4.283799460999944,9112,0.9562557523348101,0.03064579124359401,dynamic_penalty,2.0,3.0
20,20260720,RDHO,0.8527727159767906,0.6277727159767906,0.22499999999999998,12.77777271597679,103.64097698170104,1.480339665857813,1.8147626621272788,0.3381864142214188,0.9040497850787328,0.775,4.494103492999784,9112,0.8698063417654213,0.017033625788630657,dynamic_penalty,2.0,3.0
21,20260721,RDHO,0.9365898881003476,0.6532565547670143,0.2833333333333333,15.953256554767012,81.41930855474753,1.4596410902693742,1.793326372057288,0.33612559012682947,0.9609423521842841,0.7166666666666667,4.206436249000035,9112,0.9617443118639388,0.025154423763591227,dynamic_penalty,2.0,3.0
22,20260722,RDHO,1.0163445407463023,0.6996778740796357,0.31666666666666665,17.799677874079634,85.16548415066684,1.7617768448862072,2.08503760830578,0.2967708011287529,0.9358599434281897,0.6833333333333333,4.262655440999879,9112,1.0393844691692693,0.023039928422966982,dynamic_penalty,2.0,3.0
23,20260723,RDHO,1.140665946079082,0.7323326127457486,0.4083333333333333,22.782332612745748,86.28909611871838,1.7685837806313287,2.0458911625595517,0.29658083121944395,0.9485612475910163,0.5916666666666667,4.622149660999639,9112,1.157977529946373,0.017311583867291036,dynamic_penalty,2.0,3.0
24,20260724,RDHO,0.8779843859168209,0.6279843859168209,0.25,14.127984385916822,83.30015905190746,1.5782348397149275,1.8950062926243798,0.3566735394770188,0.9267271758021005,0.75,4.678865581000082,9112,0.8963393387377929,0.018354952820971993,dynamic_penalty,2.0,3.0
25,20260725,RDHO,0.9469852953100708,0.6553186286434042,0.29166666666666663,16.405318628643403,121.31948787819364,1.499616081405955,1.8079255540086154,0.336493523010612,0.9493352415741736,0.7083333333333334,4.532351596999888,9112,0.9659418948201616,0.018956599510090766,dynamic_penalty,2.0,3.0
26,20260726,RDHO,0.9827353154462531,0.6910686487795865,0.29166666666666663,16.441068648779584,92.2272044029587,1.4102554254961497,1.6786423242958215,0.3206759541745227,0.9169020565374157,0.7083333333333334,4.289549886999794,9112,1.007964006341854,0.02522869089560087,dynamic_penalty,2.0,3.0
27,20260727,RDHO,0.985577455542293,0.7022441222089597,0.2833333333333333,16.002244122208957,76.76537207408964,1.7696163892148502,2.1226522717981915,0.3159565443737816,0.9095808313396927,0.7166666666666667,4.285178639000151,9112,1.0231503397257784,0.03757288418348537,dynamic_penalty,2.0,3.0
28,20260728,RDHO,0.9225408617370391,0.6725408617370391,0.25,14.172540861737039,87.28936587217089,1.6854597344143734,1.9945049674522433,0.32253340031741756,0.9396853776836118,0.75,4.278388226000061,9112,0.9438680550838953,0.021327193346856177,dynamic_penalty,2.0,3.0
29,20260729,RDHO,1.0799611191771632,0.7049611191771632,0.375,20.954961119177163,81.27500736930348,1.2952267552672665,1.5255008900435834,0.3120214262006559,0.9073073547783046,0.625,4.387629508999908,9112,1.0869524968887923,0.006991377711629054,dynamic_penalty,2.0,3.0
30,20260730,RDHO,0.8670853266353021,0.6087519933019688,0.2583333333333333,14.558751993301968,76.15122804156951,1.5540855565156857,1.858821009847853,0.3451248097511216,0.9429164700919372,0.7416666666666667,4.243721728999844,9112,0.8698094070159722,0.0027240803806700686,dynamic_penalty,2.0,3.0
