run_id,seed,algorithm,fitness,base_objective,penalty,search_fitness,energy,delay,aoi,qoe,fairness,csr,runtime,nfe,pre_refinement_fitness,local_refinement_gain,experiment,setting,description,weights,w_energy,w_delay,w_aoi,w_qoe,w_fairness
1,20260701,RDHO,1.0292466225144756,0.7042466225144758,0.32499999999999996,3.6292466225144757,90.68395521460278,1.746810193414035,2.0547517894462715,0.3238580980088558,0.9474708463241983,0.675,4.173483774000033,9112,1.0401930028570867,0.010946380342611084,objective_weight,S1,Original setting,"(0.150, 0.150, 0.200, 0.250, 0.250)",0.15,0.15,0.2,0.25,0.25
2,20260702,RDHO,1.1270378251240305,0.7853711584573637,0.3416666666666667,3.860371158457364,76.98597090370205,2.0526257338100384,2.3915072583615697,0.30649217741518686,0.8995000889378726,0.6583333333333333,4.28106757799992,9112,1.1458566181813468,0.018818793057316263,objective_weight,S1,Original setting,"(0.150, 0.150, 0.200, 0.250, 0.250)",0.15,0.15,0.2,0.25,0.25
3,20260703,RDHO,0.8141516422510634,0.5891516422510634,0.22499999999999998,2.6141516422510636,70.57494539636309,1.5388804754514924,1.8963484262072392,0.34941923352622256,0.9403583437452213,0.775,4.339466893999997,9112,0.8219586153287641,0.00780697307770073,objective_weight,S1,Original setting,"(0.150, 0.150, 0.200, 0.250, 0.250)",0.15,0.15,0.2,0.25,0.25
4,20260704,RDHO,0.9680597340770317,0.6597264007436984,0.30833333333333335,3.4347264007436986,75.91467263937889,1.666318416102871,1.9889230804145899,0.342199773945449,0.9194791164547826,0.6916666666666667,4.101705674000186,9112,0.9792127949331378,0.011153060856106123,objective_weight,S1,Original setting,"(0.150, 0.150, 0.200, 0.250, 0.250)",0.15,0.15,0.2,0.25,0.25
5,20260705,RDHO,1.034596178664645,0.7262628453313117,0.30833333333333335,3.501262845331312,112.79788374520734,1.8588360512006425,2.179639101860603,0.2972868132109885,0.9563926193355199,0.6916666666666667,4.098918595999976,9112,1.0502924452036697,0.015696266539024784,objective_weight,S1,Original setting,"(0.150, 0.150, 0.200, 0.250, 0.250)",0.15,0.15,0.2,0.25,0.25
6,20260706,RDHO,0.8818978841809629,0.6235645508476296,0.2583333333333333,2.9485645508476295,87.58953836809255,1.4340374851821598,1.7362533263517386,0.3288469469385339,0.9315066760861767,0.7416666666666667,4.123077085999967,9112,0.9012691713718569,0.019371287190893982,objective_weight,S1,Original setting,"(0.150, 0.150, 0.200, 0.250, 0.250)",0.15,0.15,0.2,0.25,0.25
7,20260707,RDHO,0.9060100813665415,0.6310100813665415,0.275,3.1060100813665414,76.54449920230957,1.3215112048669124,1.6404944243968465,0.33756009922242897,0.9435478301323345,0.725,4.161579504999963,9112,0.924485867416221,0.018475786049679477,objective_weight,S1,Original setting,"(0.150, 0.150, 0.200, 0.250, 0.250)",0.15,0.15,0.2,0.25,0.25
8,20260708,RDHO,0.9580942257064804,0.649760892373147,0.30833333333333335,3.4247608923731474,70.30302565557633,1.6378770960473787,1.927385220917726,0.32933601668270474,0.9485734680280087,0.6916666666666667,4.20079376700005,9112,0.9666953463538772,0.00860112064739682,objective_weight,S1,Original setting,"(0.150, 0.150, 0.200, 0.250, 0.250)",0.15,0.15,0.2,0.25,0.25
9,20260709,RDHO,1.1357476844033196,0.7690810177366529,0.3666666666666667,4.069081017736654,126.36226228841231,1.8913815448185844,2.2005578679171767,0.2790350042711438,0.9359170935895704,0.6333333333333333,4.109423285000048,9112,1.1627615985775699,0.027013914174250253,objective_weight,S1,Original setting,"(0.150, 0.150, 0.200, 0.250, 0.250)",0.15,0.15,0.2,0.25,0.25
10,20260710,RDHO,0.9292713645837448,0.6626046979170781,0.2666666666666667,3.0626046979170782,80.39617954663832,1.9312677318989784,2.3044963659131015,0.3336174950359278,0.9508009425216127,0.7333333333333333,4.576710481000191,9112,0.9419685599083769,0.012697195324632093,objective_weight,S1,Original setting,"(0.150, 0.150, 0.200, 0.250, 0.250)",0.15,0.15,0.2,0.25,0.25
11,20260711,RDHO,1.0594717690976652,0.6928051024309985,0.3666666666666667,3.9928051024309985,102.42970617135668,1.742209094339536,2.054120985656585,0.3132288145906548,0.9750469497357389,0.6333333333333333,4.320920544000046,9112,1.0854675386036097,0.02599576950594451,objective_weight,S1,Original setting,"(0.150, 0.150, 0.200, 0.250, 0.250)",0.15,0.15,0.2,0.25,0.25
12,20260712,RDHO,0.9072304400768878,0.6488971067435545,0.2583333333333333,2.9738971067435545,80.52091055641567,1.7804187751976541,2.1647313878038146,0.343696956826676,0.9547794993244755,0.7416666666666667,4.238150023000117,9112,0.9139880166091519,0.0067575765322640535,objective_weight,S1,Original setting,"(0.150, 0.150, 0.200, 0.250, 0.250)",0.15,0.15,0.2,0.25,0.25
13,20260713,RDHO,0.88704906573102,0.5953823990643534,0.29166666666666663,3.220382399064353,58.78438274035955,1.3853097066175342,1.6601036617719438,0.34552897165282515,0.947435954325128,0.7083333333333334,4.34757330299999,9112,0.896528765452393,0.00947969972137297,objective_weight,S1,Original setting,"(0.150, 0.150, 0.200, 0.250, 0.250)",0.15,0.15,0.2,0.25,0.25
14,20260714,RDHO,0.8847416182452766,0.6097416182452766,0.275,3.0847416182452765,64.53838366601718,1.7005563232910312,2.044994645654678,0.35731557092182753,0.9456725950478034,0.725,4.125801281000122,9112,0.8908711416570531,0.006129523411776416,objective_weight,S1,Original setting,"(0.150, 0.150, 0.200, 0.250, 0.250)",0.15,0.15,0.2,0.25,0.25
15,20260715,RDHO,0.8871065757126853,0.6371065757126853,0.25,2.8871065757126853,88.3309600979606,1.6473362723554303,2.0016888226543816,0.3355202383783198,0.9500021573100927,0.75,4.1939648160000615,9112,0.9084116167308123,0.021305041018127024,objective_weight,S1,Original setting,"(0.150, 0.150, 0.200, 0.250, 0.250)",0.15,0.15,0.2,0.25,0.25
16,20260716,RDHO,0.9268597010711063,0.6518597010711062,0.275,3.1268597010711066,98.85284602454486,1.5152861506461615,1.835492884117329,0.3179140305487191,0.9559453806811805,0.725,4.186523687999852,9112,0.9460870236596145,0.019227322588508233,objective_weight,S1,Original setting,"(0.150, 0.150, 0.200, 0.250, 0.250)",0.15,0.15,0.2,0.25,0.25
17,20260717,RDHO,0.9692065029534547,0.6692065029534546,0.30000000000000004,3.369206502953455,66.92523622514614,1.7801095052279003,2.10369679378269,0.32260733152478027,0.944232998020342,0.7,4.230211592999922,9112,0.9799236130182404,0.010717110064785706,objective_weight,S1,Original setting,"(0.150, 0.150, 0.200, 0.250, 0.250)",0.15,0.15,0.2,0.25,0.25
18,20260718,RDHO,0.8964641406850763,0.6214641406850763,0.275,3.096464140685076,89.23656951983581,1.58109486605033,1.9088957073288149,0.3309972989203921,0.961598754425151,0.725,4.498129569999946,9112,0.9045791277316816,0.008114987046605293,objective_weight,S1,Original setting,"(0.150, 0.150, 0.200, 0.250, 0.250)",0.15,0.15,0.2,0.25,0.25
19,20260719,RDHO,0.9224531882721165,0.6391198549387832,0.2833333333333333,3.189119854938783,70.12566209371849,1.6247273846000994,1.9481078511204752,0.3386757066150904,0.9128449723286961,0.7166666666666667,4.277589145000093,9112,0.9430676009038246,0.020614412631708046,objective_weight,S1,Original setting,"(0.150, 0.150, 0.200, 0.250, 0.250)",0.15,0.15,0.2,0.25,0.25
20,20260720,RDHO,0.8540366990721076,0.6290366990721076,0.22499999999999998,2.6540366990721074,103.140473696178,1.479772935403322,1.8141959316727878,0.33816815492495456,0.9036381403993103,0.775,4.175555222999947,9112,0.8656841880365821,0.01164748896447454,objective_weight,S1,Original setting,"(0.150, 0.150, 0.200, 0.250, 0.250)",0.15,0.15,0.2,0.25,0.25
21,20260721,RDHO,0.9425439712768451,0.6592106379435118,0.2833333333333333,3.2092106379435115,84.84339470039492,1.4547982839989317,1.788483565786845,0.333578930342935,0.9598319039692425,0.7166666666666667,4.2403788149999855,9112,0.9530860413335315,0.010542070056686392,objective_weight,S1,Original setting,"(0.150, 0.150, 0.200, 0.250, 0.250)",0.15,0.15,0.2,0.25,0.25
22,20260722,RDHO,1.0143624945718122,0.6976958279051455,0.31666666666666665,3.5476958279051454,86.66380374837232,1.734585772888711,2.057846536308284,0.29686982274590484,0.9357380030464708,0.6833333333333333,4.268398502000082,9112,1.031241630286695,0.016879135714882754,objective_weight,S1,Original setting,"(0.150, 0.150, 0.200, 0.250, 0.250)",0.15,0.15,0.2,0.25,0.25
23,20260723,RDHO,1.129260612499071,0.7292606124990708,0.4,4.329260612499071,88.21960473512782,1.7351783404121899,2.0124857223404127,0.29636967107435463,0.9485098953466173,0.6,4.177963069000043,9112,1.1491304608783834,0.019869848379312494,objective_weight,S1,Original setting,"(0.150, 0.150, 0.200, 0.250, 0.250)",0.15,0.15,0.2,0.25,0.25
24,20260724,RDHO,0.8734252403646551,0.6317585736979884,0.2416666666666667,2.8067585736979885,81.69180263669732,1.6107611491166438,1.9275326020260963,0.35664014814089473,0.9267085004034796,0.7583333333333333,4.301910507000002,9112,0.8844792358436403,0.011053995478985223,objective_weight,S1,Original setting,"(0.150, 0.150, 0.200, 0.250, 0.250)",0.15,0.15,0.2,0.25,0.25
25,20260725,RDHO,0.9529166705391521,0.6612500038724854,0.29166666666666663,3.286250003872485,119.33350023434153,1.5152782674144443,1.8235877400171048,0.33569563985547257,0.9480038918441185,0.7083333333333334,4.61781465099989,9112,0.9771326466650678,0.02421597612591575,objective_weight,S1,Original setting,"(0.150, 0.150, 0.200, 0.250, 0.250)",0.15,0.15,0.2,0.25,0.25
26,20260726,RDHO,0.9828400394008449,0.6911733727341782,0.29166666666666663,3.316173372734178,93.86464715296471,1.3987848838687147,1.6671717826683867,0.32067971380253224,0.917200099247425,0.7083333333333334,4.486308240999961,9112,0.9996848265077255,0.016844787106880643,objective_weight,S1,Original setting,"(0.150, 0.150, 0.200, 0.250, 0.250)",0.15,0.15,0.2,0.25,0.25
27,20260727,RDHO,0.9690831019389654,0.7024164352722987,0.2666666666666667,3.102416435272299,76.3195051772451,1.7738326938921296,2.1268685764754713,0.315993291479049,0.9097295473957804,0.7333333333333333,4.2998120360000485,9112,0.9830353853046092,0.013952283365643803,objective_weight,S1,Original setting,"(0.150, 0.150, 0.200, 0.250, 0.250)",0.15,0.15,0.2,0.25,0.25
28,20260728,RDHO,0.9213747456917878,0.6797080790251211,0.2416666666666667,2.854708079025121,76.97929092077918,1.7825327699043796,2.09157800294225,0.3222243435197588,0.9393751988930664,0.7583333333333333,4.380596377000074,9112,0.9339761742346215,0.012601428542833748,objective_weight,S1,Original setting,"(0.150, 0.150, 0.200, 0.250, 0.250)",0.15,0.15,0.2,0.25,0.25
29,20260729,RDHO,1.080353930656674,0.7220205973233409,0.3583333333333333,3.9470205973233403,74.61135123685297,1.398345787430977,1.6286199222072937,0.3139692539913813,0.910818855637689,0.6416666666666667,4.274621178000189,9112,1.100614836120984,0.02026090546430992,objective_weight,S1,Original setting,"(0.150, 0.150, 0.200, 0.250, 0.250)",0.15,0.15,0.2,0.25,0.25
30,20260730,RDHO,0.8691901409720484,0.6108568076387151,0.2583333333333333,2.935856807638715,79.92545247737684,1.5496715096945635,1.8544069630267308,0.34530810140011325,0.9435257732237674,0.7416666666666667,4.156060970999988,9112,0.8789838901031941,0.009793749131145724,objective_weight,S1,Original setting,"(0.150, 0.150, 0.200, 0.250, 0.250)",0.15,0.15,0.2,0.25,0.25
1,20260701,RDHO,1.0874488248740075,0.7541154915406741,0.33333333333333337,3.7541154915406745,96.91930569320104,1.677497052134979,1.985438648167215,0.3229426827343962,0.9448518201768359,0.6666666666666666,4.169848392999938,9112,1.0985600979161472,0.011111273042139658,objective_weight,S2,Equal weighting,"(0.200, 0.200, 0.200, 0.200, 0.200)",0.2,0.2,0.2,0.2,0.2
2,20260702,RDHO,1.1984599423800013,0.8484599423800013,0.35,3.998459942380001,75.57690662725128,2.0729384118769816,2.4118199364285124,0.3065175019007985,0.8975929698721564,0.65,4.22870935800006,9112,1.2128751129340594,0.014415170554058054,objective_weight,S2,Equal weighting,"(0.200, 0.200, 0.200, 0.200, 0.200)",0.2,0.2,0.2,0.2,0.2
3,20260703,RDHO,0.8612858554962259,0.6279525221628927,0.23333333333333328,2.727952522162892,70.78157255812923,1.53658477061841,1.8940527213741567,0.34924853742554446,0.9403939228215407,0.7666666666666667,4.482072062000043,9112,0.8657757389776977,0.004489883481471724,objective_weight,S2,Equal weighting,"(0.200, 0.200, 0.200, 0.200, 0.200)",0.2,0.2,0.2,0.2,0.2
4,20260704,RDHO,1.0179359066327225,0.7096025732993891,0.30833333333333335,3.4846025732993895,71.9769647268509,1.6905468399237282,2.013151504235447,0.3422058646998881,0.9199222879972672,0.6916666666666667,4.145470127999943,9112,1.0302479932916668,0.012312086658944343,objective_weight,S2,Equal weighting,"(0.200, 0.200, 0.200, 0.200, 0.200)",0.2,0.2,0.2,0.2,0.2
5,20260705,RDHO,1.0961851889965453,0.7878518556632118,0.30833333333333335,3.562851855663212,110.55510713779611,1.8662560936397203,2.1870591442996803,0.29712122686737613,0.9565435184858823,0.6916666666666667,4.264728979999973,9112,1.1077479503995793,0.011562761403034028,objective_weight,S2,Equal weighting,"(0.200, 0.200, 0.200, 0.200, 0.200)",0.2,0.2,0.2,0.2,0.2
6,20260706,RDHO,0.9280878178397632,0.6697544845064299,0.2583333333333333,2.9947544845064296,85.31840505709087,1.4498791101306228,1.7520949513002015,0.32747261351207796,0.931169691731895,0.7416666666666667,4.253252341999996,9112,0.94761661975517,0.019528801915406735,objective_weight,S2,Equal weighting,"(0.200, 0.200, 0.200, 0.200, 0.200)",0.2,0.2,0.2,0.2,0.2
7,20260707,RDHO,0.9503889025939635,0.6753889025939634,0.275,3.1503889025939635,71.49837320447136,1.3646328457170065,1.683616065246941,0.3372214074608134,0.9428241227650446,0.725,4.274348406999934,9112,0.9632498435355217,0.012860940941558208,objective_weight,S2,Equal weighting,"(0.200, 0.200, 0.200, 0.200, 0.200)",0.2,0.2,0.2,0.2,0.2
8,20260708,RDHO,1.0074034992014949,0.6990701658681616,0.30833333333333335,3.474070165868162,69.23843464948249,1.6430962711253518,1.9326043959956993,0.32929895824711025,0.9488047410280579,0.6916666666666667,4.300556527000026,9112,1.0122395966121638,0.004836097410668927,objective_weight,S2,Equal weighting,"(0.200, 0.200, 0.200, 0.200, 0.200)",0.2,0.2,0.2,0.2,0.2
9,20260709,RDHO,1.205107181158036,0.8384405144913692,0.3666666666666667,4.13844051449137,121.49659331930172,1.9231655110981234,2.2323418341967156,0.2791434013292092,0.9354947190493978,0.6333333333333333,4.200410720000036,9112,1.2362543366798866,0.031147155521850545,objective_weight,S2,Equal weighting,"(0.200, 0.200, 0.200, 0.200, 0.200)",0.2,0.2,0.2,0.2,0.2
10,20260710,RDHO,0.9774288230036885,0.7107621563370218,0.2666666666666667,3.1107621563370222,79.35716893168453,1.9465180893210217,2.319746723335145,0.33354183015375305,0.9505225155697347,0.7333333333333333,4.515478104000067,9112,0.9874457940662249,0.010016971062536406,objective_weight,S2,Equal weighting,"(0.200, 0.200, 0.200, 0.200, 0.200)",0.2,0.2,0.2,0.2,0.2
11,20260711,RDHO,1.1174303587173018,0.750763692050635,0.3666666666666667,4.050763692050635,91.80819665572295,1.8052645482011798,2.1171764395182286,0.3135628475741961,0.9748925571263095,0.6333333333333333,4.588885077999976,9112,1.1333431636531914,0.015912804935889646,objective_weight,S2,Equal weighting,"(0.200, 0.200, 0.200, 0.200, 0.200)",0.2,0.2,0.2,0.2,0.2
12,20260712,RDHO,0.956381247210783,0.6897145805441163,0.2666666666666667,3.0897145805441166,69.63890611752325,1.8249715351324087,2.2092841477385696,0.3456168104519448,0.9573729778653115,0.7333333333333333,4.572364797000091,9112,0.9618538758132011,0.00547262860241815,objective_weight,S2,Equal weighting,"(0.200, 0.200, 0.200, 0.200, 0.200)",0.2,0.2,0.2,0.2,0.2
13,20260713,RDHO,0.9243339438707686,0.632667277204102,0.29166666666666663,3.2576672772041015,54.23232735951461,1.411629340186972,1.6864232953413816,0.34617131119701955,0.9409618356047547,0.7083333333333334,4.238056771999936,9112,0.9334686267979402,0.009134682927171567,objective_weight,S2,Equal weighting,"(0.200, 0.200, 0.200, 0.200, 0.200)",0.2,0.2,0.2,0.2,0.2
14,20260714,RDHO,0.9227416876708454,0.6477416876708454,0.275,3.1227416876708456,61.80311524476766,1.6813252934924954,2.0257636158561434,0.3591398949951773,0.9478945950259134,0.725,4.236119445999975,9112,0.9243109503101948,0.0015692626393494225,objective_weight,S2,Equal weighting,"(0.200, 0.200, 0.200, 0.200, 0.200)",0.2,0.2,0.2,0.2,0.2
15,20260715,RDHO,0.9364911366434223,0.678157803310089,0.2583333333333333,3.0031578033100885,85.72843386992591,1.604157327047438,1.9585098773463898,0.3344269698187591,0.9493142025614587,0.7416666666666667,4.244077207000146,9112,0.9499713134391521,0.01348017679572977,objective_weight,S2,Equal weighting,"(0.200, 0.200, 0.200, 0.200, 0.200)",0.2,0.2,0.2,0.2,0.2
16,20260716,RDHO,0.9767903770806315,0.7017903770806315,0.275,3.1767903770806316,95.45949440065888,1.5316533277257856,1.8518600611969531,0.31765191388774633,0.9559215569600774,0.725,4.304633146000015,9112,0.9917840169281554,0.014993639847523887,objective_weight,S2,Equal weighting,"(0.200, 0.200, 0.200, 0.200, 0.200)",0.2,0.2,0.2,0.2,0.2
17,20260717,RDHO,1.011940250694788,0.7202735840281214,0.29166666666666663,3.3452735840281207,64.2470684207237,1.8096230741593327,2.133210362714123,0.3224793533952094,0.9442194077693589,0.7083333333333334,4.2522189210001216,9112,1.0157653007209695,0.003825050026181387,objective_weight,S2,Equal weighting,"(0.200, 0.200, 0.200, 0.200, 0.200)",0.2,0.2,0.2,0.2,0.2
18,20260718,RDHO,0.9382237255256751,0.6632237255256751,0.275,3.138223725525675,79.36533698239762,1.6431718118959182,1.9709726531744032,0.3299298591675137,0.957716167903545,0.725,4.443576588000042,9112,0.9427803095939967,0.004556584068321601,objective_weight,S2,Equal weighting,"(0.200, 0.200, 0.200, 0.200, 0.200)",0.2,0.2,0.2,0.2,0.2
19,20260719,RDHO,0.9621226657958434,0.67878933246251,0.2833333333333333,3.22878933246251,67.69023151224795,1.6437963070582822,1.967176773578658,0.33872119110795307,0.9086502631652746,0.7166666666666667,4.270190563999904,9112,0.9734102147898269,0.011287548993983543,objective_weight,S2,Equal weighting,"(0.200, 0.200, 0.200, 0.200, 0.200)",0.2,0.2,0.2,0.2,0.2
20,20260720,RDHO,0.8994868404633231,0.6744868404633231,0.22499999999999998,2.699486840463323,99.03514301879694,1.5166866413061808,1.8511096375756466,0.33797271414690144,0.9035336228916847,0.775,4.231052824000017,9112,0.9123817505400124,0.012894910076689303,objective_weight,S2,Equal weighting,"(0.200, 0.200, 0.200, 0.200, 0.200)",0.2,0.2,0.2,0.2,0.2
21,20260721,RDHO,0.9923478484982637,0.7090145151649304,0.2833333333333333,3.2590145151649303,81.48552145758937,1.4585410616543637,1.7922263434422774,0.33633882690107403,0.9608643853487425,0.7166666666666667,4.158912587000032,9112,1.0139200036242935,0.021572155126029724,objective_weight,S2,Equal weighting,"(0.200, 0.200, 0.200, 0.200, 0.200)",0.2,0.2,0.2,0.2,0.2
22,20260722,RDHO,1.0651166276276152,0.7484499609609485,0.31666666666666665,3.598449960960948,85.38077288948372,1.737309733947162,2.0605704973667356,0.2966015546141086,0.9360136103118583,0.6833333333333333,4.220503433999966,9112,1.0812909534355606,0.016174325807945422,objective_weight,S2,Equal weighting,"(0.200, 0.200, 0.200, 0.200, 0.200)",0.2,0.2,0.2,0.2,0.2
23,20260723,RDHO,1.1934721139899813,0.7934721139899814,0.4,4.393472113989981,85.56430298603973,1.7697809424257145,2.0470883243539375,0.29637647369601827,0.9482785059731119,0.6,4.178229395000017,9112,1.2078526334516761,0.01438051946169483,objective_weight,S2,Equal weighting,"(0.200, 0.200, 0.200, 0.200, 0.200)",0.2,0.2,0.2,0.2,0.2
24,20260724,RDHO,0.923792916666265,0.673792916666265,0.25,2.923792916666265,84.56733824151834,1.5674439706948555,1.8842154236043076,0.3569732959010996,0.9189188739265195,0.75,4.226162127999942,9112,0.9341594617422516,0.010366545075986666,objective_weight,S2,Equal weighting,"(0.200, 0.200, 0.200, 0.200, 0.200)",0.2,0.2,0.2,0.2,0.2
25,20260725,RDHO,1.0038716420069762,0.7122049753403095,0.29166666666666663,3.337204975340309,117.79061175064146,1.5148757328885027,1.8231852054911635,0.33636491824095793,0.9482244467140258,0.7083333333333334,4.449879652999925,9112,1.0310339935704356,0.027162351563459364,objective_weight,S2,Equal weighting,"(0.200, 0.200, 0.200, 0.200, 0.200)",0.2,0.2,0.2,0.2,0.2
26,20260726,RDHO,1.0382420509121915,0.7465753842455248,0.29166666666666663,3.3715753842455243,90.39945131520179,1.4200101227869422,1.688397021586614,0.32059603422734906,0.9157920366320828,0.7083333333333334,4.838870097999916,9112,1.0471977692003844,0.008955718288192971,objective_weight,S2,Equal weighting,"(0.200, 0.200, 0.200, 0.200, 0.200)",0.2,0.2,0.2,0.2,0.2
27,20260727,RDHO,1.0344117730383455,0.7510784397050122,0.2833333333333333,3.301078439705012,76.79092208996605,1.7773116985575856,2.130347581140927,0.31477754836012056,0.9063512371781937,0.7166666666666667,4.278812891999905,9112,1.0533873470957809,0.01897557405743533,objective_weight,S2,Equal weighting,"(0.200, 0.200, 0.200, 0.200, 0.200)",0.2,0.2,0.2,0.2,0.2
28,20260728,RDHO,0.9651590378733215,0.7234923712066548,0.2416666666666667,2.898492371206655,84.6171151010561,1.6873898795362092,1.9964351125740791,0.3224149495916206,0.9397079391766053,0.7583333333333333,4.275490878000028,9112,0.9907181116964714,0.025559073823149925,objective_weight,S2,Equal weighting,"(0.200, 0.200, 0.200, 0.200, 0.200)",0.2,0.2,0.2,0.2,0.2
29,20260729,RDHO,1.1337879274111096,0.7671212607444428,0.3666666666666667,4.067121260744443,75.73566109671108,1.3552908560229386,1.5855649907992553,0.3122197169272606,0.9096741822497175,0.6333333333333333,4.279224500000055,9112,1.1533263791807822,0.019538451769672616,objective_weight,S2,Equal weighting,"(0.200, 0.200, 0.200, 0.200, 0.200)",0.2,0.2,0.2,0.2,0.2
30,20260730,RDHO,0.9029115503226164,0.6445782169892831,0.2583333333333333,2.969578216989283,75.77385492687222,1.5601260901046399,1.8648615434368072,0.3450585888156983,0.9428955764256592,0.7416666666666667,4.243814351999845,9112,0.9098213544393885,0.006909804116772111,objective_weight,S2,Equal weighting,"(0.200, 0.200, 0.200, 0.200, 0.200)",0.2,0.2,0.2,0.2,0.2
1,20260701,RDHO,1.1446504395937986,0.8113171062604654,0.33333333333333337,3.811317106260466,95.88168562920453,1.6872493908193058,1.9951909868515418,0.3228923993412057,0.9447173215130644,0.6666666666666666,4.174291183999912,9112,1.1520997004131424,0.007449260819343717,objective_weight,S3,Energy-delay priority,"(0.250, 0.250, 0.200, 0.150, 0.150)",0.25,0.25,0.2,0.15,0.15
2,20260702,RDHO,1.2552815593967064,0.9052815593967064,0.35,4.055281559396707,78.5763611389161,2.0423385252287067,2.381220049780238,0.3058618872750697,0.8972512629291965,0.65,4.211963492999985,9112,1.2678136741197679,0.012532114723061483,objective_weight,S3,Energy-delay priority,"(0.250, 0.250, 0.200, 0.150, 0.150)",0.25,0.25,0.2,0.15,0.15
3,20260703,RDHO,0.901163394138532,0.6678300608051987,0.23333333333333328,2.7678300608051982,69.76260161260623,1.5471917537478859,1.9046597045036329,0.34902438438894956,0.9401030867188087,0.7666666666666667,4.478556318999836,9112,0.9092690139890498,0.008105619850517831,objective_weight,S3,Energy-delay priority,"(0.250, 0.250, 0.200, 0.150, 0.150)",0.25,0.25,0.2,0.15,0.15
4,20260704,RDHO,1.0587669849045938,0.7504336515712603,0.30833333333333335,3.5254336515712605,72.14638998251728,1.6775632715449789,2.0001679358566977,0.3416206057740002,0.9190711215947243,0.6916666666666667,4.234266472000172,9112,1.0654541801503057,0.00668719524571193,objective_weight,S3,Energy-delay priority,"(0.250, 0.250, 0.200, 0.150, 0.150)",0.25,0.25,0.2,0.15,0.15
5,20260705,RDHO,1.1560157714509007,0.8476824381175674,0.30833333333333335,3.6226824381175677,101.77979923680894,1.9086524911323608,2.2294555417923214,0.29667045697403854,0.9565181770928789,0.6916666666666667,4.117944664999868,9112,1.1694970817615487,0.01348131031064792,objective_weight,S3,Energy-delay priority,"(0.250, 0.250, 0.200, 0.150, 0.150)",0.25,0.25,0.2,0.15,0.15
6,20260706,RDHO,0.9741484451968538,0.7158151118635205,0.2583333333333333,3.0408151118635205,86.79750757239081,1.4560006704240744,1.758216511593653,0.32740319098749104,0.9314226736474908,0.7416666666666667,4.301382295999929,9112,0.994911117772279,0.02076267257542519,objective_weight,S3,Energy-delay priority,"(0.250, 0.250, 0.200, 0.150, 0.150)",0.25,0.25,0.2,0.15,0.15
7,20260707,RDHO,0.9949936030527441,0.7199936030527441,0.275,3.194993603052744,70.47519224059396,1.377850772951452,1.6968339924813862,0.3371215437426492,0.9426538254179956,0.725,4.178275798999948,9112,1.007112862886613,0.012119259833868967,objective_weight,S3,Energy-delay priority,"(0.250, 0.250, 0.200, 0.150, 0.150)",0.25,0.25,0.2,0.15,0.15
8,20260708,RDHO,1.0557009665904071,0.7557009665904071,0.30000000000000004,3.455700966590407,64.99571847859843,1.7171488678014124,2.00665699267176,0.32957697561386434,0.9489683829835929,0.7,4.235255126999846,9112,1.064393359246083,0.008692392655675896,objective_weight,S3,Energy-delay priority,"(0.250, 0.250, 0.200, 0.150, 0.150)",0.25,0.25,0.2,0.15,0.15
9,20260709,RDHO,1.2725233571880126,0.8975233571880125,0.375,4.272523357188012,120.61733218828994,1.9178514396553872,2.2270277627539796,0.2783966552119447,0.9346221807019356,0.625,4.154069152999909,9112,1.3034422958069884,0.030918938618975877,objective_weight,S3,Energy-delay priority,"(0.250, 0.250, 0.200, 0.150, 0.150)",0.25,0.25,0.2,0.15,0.15
10,20260710,RDHO,1.027548605300109,0.752548605300109,0.275,3.2275486053001092,75.6042473468724,1.9895232896120258,2.362751923626149,0.33242121615352105,0.949636811067632,0.725,4.387972575000049,9112,1.0463168022272369,0.018768196927127834,objective_weight,S3,Energy-delay priority,"(0.250, 0.250, 0.200, 0.150, 0.150)",0.25,0.25,0.2,0.15,0.15
11,20260711,RDHO,1.1730229782612411,0.8063563115945744,0.3666666666666667,4.106356311594575,89.00935201355954,1.833689897192111,2.14560178850916,0.3132955267533058,0.9747513714525762,0.6333333333333333,4.824954238000146,9112,1.1981324318463773,0.025109453585136166,objective_weight,S3,Energy-delay priority,"(0.250, 0.250, 0.200, 0.150, 0.150)",0.25,0.25,0.2,0.15,0.15
12,20260712,RDHO,1.0049666815168865,0.7299666815168864,0.275,3.2049666815168862,69.50081870160744,1.8209559006129503,2.205268513219111,0.34466776489334816,0.9574822509866657,0.725,4.215258530000028,9112,1.010851931450866,0.005885249933979431,objective_weight,S3,Energy-delay priority,"(0.250, 0.250, 0.200, 0.150, 0.150)",0.25,0.25,0.2,0.15,0.15
13,20260713,RDHO,0.9607705318126762,0.6691038651460096,0.29166666666666663,3.2941038651460093,53.2927316992754,1.4261065950067364,1.7009005501611458,0.346074425953296,0.9409214398177375,0.7083333333333334,4.221704847999945,9112,0.9711515240754722,0.010380992262795985,objective_weight,S3,Energy-delay priority,"(0.250, 0.250, 0.200, 0.150, 0.150)",0.25,0.25,0.2,0.15,0.15
14,20260714,RDHO,0.9639078412830329,0.6889078412830328,0.275,3.163907841283033,60.20100222794192,1.7070428684523258,2.0514811908159736,0.35877014487855685,0.9479917949376182,0.725,4.101756656999896,9112,0.9720282583423944,0.008120417059361507,objective_weight,S3,Energy-delay priority,"(0.250, 0.250, 0.200, 0.150, 0.150)",0.25,0.25,0.2,0.15,0.15
15,20260715,RDHO,0.9808397291627312,0.7225063958293979,0.2583333333333333,3.0475063958293975,83.28005225549805,1.628740774585258,1.9830933248842093,0.3337101269665576,0.9482707639245901,0.7416666666666667,4.193254286999945,9112,0.9925205870649526,0.011680857902221398,objective_weight,S3,Energy-delay priority,"(0.250, 0.250, 0.200, 0.150, 0.150)",0.25,0.25,0.2,0.15,0.15
16,20260716,RDHO,1.0268886420650147,0.7518886420650147,0.275,3.2268886420650147,94.97332491183373,1.5425889068194123,1.8627956402905794,0.3174876250999191,0.9559976768012697,0.725,4.2255688010000085,9112,1.0408384000236548,0.013949757958640063,objective_weight,S3,Energy-delay priority,"(0.250, 0.250, 0.200, 0.150, 0.150)",0.25,0.25,0.2,0.15,0.15
17,20260717,RDHO,1.0600093938469413,0.7683427271802746,0.29166666666666663,3.3933427271802743,63.150957293378134,1.812117342938791,2.1357046314935806,0.32277748202334244,0.9444355761125781,0.7083333333333334,4.24128460299994,9112,1.0651135269312264,0.005104133084285145,objective_weight,S3,Energy-delay priority,"(0.250, 0.250, 0.200, 0.150, 0.150)",0.25,0.25,0.2,0.15,0.15
18,20260718,RDHO,0.9834009359803296,0.7084009359803296,0.275,3.1834009359803295,76.30187403845578,1.6757648834626173,2.0035657247411023,0.3297984393407256,0.9577018369223149,0.725,4.621522454999877,9112,0.9931701615947779,0.009769225614448263,objective_weight,S3,Energy-delay priority,"(0.250, 0.250, 0.200, 0.150, 0.150)",0.25,0.25,0.2,0.15,0.15
19,20260719,RDHO,1.0068250710438664,0.7234917377105331,0.2833333333333333,3.273491737710533,63.33239693210793,1.6739929807933849,1.9973734473137608,0.33873279162236947,0.9091110944422849,0.7166666666666667,4.362610993000089,9112,1.0263921982147806,0.019567127170914134,objective_weight,S3,Energy-delay priority,"(0.250, 0.250, 0.200, 0.150, 0.150)",0.25,0.25,0.2,0.15,0.15
20,20260720,RDHO,0.9409489409486517,0.7159489409486517,0.22499999999999998,2.740948940948652,97.47303157717072,1.524073087140335,1.858496083409801,0.3375967260417,0.9032618989204223,0.775,4.1777094040000975,9112,0.9599118772073408,0.018962936258689167,objective_weight,S3,Energy-delay priority,"(0.250, 0.250, 0.200, 0.150, 0.150)",0.25,0.25,0.2,0.15,0.15
21,20260721,RDHO,1.0493473417936494,0.766014008460316,0.2833333333333333,3.316014008460316,77.36742144914002,1.5068479043172067,1.8405331861051206,0.33758008643308396,0.9596836543012335,0.7166666666666667,4.1342924549999225,9112,1.0665439129679317,0.017196571174282305,objective_weight,S3,Energy-delay priority,"(0.250, 0.250, 0.200, 0.150, 0.150)",0.25,0.25,0.2,0.15,0.15
22,20260722,RDHO,1.1194110213165267,0.7944110213165267,0.32499999999999996,3.7194110213165263,76.00355254933561,1.7908631315845125,2.1141238950040853,0.29940522671367803,0.9310488840623001,0.675,4.2406201839999085,9112,1.1299768403813224,0.0105658190647957,objective_weight,S3,Energy-delay priority,"(0.250, 0.250, 0.200, 0.150, 0.150)",0.25,0.25,0.2,0.15,0.15
23,20260723,RDHO,1.2601811684895865,0.8351811684895863,0.42500000000000004,4.660181168489586,77.54588903936407,1.753152174615566,2.0304595565437884,0.2948064313138504,0.9464938354970842,0.575,4.194734063999931,9112,1.2661805718800119,0.005999403390425373,objective_weight,S3,Energy-delay priority,"(0.250, 0.250, 0.200, 0.150, 0.150)",0.25,0.25,0.2,0.15,0.15
24,20260724,RDHO,0.9629248361650024,0.704591502831669,0.2583333333333333,3.0295915028316687,57.03930748636971,1.711765779199407,2.0285372321088593,0.3543848862648709,0.9059153465893464,0.7416666666666667,4.298570611000059,9112,0.9734182682119545,0.010493432046952189,objective_weight,S3,Energy-delay priority,"(0.250, 0.250, 0.200, 0.150, 0.150)",0.25,0.25,0.2,0.15,0.15
25,20260725,RDHO,1.0597037195114236,0.7597037195114236,0.30000000000000004,3.459703719511424,105.80903727127304,1.569777884108493,1.8780873567111533,0.33510565262749514,0.9446025262164466,0.7,4.407161336999934,9112,1.0851424608266798,0.02543874131525614,objective_weight,S3,Energy-delay priority,"(0.250, 0.250, 0.200, 0.150, 0.150)",0.25,0.25,0.2,0.15,0.15
26,20260726,RDHO,1.0934468098567756,0.801780143190109,0.29166666666666663,3.4267801431901086,81.47030503688774,1.4742252800248121,1.742612178824484,0.32024364479713274,0.9140795098763024,0.7083333333333334,4.847097817999838,9112,1.108484422788222,0.015037612931446454,objective_weight,S3,Energy-delay priority,"(0.250, 0.250, 0.200, 0.150, 0.150)",0.25,0.25,0.2,0.15,0.15
27,20260727,RDHO,1.0880105928754977,0.8046772595421644,0.2833333333333333,3.3546772595421643,75.67219748722779,1.7916015920756336,2.1446374746589756,0.31464173261381523,0.9064150450812022,0.7166666666666667,4.323595571999931,9112,1.1197162740317048,0.03170568115620709,objective_weight,S3,Energy-delay priority,"(0.250, 0.250, 0.200, 0.150, 0.150)",0.25,0.25,0.2,0.15,0.15
28,20260728,RDHO,1.0158702126683101,0.7658702126683101,0.25,3.01587021266831,84.6814157052449,1.636397389055714,1.9454426220935843,0.32127752490001027,0.9381659549896804,0.75,4.304425114999958,9112,1.047176460639088,0.03130624797077797,objective_weight,S3,Energy-delay priority,"(0.250, 0.250, 0.200, 0.150, 0.150)",0.25,0.25,0.2,0.15,0.15
29,20260729,RDHO,1.1902212028686954,0.8152212028686954,0.375,4.190221202868695,67.36003001790368,1.404657090831297,1.6349312256076136,0.3109498876326261,0.9085153051890255,0.625,4.3275690860000395,9112,1.2105225060815799,0.02030130321288448,objective_weight,S3,Energy-delay priority,"(0.250, 0.250, 0.200, 0.150, 0.150)",0.25,0.25,0.2,0.15,0.15
30,20260730,RDHO,0.9391205591803651,0.6807872258470318,0.2583333333333333,3.0057872258470315,70.81564149621752,1.5978784810149886,1.902613934347156,0.34476956462378183,0.9421840464394945,0.7416666666666667,4.215460910000047,9112,0.9439930564473771,0.004872497267011999,objective_weight,S3,Energy-delay priority,"(0.250, 0.250, 0.200, 0.150, 0.150)",0.25,0.25,0.2,0.15,0.15
1,20260701,RDHO,0.9316769758231632,0.5983436424898299,0.33333333333333337,3.59834364248983,104.45835975789436,1.6158464314767493,1.9237880275089854,0.32356985052607323,0.9448706275309429,0.6666666666666666,4.184683709999945,9112,0.9430401723373585,0.011363196514195262,objective_weight,S4,QoE-fairness priority,"(0.100, 0.100, 0.150, 0.325, 0.325)",0.1,0.1,0.15,0.325,0.325
2,20260702,RDHO,1.0126892884904457,0.671022621823779,0.3416666666666667,3.746022621823779,77.56767660736244,2.058467242900909,2.3973487674524403,0.30511561935858333,0.90532079290938,0.6583333333333333,4.192692423999915,9112,1.021448855011489,0.008759566521043372,objective_weight,S4,QoE-fairness priority,"(0.100, 0.100, 0.150, 0.325, 0.325)",0.1,0.1,0.15,0.325,0.325
3,20260703,RDHO,0.7451763057216051,0.5201763057216051,0.22499999999999998,2.545176305721605,70.89173932017702,1.533808298719253,1.8912762494750002,0.349299590888713,0.9406528419970696,0.775,4.321866828999873,9112,0.7539329848529133,0.008756679131308176,objective_weight,S4,QoE-fairness priority,"(0.100, 0.100, 0.150, 0.325, 0.325)",0.1,0.1,0.15,0.325,0.325
4,20260704,RDHO,0.8830381828902188,0.5747048495568855,0.30833333333333335,3.3497048495568857,78.18651902427041,1.666456261107502,1.989060925419221,0.3415577198886604,0.924816444496892,0.6916666666666667,4.217611804000171,9112,0.8875366651596063,0.004498482269387427,objective_weight,S4,QoE-fairness priority,"(0.100, 0.100, 0.150, 0.325, 0.325)",0.1,0.1,0.15,0.325,0.325
5,20260705,RDHO,0.9360598531810643,0.627726519847731,0.30833333333333335,3.4027265198477314,108.54916363511524,1.9388561997709755,2.2596592504309365,0.2961346966711325,0.9663544992429366,0.6916666666666667,4.134433656000056,9112,0.9399217117319418,0.003861858550877506,objective_weight,S4,QoE-fairness priority,"(0.100, 0.100, 0.150, 0.325, 0.325)",0.1,0.1,0.15,0.325,0.325
6,20260706,RDHO,0.8065804849177273,0.548247151584394,0.2583333333333333,2.8732471515843936,94.4548956864909,1.411672275604761,1.7138881167743398,0.32624414149263725,0.941162271903575,0.7416666666666667,4.238537611000083,9112,0.8267099645105384,0.020129479592811084,objective_weight,S4,QoE-fairness priority,"(0.100, 0.100, 0.150, 0.325, 0.325)",0.1,0.1,0.15,0.325,0.325
7,20260707,RDHO,0.8275138930917789,0.5525138930917789,0.275,3.027513893091779,78.7703630292595,1.3180986611327155,1.6370818806626501,0.3377280466889674,0.9439798553827747,0.725,4.247149166999861,9112,0.8456962741646931,0.018182381072914144,objective_weight,S4,QoE-fairness priority,"(0.100, 0.100, 0.150, 0.325, 0.325)",0.1,0.1,0.15,0.325,0.325
8,20260708,RDHO,0.8728936141772675,0.5728936141772675,0.30000000000000004,3.2728936141772675,67.2788542537054,1.7208355770872763,2.0103437019576234,0.32997234620624677,0.9489542530798352,0.7,4.209971962000054,9112,0.8887573181216477,0.015863703944380192,objective_weight,S4,QoE-fairness priority,"(0.100, 0.100, 0.150, 0.325, 0.325)",0.1,0.1,0.15,0.325,0.325
9,20260709,RDHO,1.0178725851909538,0.6595392518576205,0.3583333333333333,3.8845392518576203,135.76004102007897,1.8195672075270017,2.128743530625594,0.28229623122228986,0.9385191530797768,0.6416666666666667,4.210219320000078,9112,1.0419838894077356,0.02411130421678176,objective_weight,S4,QoE-fairness priority,"(0.100, 0.100, 0.150, 0.325, 0.325)",0.1,0.1,0.15,0.325,0.325
10,20260710,RDHO,0.8406835912256917,0.574016924559025,0.2666666666666667,2.9740169245590256,78.79953394022583,1.9644887801901956,2.337717414204319,0.33241547720725284,0.9558161770852384,0.7333333333333333,4.17601806499988,9112,0.857357164970306,0.016673573744614312,objective_weight,S4,QoE-fairness priority,"(0.100, 0.100, 0.150, 0.325, 0.325)",0.1,0.1,0.15,0.325,0.325
11,20260711,RDHO,0.9621950856659521,0.5955284189992854,0.3666666666666667,3.8955284189992856,103.29700544733102,1.7457600971754537,2.0576719884925025,0.31342288407756624,0.9751070475863164,0.6333333333333333,4.875310009000032,9112,0.9790473082632575,0.016852222597305344,objective_weight,S4,QoE-fairness priority,"(0.100, 0.100, 0.150, 0.325, 0.325)",0.1,0.1,0.15,0.325,0.325
12,20260712,RDHO,0.8214611987151095,0.5631278653817762,0.2583333333333333,2.888127865381776,81.96313794851574,1.7801815690230112,2.1644941816291716,0.34398260369647005,0.9550603248712617,0.7416666666666667,4.532977617999904,9112,0.8330971594880691,0.011635960772959586,objective_weight,S4,QoE-fairness priority,"(0.100, 0.100, 0.150, 0.325, 0.325)",0.1,0.1,0.15,0.325,0.325
13,20260713,RDHO,0.8179576959491908,0.5262910292825241,0.29166666666666663,3.1512910292825236,59.07674162713864,1.383994415724062,1.6587883708784716,0.34555977695753065,0.9474226309153072,0.7083333333333334,4.208502433999911,9112,0.8292103219962066,0.011252626047015823,objective_weight,S4,QoE-fairness priority,"(0.100, 0.100, 0.150, 0.325, 0.325)",0.1,0.1,0.15,0.325,0.325
14,20260714,RDHO,0.8050833461040502,0.5300833461040502,0.275,3.0050833461040503,66.99019159352851,1.6410617501394864,1.9855000725031342,0.35939562819101784,0.9480918453778446,0.725,4.140130474999978,9112,0.8107417375164081,0.00565839141235791,objective_weight,S4,QoE-fairness priority,"(0.100, 0.100, 0.150, 0.325, 0.325)",0.1,0.1,0.15,0.325,0.325
15,20260715,RDHO,0.806631887478942,0.556631887478942,0.25,2.806631887478942,88.78153407370527,1.643639201918641,1.9979917522175925,0.33673295227732725,0.9526502063959799,0.75,4.225676927999984,9112,0.8224727483338077,0.01584086085486569,objective_weight,S4,QoE-fairness priority,"(0.100, 0.100, 0.150, 0.325, 0.325)",0.1,0.1,0.15,0.325,0.325
16,20260716,RDHO,0.8424838628422009,0.5674838628422009,0.275,3.042483862842201,102.27214326327814,1.4962351620676066,1.8164418955387738,0.3179741227068186,0.9560166782201202,0.725,4.187092976999793,9112,0.8585830138042095,0.016099150962008646,objective_weight,S4,QoE-fairness priority,"(0.100, 0.100, 0.150, 0.325, 0.325)",0.1,0.1,0.15,0.325,0.325
17,20260717,RDHO,0.8748950760770944,0.5832284094104278,0.29166666666666663,3.2082284094104274,65.18981562824297,1.8348574925864825,2.158444781141272,0.32134550031945086,0.9539038189159437,0.7083333333333334,4.2418446070000755,9112,0.878439911861312,0.0035448357842176037,objective_weight,S4,QoE-fairness priority,"(0.100, 0.100, 0.150, 0.325, 0.325)",0.1,0.1,0.15,0.325,0.325
18,20260718,RDHO,0.8172196507181793,0.5422196507181792,0.275,3.017219650718179,93.36493701611184,1.5424516324616397,1.8702524737401247,0.33096439026054325,0.9623573201782104,0.725,4.330616332999853,9112,0.8297172580903832,0.012497607372203956,objective_weight,S4,QoE-fairness priority,"(0.100, 0.100, 0.150, 0.325, 0.325)",0.1,0.1,0.15,0.325,0.325
19,20260719,RDHO,0.8466435516853101,0.5633102183519768,0.2833333333333333,3.1133102183519767,72.20265636568533,1.6181354730104853,1.9415159395308614,0.3389918843266351,0.9135139343548582,0.7166666666666667,4.483303299999989,9112,0.8724547492029899,0.025811197517679796,objective_weight,S4,QoE-fairness priority,"(0.100, 0.100, 0.150, 0.325, 0.325)",0.1,0.1,0.15,0.325,0.325
20,20260720,RDHO,0.7797599421365408,0.5547599421365408,0.22499999999999998,2.5797599421365405,106.46366695520902,1.4641800971847079,1.7986030934541737,0.33856628620777407,0.9049942064020354,0.775,4.200004172000263,9112,0.7990424271333391,0.0192824849967983,objective_weight,S4,QoE-fairness priority,"(0.100, 0.100, 0.150, 0.325, 0.325)",0.1,0.1,0.15,0.325,0.325
21,20260721,RDHO,0.8514230209522443,0.568089687618911,0.2833333333333333,3.1180896876189106,85.42254437341255,1.447238247982042,1.780923529769956,0.3336478368967799,0.9599958979355502,0.7166666666666667,4.163042062000386,9112,0.8706796693335137,0.019256648381269392,objective_weight,S4,QoE-fairness priority,"(0.100, 0.100, 0.150, 0.325, 0.325)",0.1,0.1,0.15,0.325,0.325
22,20260722,RDHO,0.9236918182826509,0.6070251516159842,0.31666666666666665,3.457025151615984,85.52015249699025,1.75652235980439,2.079783123223963,0.296405649587648,0.938447333248144,0.6833333333333333,4.317722253999818,9112,0.9446630905914748,0.020971272308823896,objective_weight,S4,QoE-fairness priority,"(0.100, 0.100, 0.150, 0.325, 0.325)",0.1,0.1,0.15,0.325,0.325
23,20260723,RDHO,1.0261449702337737,0.6261449702337737,0.4,4.226144970233774,94.70527954883121,1.7113063318727506,1.9886137138009734,0.2972833897084525,0.9536463072440644,0.6,4.275182791000134,9112,1.041727766487496,0.015582796253722275,objective_weight,S4,QoE-fairness priority,"(0.100, 0.100, 0.150, 0.325, 0.325)",0.1,0.1,0.15,0.325,0.325
24,20260724,RDHO,0.7920697386197555,0.5504030719530888,0.2416666666666667,2.725403071953089,82.28295167924612,1.6048053580991788,1.9215768110086309,0.3557257363499355,0.9316974831763272,0.7583333333333333,4.339181782999731,9112,0.8010430097972927,0.008973271177537212,objective_weight,S4,QoE-fairness priority,"(0.100, 0.100, 0.150, 0.325, 0.325)",0.1,0.1,0.15,0.325,0.325
25,20260725,RDHO,0.876107218428478,0.5844405517618114,0.29166666666666663,3.209440551761811,128.35958711189784,1.545507567017991,1.8538170396206515,0.32841879955453096,0.94377285009018,0.7083333333333334,4.762923529000091,9112,0.8914557324103383,0.015348513981860212,objective_weight,S4,QoE-fairness priority,"(0.100, 0.100, 0.150, 0.325, 0.325)",0.1,0.1,0.15,0.325,0.325
26,20260726,RDHO,0.8909152663322036,0.599248599665537,0.29166666666666663,3.2242485996655366,94.91690389747362,1.3940023462778965,1.6623892450775686,0.3194982078601054,0.922032876774111,0.7083333333333334,4.757305107999855,9112,0.910331023957041,0.019415757624837382,objective_weight,S4,QoE-fairness priority,"(0.100, 0.100, 0.150, 0.325, 0.325)",0.1,0.1,0.15,0.325,0.325
27,20260727,RDHO,0.8831453504918626,0.6164786838251959,0.2666666666666667,3.0164786838251962,73.65892187788208,1.8104313992343173,2.163467281817659,0.31796106330062646,0.9288171661398262,0.7333333333333333,4.427854196000226,9112,0.9066356917199522,0.023490341228089573,objective_weight,S4,QoE-fairness priority,"(0.100, 0.100, 0.150, 0.325, 0.325)",0.1,0.1,0.15,0.325,0.325
28,20260728,RDHO,0.83898418099943,0.58898418099943,0.25,2.83898418099943,78.92286280941582,1.7794209529420109,2.0884661859798808,0.3220826789446929,0.94000047958586,0.75,4.316842987999735,9112,0.8522708308050961,0.013286649805666184,objective_weight,S4,QoE-fairness priority,"(0.100, 0.100, 0.150, 0.325, 0.325)",0.1,0.1,0.15,0.325,0.325
29,20260729,RDHO,0.9798777825649448,0.6215444492316116,0.3583333333333333,3.846544449231611,83.01369985905575,1.3607979892635114,1.5910721240398282,0.3146879699897983,0.9190576701044209,0.6416666666666667,4.326154103000135,9112,1.0002100846759179,0.020332302110973033,objective_weight,S4,QoE-fairness priority,"(0.100, 0.100, 0.150, 0.325, 0.325)",0.1,0.1,0.15,0.325,0.325
30,20260730,RDHO,0.7940243479342027,0.5356910146008694,0.2583333333333333,2.860691014600869,80.74960643497904,1.5236395208306337,1.8283749741628008,0.34570381858139043,0.9468373895015363,0.7416666666666667,4.220293800000036,9112,0.7980530654350015,0.004028717500798806,objective_weight,S4,QoE-fairness priority,"(0.100, 0.100, 0.150, 0.325, 0.325)",0.1,0.1,0.15,0.325,0.325
1,20260701,RDHO,1.1137200659365933,0.7720533992699266,0.3416666666666667,3.8470533992699267,112.42041122342359,1.5747882135751567,1.8827298096073926,0.3240667880633962,0.9465062130919959,0.6583333333333333,4.116896979000103,9112,1.126690322234559,0.012970256297965665,objective_weight,S5,AoI-freshness priority,"(0.125, 0.125, 0.350, 0.200, 0.200)",0.125,0.125,0.35,0.2,0.2
2,20260702,RDHO,1.2365974762031604,0.8782641428698271,0.3583333333333333,4.103264142869826,90.7401047327921,1.9339378889432737,2.2728194134948048,0.30601966297667194,0.897105417793942,0.6416666666666667,4.1311431220001396,9112,1.2487443682674568,0.012146892064296422,objective_weight,S5,AoI-freshness priority,"(0.125, 0.125, 0.350, 0.200, 0.200)",0.125,0.125,0.35,0.2,0.2
3,20260703,RDHO,0.8770945598037746,0.6437612264704413,0.23333333333333328,2.7437612264704407,81.05538147741979,1.45719650458952,1.814664455345267,0.34896913810829355,0.9416440082304836,0.7666666666666667,4.219811775999915,9112,0.8835756104839197,0.006481050680145151,objective_weight,S5,AoI-freshness priority,"(0.125, 0.125, 0.350, 0.200, 0.200)",0.125,0.125,0.35,0.2,0.2
4,20260704,RDHO,1.04948473017997,0.7328180635133034,0.31666666666666665,3.582818063513303,84.8445194525693,1.5925828477556159,1.9151875120673345,0.34207175936667067,0.9194979639314036,0.6833333333333333,4.381910531000358,9112,1.0545003762229948,0.005015646043024846,objective_weight,S5,AoI-freshness priority,"(0.125, 0.125, 0.350, 0.200, 0.200)",0.125,0.125,0.35,0.2,0.2
5,20260705,RDHO,1.1250727029277048,0.8167393695943713,0.30833333333333335,3.5917393695943716,121.08658783637688,1.8045940342221605,2.1253970848821213,0.29732298684240377,0.9581745190380252,0.6916666666666667,4.151817791999747,9112,1.1512557284497351,0.026183025522030334,objective_weight,S5,AoI-freshness priority,"(0.125, 0.125, 0.350, 0.200, 0.200)",0.125,0.125,0.35,0.2,0.2
6,20260706,RDHO,0.9392701747580092,0.6809368414246759,0.2583333333333333,3.005936841424676,97.99893440239778,1.3715422960725356,1.6737581372421144,0.329068891146077,0.9349698827876156,0.7416666666666667,4.272170824999648,9112,0.9522187795599331,0.012948604801923835,objective_weight,S5,AoI-freshness priority,"(0.125, 0.125, 0.350, 0.200, 0.200)",0.125,0.125,0.35,0.2,0.2
7,20260707,RDHO,0.9814954184965818,0.7064954184965818,0.275,3.181495418496582,85.3470459055132,1.2853607531163174,1.6043439726462516,0.3379541041095469,0.9454733320392015,0.725,4.281627664000098,9112,0.9908686880883457,0.009373269591763878,objective_weight,S5,AoI-freshness priority,"(0.125, 0.125, 0.350, 0.200, 0.200)",0.125,0.125,0.35,0.2,0.2
8,20260708,RDHO,1.0343438500407045,0.7260105167073712,0.30833333333333335,3.5010105167073715,78.93742885281306,1.5869303590995298,1.8764384839698771,0.3292794683786129,0.9494084662419991,0.6916666666666667,4.309051678999822,9112,1.042019423686039,0.007675573645334444,objective_weight,S5,AoI-freshness priority,"(0.125, 0.125, 0.350, 0.200, 0.200)",0.125,0.125,0.35,0.2,0.2
9,20260709,RDHO,1.221775088273763,0.8467750882737629,0.375,4.221775088273763,146.34752737742699,1.7654107037899984,2.0745870268885906,0.28078050982885394,0.9356936668333563,0.625,4.186056987000029,9112,1.2367546304014034,0.01497954212764041,objective_weight,S5,AoI-freshness priority,"(0.125, 0.125, 0.350, 0.200, 0.200)",0.125,0.125,0.35,0.2,0.2
10,20260710,RDHO,1.0214573773454587,0.7464573773454588,0.275,3.221457377345459,89.74401864445517,1.8295218632436872,2.2027504972578105,0.33281393716789676,0.9513558897188834,0.725,4.597932141000001,9112,1.0298839465960887,0.008426569250630012,objective_weight,S5,AoI-freshness priority,"(0.125, 0.125, 0.350, 0.200, 0.200)",0.125,0.125,0.35,0.2,0.2
11,20260711,RDHO,1.1488000623778518,0.7821333957111851,0.3666666666666667,4.082133395711185,107.12818856482842,1.699339488671513,2.0112513799885616,0.31301401103581317,0.9752269532215063,0.6333333333333333,4.6675919730000714,9112,1.1736655570851244,0.024865494707272617,objective_weight,S5,AoI-freshness priority,"(0.125, 0.125, 0.350, 0.200, 0.200)",0.125,0.125,0.35,0.2,0.2
12,20260712,RDHO,0.9865603230009293,0.7198936563342626,0.2666666666666667,3.1198936563342627,96.33329010017003,1.6895865314818543,2.0738991440880152,0.34093212186870253,0.9536902782652336,0.7333333333333333,4.518686035999963,9112,0.9981139561140784,0.011553633113149053,objective_weight,S5,AoI-freshness priority,"(0.125, 0.125, 0.350, 0.200, 0.200)",0.125,0.125,0.35,0.2,0.2
13,20260713,RDHO,0.962625645691724,0.6542923123583907,0.30833333333333335,3.429292312358391,71.7899805700165,1.3183325757250284,1.5931265308794378,0.3438023524714024,0.945908025079375,0.6916666666666667,4.200356361000104,9112,0.9666717262435099,0.004046080551785902,objective_weight,S5,AoI-freshness priority,"(0.125, 0.125, 0.350, 0.200, 0.200)",0.125,0.125,0.35,0.2,0.2
14,20260714,RDHO,0.9609646066182683,0.6859646066182683,0.275,3.1609646066182684,70.42801407814615,1.6580845705846798,2.0025228929483276,0.3571459891392975,0.9461412401283869,0.725,4.142964641000162,9112,0.9654343769007828,0.004469770282514496,objective_weight,S5,AoI-freshness priority,"(0.125, 0.125, 0.350, 0.200, 0.200)",0.125,0.125,0.35,0.2,0.2
15,20260715,RDHO,0.9505232041192789,0.6838565374526122,0.2666666666666667,3.0838565374526126,106.07024576825086,1.4833006979237953,1.8376532482227468,0.33375978487702795,0.9469218061860862,0.7333333333333333,4.188369852000051,9112,0.9613987030640263,0.010875498944747375,objective_weight,S5,AoI-freshness priority,"(0.125, 0.125, 0.350, 0.200, 0.200)",0.125,0.125,0.35,0.2,0.2
16,20260716,RDHO,1.0063050316955269,0.7146383650288602,0.29166666666666663,3.33963836502886,108.37794585676481,1.4571692820632836,1.7773760155344511,0.3172651088945769,0.954406415271616,0.7083333333333334,4.303265677999661,9112,1.0210445898412481,0.014739558145721254,objective_weight,S5,AoI-freshness priority,"(0.125, 0.125, 0.350, 0.200, 0.200)",0.125,0.125,0.35,0.2,0.2
17,20260717,RDHO,1.046893423418255,0.7552267567515883,0.29166666666666663,3.380226756751588,73.15476533144044,1.7352904247113243,2.0588777132661145,0.32085777681500477,0.9443453689007173,0.7083333333333334,4.248551452999891,9112,1.0556246595690753,0.008731236150820276,objective_weight,S5,AoI-freshness priority,"(0.125, 0.125, 0.350, 0.200, 0.200)",0.125,0.125,0.35,0.2,0.2
18,20260718,RDHO,0.9566557860847528,0.6733224527514194,0.2833333333333333,3.223322452751419,103.19265623409103,1.4495649343746808,1.7773657756531658,0.332963481143662,0.9627369142519254,0.7166666666666667,4.250516635000167,9112,0.963871549931472,0.007215763846719181,objective_weight,S5,AoI-freshness priority,"(0.125, 0.125, 0.350, 0.200, 0.200)",0.125,0.125,0.35,0.2,0.2
19,20260719,RDHO,1.0015771856234226,0.6932438522900893,0.30833333333333335,3.46824385229009,86.72927837111686,1.4424886635438317,1.7658691300642075,0.3376063216001352,0.9085294582009961,0.6916666666666667,4.492106626999885,9112,1.013986114666866,0.012408929043443484,objective_weight,S5,AoI-freshness priority,"(0.125, 0.125, 0.350, 0.200, 0.200)",0.125,0.125,0.35,0.2,0.2
20,20260720,RDHO,0.9089205984290711,0.6755872650957379,0.23333333333333328,2.7755872650957376,119.50593172446403,1.3507387497216772,1.685161745991143,0.33831974686808647,0.9058880921346734,0.7666666666666667,4.257870980999996,9112,0.9142817792444897,0.005361180815418587,objective_weight,S5,AoI-freshness priority,"(0.125, 0.125, 0.350, 0.200, 0.200)",0.125,0.125,0.35,0.2,0.2
21,20260721,RDHO,1.0023425718524195,0.7106759051857529,0.29166666666666663,3.3356759051857523,99.06746854697352,1.3343092877984233,1.667994569586337,0.3360776624022911,0.9619952928665274,0.7083333333333334,4.133766299999934,9112,1.0169541077690072,0.014611535916587703,objective_weight,S5,AoI-freshness priority,"(0.125, 0.125, 0.350, 0.200, 0.200)",0.125,0.125,0.35,0.2,0.2
22,20260722,RDHO,1.0997020209970465,0.7830353543303797,0.31666666666666665,3.6330353543303793,97.01150153799557,1.662038950179457,1.9852997135990305,0.29685848537549886,0.9363247624114377,0.6833333333333333,4.187277417000132,9112,1.111354653375548,0.01165263237850156,objective_weight,S5,AoI-freshness priority,"(0.125, 0.125, 0.350, 0.200, 0.200)",0.125,0.125,0.35,0.2,0.2
23,20260723,RDHO,1.219993609756027,0.7949936097560271,0.42500000000000004,4.619993609756027,103.79002620640453,1.6078225468324792,1.8851299287607026,0.29676836332927853,0.9516190081638832,0.575,4.203383054999904,9112,1.2380383028699118,0.01804469311388468,objective_weight,S5,AoI-freshness priority,"(0.125, 0.125, 0.350, 0.200, 0.200)",0.125,0.125,0.35,0.2,0.2
24,20260724,RDHO,0.9290040441378672,0.6790040441378672,0.25,2.929004044137867,94.96643400871943,1.4795397734746067,1.7963112263840593,0.357720894927789,0.9200606297359155,0.75,4.47490101800031,9112,0.941241329577127,0.012237285439259837,objective_weight,S5,AoI-freshness priority,"(0.125, 0.125, 0.350, 0.200, 0.200)",0.125,0.125,0.35,0.2,0.2
25,20260725,RDHO,1.005488007958245,0.7138213412915781,0.29166666666666663,3.3388213412915775,137.54385041029673,1.4050215294093487,1.7133310020120092,0.3356821785528011,0.9499110626131247,0.7083333333333334,4.308240827000191,9112,1.021757428481414,0.016269420523169043,objective_weight,S5,AoI-freshness priority,"(0.125, 0.125, 0.350, 0.200, 0.200)",0.125,0.125,0.35,0.2,0.2
26,20260726,RDHO,1.0554402443043944,0.7554402443043943,0.30000000000000004,3.4554402443043943,103.53369139419478,1.3397914115958365,1.6081783103955083,0.3193128583847731,0.9186448740386974,0.7,4.605091687999902,9112,1.0730710954436375,0.01763085113924312,objective_weight,S5,AoI-freshness priority,"(0.125, 0.125, 0.350, 0.200, 0.200)",0.125,0.125,0.35,0.2,0.2
27,20260727,RDHO,1.0592464688307834,0.7509131354974502,0.30833333333333335,3.5259131354974507,93.72182426216406,1.6385295557502233,1.991565438333565,0.314484082508918,0.9096948509397728,0.6916666666666667,4.606440505000137,9112,1.0848839225153601,0.025637453684576705,objective_weight,S5,AoI-freshness priority,"(0.125, 0.125, 0.350, 0.200, 0.200)",0.125,0.125,0.35,0.2,0.2
28,20260728,RDHO,0.9968133617839688,0.7384800284506355,0.2583333333333333,3.0634800284506354,96.5669046748717,1.5669799505754234,1.8760251836132933,0.3220586041075606,0.9380946016994023,0.7416666666666667,4.355302931000097,9112,1.0255318893269427,0.028718527542973882,objective_weight,S5,AoI-freshness priority,"(0.125, 0.125, 0.350, 0.200, 0.200)",0.125,0.125,0.35,0.2,0.2
29,20260729,RDHO,1.1526301500600478,0.7776301500600477,0.375,4.152630150060047,89.1575075893965,1.2582605303021024,1.488534665078419,0.3123658723324185,0.9111714234463991,0.625,4.271585976000097,9112,1.1704296199231194,0.017799469863071682,objective_weight,S5,AoI-freshness priority,"(0.125, 0.125, 0.350, 0.200, 0.200)",0.125,0.125,0.35,0.2,0.2
30,20260730,RDHO,0.9553159736580233,0.69698264032469,0.2583333333333333,3.0219826403246897,86.21326490680063,1.4977839561192252,1.802519409451392,0.3454904173017336,0.9475871731806252,0.7416666666666667,4.214420675999918,9112,0.9618343158751057,0.006518342217082362,objective_weight,S5,AoI-freshness priority,"(0.125, 0.125, 0.350, 0.200, 0.200)",0.125,0.125,0.35,0.2,0.2
