run_id,seed,algorithm,fitness,base_objective,penalty,search_fitness,energy,delay,aoi,qoe,fairness,csr,hard_feasible,capacity_utilisation_mean,capacity_utilisation_max,assignment_unique,runtime,nfe,pre_refinement_fitness,local_refinement_gain,experiment,lambda0,alpha
1,20260701,RDHO,1.097043738143694,0.7553770714770274,0.3416666666666667,1.267877071477027,80.10641788681716,2.063257183833682,2.3562339432268415,0.4084502072832931,0.905332141017859,0.6583333333333333,1,0.8225485540265477,1.0,1,6.6212932920000185,10232,1.15135148076973,0.0543077426260361,dynamic_penalty,0.5,1.0
2,20260702,RDHO,1.0450984062943012,0.7034317396276344,0.3416666666666667,1.2159317396276343,93.13279430193798,1.9340364480066967,2.245834699007707,0.4231828259750759,0.9416860932696588,0.6583333333333333,1,0.8631487761998111,1.0,1,6.516943416999993,10232,1.067559550517212,0.0224611442229107,dynamic_penalty,0.5,1.0
3,20260703,RDHO,0.8588606212570602,0.6171939545903935,0.2416666666666667,0.9796939545903935,56.39763603123497,1.66894835405026,1.99747001973205,0.4745777286133117,0.9358966719558665,0.7583333333333333,1,0.8288130012751127,1.0,1,6.605052333999993,10232,0.9125323883470288,0.0536717670899684,dynamic_penalty,0.5,1.0
4,20260704,RDHO,0.7821616258222681,0.5821616258222682,0.1999999999999999,0.8821616258222681,91.10376829790675,1.867614362162491,2.202333588205838,0.4791385043427301,0.9344864332002956,0.8,1,0.8561182129200916,1.0,1,6.489841999999953,10232,0.8116620569566837,0.0295004311344155,dynamic_penalty,0.5,1.0
5,20260705,RDHO,0.9380850558015688,0.6547517224682355,0.2833333333333333,1.0797517224682356,96.92821359209424,2.027366275749794,2.3664169662518324,0.4364256524694276,0.9283144243004208,0.7166666666666667,1,0.8129782122495255,1.0000000000000002,1,6.790496542000028,10232,1.016383916138824,0.078298860337255,dynamic_penalty,0.5,1.0
6,20260706,RDHO,0.9999846376923726,0.6999846376923725,0.3,1.1499846376923726,96.82481074461832,1.796197341859282,2.114474216578003,0.4218329745934476,0.9251007959097248,0.7,1,0.8227975651535053,1.0000000000000002,1,6.632932041000004,10232,1.0288088812964755,0.0288242436041029,dynamic_penalty,0.5,1.0
7,20260707,RDHO,1.146629300738614,0.7882959674052806,0.3583333333333333,1.3257959674052806,87.99963694947243,2.459585621454564,2.793619561044496,0.4068876948229106,0.9132901889611048,0.6416666666666667,1,0.821658800512896,1.0000000000000002,1,6.55078299999991,10232,1.2277207942065398,0.0810914934679258,dynamic_penalty,0.5,1.0
8,20260708,RDHO,1.0380199319976855,0.6880199319976856,0.35,1.2130199319976855,81.25003649127774,2.0308005386156416,2.3509060386967646,0.427159564568088,0.9343749182348884,0.65,1,0.8253230904450541,1.0000000000000002,1,6.631176292000191,10232,1.071509298008516,0.0334893660108304,dynamic_penalty,0.5,1.0
9,20260709,RDHO,0.8897520942858359,0.6480854276191692,0.2416666666666667,1.0105854276191693,102.93194475483251,1.8322073327728576,2.176723576015855,0.4568097799069737,0.9414649807057572,0.7583333333333333,1,0.8137152289941099,1.0000000000000002,1,6.564798082999914,10232,0.9137620368449972,0.0240099425591613,dynamic_penalty,0.5,1.0
10,20260710,RDHO,1.0086832352737438,0.6836832352737439,0.3249999999999999,1.1711832352737437,116.62722146293102,1.6959797476596328,1.977916407546052,0.4278941279855922,0.9012340859914982,0.675,1,0.8562754024627551,1.0,1,6.7381699999998546,10232,1.042989589649428,0.034306354375684,dynamic_penalty,0.5,1.0
11,20260711,RDHO,0.704705378688031,0.5380387120213643,0.1666666666666666,0.7880387120213643,71.54077561853148,1.58666169893453,1.924072618556796,0.5221766724553496,0.9282939351573352,0.8333333333333334,1,0.8603486623297375,1.0000000000000002,1,6.457515290999936,10232,0.7145150664187241,0.0098096877306931,dynamic_penalty,0.5,1.0
12,20260712,RDHO,1.2313987265781048,0.8147320599114383,0.4166666666666666,1.4397320599114385,118.88021500424809,1.957124224261848,2.230759940252444,0.3695022333991644,0.9350164143155728,0.5833333333333334,1,0.8916702070960241,1.0000000000000002,1,6.634591666000006,10232,1.263776788453995,0.0323780618758902,dynamic_penalty,0.5,1.0
13,20260713,RDHO,0.9071368578836648,0.6488035245503314,0.2583333333333333,1.0363035245503314,64.58421446890102,1.6194086896382722,1.9334638511992368,0.4657483473204006,0.9130753145767436,0.7416666666666667,1,0.7012854277223882,1.0000000000000002,1,6.831253625000045,10232,1.0284756763598153,0.1213388184761505,dynamic_penalty,0.5,1.0
14,20260714,RDHO,0.9561236244073036,0.6727902910739703,0.2833333333333333,1.0977902910739703,121.84469805357662,1.633801298549051,1.972231786181866,0.4443804865159148,0.92045143815551,0.7166666666666667,1,0.87989509332067,1.0000000000000002,1,6.641012875000115,10232,0.9818081336736768,0.0256845092663733,dynamic_penalty,0.5,1.0
15,20260715,RDHO,0.9961412669012076,0.7128079335678744,0.2833333333333333,1.1378079335678744,91.16359492587102,1.6762684680280409,1.941366084230908,0.4206067788393426,0.9380943816384596,0.7166666666666667,1,0.7925266453582277,1.0,1,6.843804082999895,10232,1.0344934922122966,0.0383522253110888,dynamic_penalty,0.5,1.0
16,20260716,RDHO,0.9376383274653124,0.6459716607986458,0.2916666666666666,1.0834716607986457,70.58219603735476,1.651756784169374,1.9308924318288625,0.4466888943991475,0.9438414836817828,0.7083333333333334,1,0.7540015535836493,1.0000000000000002,1,6.730735249999952,10232,0.9820038240587264,0.044365496593414,dynamic_penalty,0.5,1.0
17,20260717,RDHO,1.0802533052195324,0.7302533052195325,0.35,1.2552533052195325,113.98763136203962,1.9364600609645488,2.251122753929031,0.4193660507784662,0.8971772704934211,0.65,1,0.876813812830742,1.0000000000000002,1,6.735401582999884,10232,1.0982038395117926,0.0179505342922601,dynamic_penalty,0.5,1.0
18,20260718,RDHO,0.8479313393494625,0.6312646726827958,0.2166666666666666,0.956264672682796,111.9362397138108,1.949576891779767,2.3016041029908094,0.4673405103753528,0.926299257928484,0.7833333333333333,1,0.8045899977267066,1.0000000000000002,1,6.733791042000121,10232,0.8724975614502316,0.024566222100769,dynamic_penalty,0.5,1.0
19,20260719,RDHO,0.9404694209384916,0.673802754271825,0.2666666666666667,1.0738027542718251,107.09534313858678,1.632653717694722,1.9292202111044077,0.4615238168231947,0.8841694924769083,0.7333333333333333,1,0.8121715073885233,1.0000000000000002,1,6.890448333999984,10232,0.9740867032982876,0.0336172823597958,dynamic_penalty,0.5,1.0
20,20260720,RDHO,0.8419625823871945,0.6002959157205278,0.2416666666666667,0.9627959157205278,75.78854060923348,1.7586654613321506,2.0846023776116978,0.483548299951627,0.8949931627526592,0.7583333333333333,1,0.8162286414730744,1.0,1,6.65574783299985,10232,0.8671846521690529,0.0252220697818584,dynamic_penalty,0.5,1.0
21,20260721,RDHO,0.9838055073277904,0.6921388406611236,0.2916666666666666,1.1296388406611235,108.67474875290416,1.9400222381763403,2.2965326094350056,0.4256223178583966,0.9265368896906055,0.7083333333333334,1,0.8122559233271716,1.0,1,6.769759167000075,10232,1.0194600310335842,0.0356545237057939,dynamic_penalty,0.5,1.0
22,20260722,RDHO,0.7711152798298792,0.5544486131632125,0.2166666666666666,0.8794486131632124,101.21162081716972,1.467624697370597,1.8015822550212623,0.5035493632891486,0.9476971353227128,0.7833333333333333,1,0.810395201252373,1.0000000000000002,1,6.682557666000093,10232,0.8057470792798066,0.0346317994499274,dynamic_penalty,0.5,1.0
23,20260723,RDHO,0.7591471610453473,0.575813827712014,0.1833333333333333,0.850813827712014,78.08894419802556,2.1123603961844113,2.4978628083228207,0.4925763421058358,0.9505502554420632,0.8166666666666667,1,0.7854238257797059,1.0000000000000002,1,6.600977750000084,10232,0.8968601675484168,0.1377130065030695,dynamic_penalty,0.5,1.0
24,20260724,RDHO,0.9510789483361156,0.6677456150027822,0.2833333333333333,1.092745615002782,55.19199248558193,1.8164458591448571,2.096301729855173,0.45331665779155,0.9119139865027992,0.7166666666666667,1,0.7852250548729512,1.0000000000000002,1,6.700343083000007,10232,0.999856926506402,0.0487779781702863,dynamic_penalty,0.5,1.0
25,20260725,RDHO,0.8817958497773216,0.6234625164439883,0.2583333333333333,1.0109625164439882,67.9058739952961,2.1499034449887735,2.53139185681642,0.4637551190226459,0.9374252049354256,0.7416666666666667,1,0.810483247803314,1.0,1,6.501255499999843,10232,1.042944414329734,0.1611485645524123,dynamic_penalty,0.5,1.0
26,20260726,RDHO,1.0191930679700865,0.7108597346367532,0.3083333333333333,1.1733597346367532,108.72159030287466,1.9679824828250552,2.307183701777199,0.4406036153505914,0.9003182026358796,0.6916666666666667,1,0.7630874858565678,1.0000000000000002,1,6.523151458000029,10232,1.0285990526686235,0.009405984698537,dynamic_penalty,0.5,1.0
27,20260727,RDHO,0.8309763938826921,0.5976430605493588,0.2333333333333332,0.9476430605493588,133.24847688328092,1.8142269701412923,2.1819505816459257,0.4623200507775031,0.949671325402938,0.7666666666666667,1,0.7969252418796877,1.0,1,6.63271850000001,10232,0.8433405512466919,0.0123641573639998,dynamic_penalty,0.5,1.0
28,20260728,RDHO,0.9062991466366698,0.639632479970003,0.2666666666666667,1.0396324799700032,66.55091708172264,1.607263417346123,1.9247918894204232,0.453224342438056,0.921098255394704,0.7333333333333333,1,0.8529687828731606,1.0,1,6.567871250000053,10232,0.962695780297422,0.0563966336607522,dynamic_penalty,0.5,1.0
29,20260729,RDHO,1.0140929275345938,0.7140929275345937,0.3,1.1640929275345937,122.57729486319704,1.9308510332670927,2.241076234989309,0.4130801973905497,0.8839638988158918,0.7,1,0.9078703472348192,1.0000000000000002,1,6.750470625000162,10232,1.0541132715632424,0.0400203440286486,dynamic_penalty,0.5,1.0
30,20260730,RDHO,1.041697759668892,0.7166977596688918,0.3249999999999999,1.2041977596688918,135.93662810784278,1.9355735137321095,2.2587265410268116,0.4237953658405893,0.949038258468256,0.675,1,0.7925424628283572,1.0000000000000002,1,6.7969548329999725,10232,1.0649884260950462,0.0232906664261542,dynamic_penalty,0.5,1.0
1,20260701,RDHO,1.104093470464112,0.754093470464112,0.35,2.329093470464112,81.41722686019187,2.029073138238076,2.322049897631236,0.407559912799689,0.9048811268301372,0.65,1,0.8253738590603665,1.0,1,6.637462166999967,10232,1.1892451595749356,0.0851516891108237,dynamic_penalty,0.5,2.0
2,20260702,RDHO,1.0437297787516906,0.7103964454183571,0.3333333333333333,2.2103964454183576,90.49890694335288,1.9569925531858268,2.2687908041868377,0.4243957073881649,0.941547462583394,0.6666666666666666,1,0.8439370337835885,1.0000000000000002,1,6.512876209000069,10232,1.0756728675506104,0.0319430887989198,dynamic_penalty,0.5,2.0
3,20260703,RDHO,0.8740737910037916,0.6240737910037916,0.25,1.7490737910037917,61.520828482872304,1.737175761969505,2.0656974276512954,0.4706575123593315,0.9333193204850098,0.75,1,0.8229547353988318,1.0,1,6.606209499999977,10232,0.9540680271470692,0.0799942361432777,dynamic_penalty,0.5,2.0
4,20260704,RDHO,0.7697353222344658,0.5780686555677992,0.1916666666666666,1.440568655567799,90.5879158212309,1.788681638197933,2.1234008642412796,0.4786177669989664,0.9352194200344404,0.8083333333333333,1,0.861339348121006,1.0000000000000002,1,6.423245749999978,10232,0.8240086140072085,0.0542732917727426,dynamic_penalty,0.5,2.0
5,20260705,RDHO,0.93443238766008,0.6510990543267466,0.2833333333333333,1.9260990543267464,96.00396268125247,1.9848116757671317,2.32386236626917,0.4360768913348787,0.9264535398211924,0.7166666666666667,1,0.8376664199233427,1.0000000000000002,1,6.692405708000024,10232,0.9762511382065034,0.0418187505464234,dynamic_penalty,0.5,2.0
6,20260706,RDHO,0.9941215084832395,0.702454841816573,0.2916666666666666,2.014954841816573,98.82704443742637,1.774831107430924,2.093107982149645,0.4231143695267819,0.9248959231074464,0.7083333333333334,1,0.8311753115551438,1.0000000000000002,1,6.56770441599997,10232,1.0366105959789729,0.0424890874957332,dynamic_penalty,0.5,2.0
7,20260707,RDHO,1.149783087076084,0.7831164204094174,0.3666666666666667,2.4331164204094176,89.89677114312508,2.418450866211713,2.7524848058016445,0.4066292531810558,0.9133964174453976,0.6333333333333333,1,0.8207234989502652,1.0000000000000002,1,6.419903040999998,10232,1.2129687915147596,0.0631857044386754,dynamic_penalty,0.5,2.0
8,20260708,RDHO,1.0178489799928614,0.6845156466595281,0.3333333333333333,2.1845156466595284,82.73637161743997,2.0958028691441464,2.415908369225269,0.4269261544133242,0.9347713941628156,0.6666666666666666,1,0.8314628901482196,1.0000000000000002,1,6.644829458999993,10232,1.071528749095373,0.0536797691025119,dynamic_penalty,0.5,2.0
9,20260709,RDHO,0.8922844910690595,0.6506178244023928,0.2416666666666667,1.738117824402393,104.44563061538436,1.8300493655230603,2.1745656087660583,0.4552220890552877,0.9418877811534112,0.7583333333333333,1,0.813000339542832,1.0000000000000002,1,6.548873583000159,10232,0.9026709069253416,0.010386415856282,dynamic_penalty,0.5,2.0
10,20260710,RDHO,1.0092812770907431,0.6842812770907433,0.3249999999999999,2.146781277090743,116.75740703189172,1.6887561871589696,1.9706928470453893,0.4286325652361662,0.9023287575969996,0.675,1,0.8591990259833318,1.0000000000000002,1,6.689101208000011,10232,1.037634301989256,0.0283530248985126,dynamic_penalty,0.5,2.0
11,20260711,RDHO,0.7025766333754428,0.5275766333754428,0.175,1.3150766333754431,63.71754548911023,1.5425036371903516,1.879914556812618,0.5187579647556259,0.92146397778998,0.825,1,0.8293179886596089,1.0,1,6.44142629199996,10232,0.708571781548766,0.0059951481733231,dynamic_penalty,0.5,2.0
12,20260712,RDHO,1.2274201496973147,0.8107534830306481,0.4166666666666666,2.685753483030648,117.43552002317875,1.975966226272489,2.2496019422630846,0.3694791346767078,0.9352040834091476,0.5833333333333334,1,0.9018035098897788,1.0000000000000002,1,6.525992166000151,10232,1.2523841804712863,0.0249640307739718,dynamic_penalty,0.5,2.0
13,20260713,RDHO,0.9136703922180004,0.6470037255513338,0.2666666666666667,1.847003725551334,66.21995692942502,1.6498203388231356,1.9638755003840995,0.4651763677969127,0.9127711971824752,0.7333333333333333,1,0.7420158554356165,1.0000000000000002,1,6.716004417000022,10232,1.0162007821684298,0.1025303899504292,dynamic_penalty,0.5,2.0
14,20260714,RDHO,0.950228261039624,0.675228261039624,0.275,1.912728261039624,126.66125399147252,1.5816297875912253,1.92006027522404,0.4480399203486193,0.9207014183698624,0.725,1,0.879766156120084,1.0000000000000002,1,6.603432082999916,10232,0.9783791361621766,0.0281508751225526,dynamic_penalty,0.5,2.0
15,20260715,RDHO,0.9883949978856608,0.7133949978856606,0.275,1.950894997885661,89.42718538454426,1.6597931221900353,1.9248907383929024,0.4235270927560753,0.937862573941843,0.725,1,0.7901503844689002,1.0000000000000002,1,6.726171749999821,10232,1.056098929216886,0.0677039313312254,dynamic_penalty,0.5,2.0
16,20260716,RDHO,0.9463461995585436,0.654679532891877,0.2916666666666666,1.9671795328918769,71.56738636038145,1.6874712626789408,1.9666069103384292,0.4462393004286806,0.9440928775495592,0.7083333333333334,1,0.7812099563409473,1.0000000000000002,1,6.664317875000052,10232,0.9693460740662128,0.0229998745076692,dynamic_penalty,0.5,2.0
17,20260717,RDHO,1.082588419985255,0.7325884199852547,0.35,2.3075884199852545,111.22039523971657,1.9683285717285373,2.2829912646930195,0.4181377692447948,0.8990103583446848,0.65,1,0.8839164518747832,1.0,1,6.76521866600001,10232,1.1681677643166366,0.0855793443313819,dynamic_penalty,0.5,2.0
18,20260718,RDHO,0.8524915917553739,0.627491591755374,0.2249999999999999,1.6399915917553738,111.4378109479293,1.9383929442610792,2.290420155472122,0.4694955649047103,0.9265103647615186,0.775,1,0.8131145213398817,1.0000000000000002,1,6.6109037080000235,10232,0.8691000497997984,0.0166084580444244,dynamic_penalty,0.5,2.0
19,20260719,RDHO,0.9448081037981282,0.6864747704647949,0.2583333333333333,1.8489747704647947,107.7266886650083,1.7281397153850877,2.0247062087947727,0.463177826591796,0.8857746415400698,0.7416666666666667,1,0.8098258464079177,1.0,1,6.815892333999955,10232,0.9672550024147648,0.0224468986166367,dynamic_penalty,0.5,2.0
20,20260720,RDHO,0.84859368625173,0.59859368625173,0.25,1.72359368625173,79.25523953052368,1.721044158493524,2.046981074773071,0.4845577758312123,0.8968031809382422,0.75,1,0.828630395864285,1.0000000000000002,1,6.638853042000164,10232,0.8871168141282275,0.0385231278764974,dynamic_penalty,0.5,2.0
21,20260721,RDHO,0.9844383528189328,0.6927716861522663,0.2916666666666666,2.005271686152266,109.81919641623529,1.9508398519195085,2.3073502231781733,0.4257790870059018,0.9269516219467931,0.7083333333333334,1,0.8142866018217597,1.0,1,6.751939499999935,10232,1.0079801201055585,0.0235417672866256,dynamic_penalty,0.5,2.0
22,20260722,RDHO,0.7814770538170381,0.5564770538170382,0.2249999999999999,1.5689770538170382,103.4875111689604,1.4818342346494524,1.815791792300118,0.503548180417407,0.947722511580367,0.775,1,0.8348179373533192,1.0000000000000002,1,6.643064165999931,10232,0.8057777203880477,0.0243006665710096,dynamic_penalty,0.5,2.0
23,20260723,RDHO,0.7594677796344951,0.5678011129678284,0.1916666666666666,1.4303011129678285,78.2082696939279,2.022609775124846,2.4081121872632565,0.4976675678054981,0.9548206899775602,0.8083333333333333,1,0.7795050116517233,1.0000000000000002,1,6.5986959580000075,10232,0.983092665889694,0.223624886255199,dynamic_penalty,0.5,2.0
24,20260724,RDHO,0.9552937612167391,0.6719604278834058,0.2833333333333333,1.9469604278834056,66.1590496227883,1.7597790978513708,2.0396349685616872,0.4510723952244064,0.9081543841387222,0.7166666666666667,1,0.7847897351904011,1.0000000000000002,1,6.668977375000168,10232,1.0124377644209248,0.0571440032041856,dynamic_penalty,0.5,2.0
25,20260725,RDHO,0.8887483397643148,0.6220816730976481,0.2666666666666667,1.822081673097648,69.66038874184532,2.1114573780705785,2.492945789898225,0.4641949250475456,0.9370203391143604,0.7333333333333333,1,0.8243261667593544,1.0000000000000002,1,6.528750041999956,10232,0.9305592728083736,0.0418109330440588,dynamic_penalty,0.5,2.0
26,20260726,RDHO,1.0378691610069304,0.7212024943402637,0.3166666666666666,2.1462024943402636,91.88902388634156,2.0880395718139444,2.4272407907660876,0.4355117481087693,0.8990439289148531,0.6833333333333333,1,0.7615418288094287,1.0000000000000002,1,6.573089041000003,10232,1.0609226403976255,0.0230534793906951,dynamic_penalty,0.5,2.0
27,20260727,RDHO,0.8274171284210068,0.6107504617543401,0.2166666666666666,1.58575046175434,131.0307008805475,1.9355691238848536,2.303292735389487,0.4645923126914109,0.9510090677514308,0.7833333333333333,1,0.7916332413945721,1.0,1,6.653059541999937,10232,0.8377898339596367,0.0103727055386299,dynamic_penalty,0.5,2.0
28,20260728,RDHO,0.910039098608078,0.6433724319414114,0.2666666666666667,1.8433724319414115,66.73488606000609,1.5920492875659018,1.9095777596402017,0.4574680206438032,0.923552200498999,0.7333333333333333,1,0.8472191604274384,1.0000000000000002,1,6.379284291999966,10232,0.9737832008037056,0.0637441021956276,dynamic_penalty,0.5,2.0
29,20260729,RDHO,1.015482958839336,0.7154829588393361,0.3,2.065482958839336,124.05633316866648,1.9310686369537613,2.2412938386759778,0.4130169875078111,0.8851310120508931,0.7,1,0.90909729682937,1.0000000000000002,1,6.521195583999997,10232,1.088490785961668,0.0730078271223317,dynamic_penalty,0.5,2.0
30,20260730,RDHO,1.0220559557003848,0.7053892890337181,0.3166666666666666,2.130389289033718,137.32441696311597,1.9234969809073408,2.2466500082020424,0.432327109709508,0.9543734474711796,0.6833333333333333,1,0.8486234612506105,1.0000000000000002,1,6.624554250000074,10232,1.050863283570482,0.0288073278700971,dynamic_penalty,0.5,2.0
1,20260701,RDHO,1.1074062780511351,0.7657396113844686,0.3416666666666667,5.378239611384468,80.92157373372605,2.102714708788677,2.395691468181836,0.4080627988851228,0.9044856873534652,0.6583333333333333,1,0.8294777583327446,1.0000000000000002,1,6.508664958000054,10232,1.1986855948152897,0.0912793167641545,dynamic_penalty,0.5,3.0
2,20260702,RDHO,1.0429832698053572,0.7096499364720237,0.3333333333333333,5.209649936472024,93.66290172386394,1.9249037171558256,2.236701968156836,0.4250322595659363,0.9435173962393302,0.6666666666666666,1,0.8660251174343054,1.0000000000000002,1,6.442439916000012,10232,1.0576731836557296,0.0146899138503724,dynamic_penalty,0.5,3.0
3,20260703,RDHO,0.8489497903672442,0.5989497903672442,0.25,3.973949790367244,57.14630658536349,1.6172501104369168,1.9457717761187072,0.4781451874872638,0.939635559434088,0.75,1,0.809430264783806,1.0,1,6.51490541599992,10232,0.9838050948106586,0.1348553044434144,dynamic_penalty,0.5,3.0
4,20260704,RDHO,0.7785453057114162,0.5868786390447496,0.1916666666666666,3.1743786390447495,92.1738459518893,1.870531257430192,2.2052504834735385,0.4836597017865975,0.9360354531737854,0.8083333333333333,1,0.8582336155428315,1.0,1,6.306321334000131,10232,0.8043936954599751,0.0258483897485588,dynamic_penalty,0.5,3.0
5,20260705,RDHO,0.9378828330797904,0.6545494997464572,0.2833333333333333,4.479549499746457,93.87981634899192,2.0337073339997582,2.3727580245017967,0.4359448286093059,0.9275385831530064,0.7166666666666667,1,0.8236576466913836,1.0000000000000002,1,6.622195916999999,10232,1.0074749880145055,0.0695921549347152,dynamic_penalty,0.5,3.0
6,20260706,RDHO,0.9955252373587334,0.7038585706920668,0.2916666666666666,4.641358570692066,95.969405312907,1.8099228469395257,2.1281997216582464,0.4222802539629882,0.9246993897136084,0.7083333333333334,1,0.8274131292011925,1.0,1,6.402351791000001,10232,1.0461020410469937,0.0505768036882602,dynamic_penalty,0.5,3.0
7,20260707,RDHO,1.1385580999595115,0.7968914332928451,0.3416666666666667,5.4093914332928446,94.58684802387668,2.4484471176294544,2.7824810572193863,0.4060775939291019,0.9151801984339492,0.6583333333333333,1,0.8138726891924373,1.0,1,6.400261541999953,10232,1.220030002275853,0.0814719023163412,dynamic_penalty,0.5,3.0
8,20260708,RDHO,1.036392008215432,0.6947253415487655,0.3416666666666667,5.307225341548765,79.36003919666328,2.0760033963015716,2.3961088963826938,0.4276845964541771,0.9345648073019258,0.6583333333333333,1,0.8285428323303275,1.0000000000000002,1,6.539806290999877,10232,1.0665529389435973,0.0301609307281651,dynamic_penalty,0.5,3.0
9,20260709,RDHO,0.8965632706613141,0.6548966039946474,0.2416666666666667,3.917396603994648,105.44731311266328,1.8672507649448744,2.211767008187872,0.4531605523588217,0.9421137529255826,0.7583333333333333,1,0.8046592389165073,1.0000000000000002,1,6.392744250000078,10232,0.9068258404876468,0.0102625698263327,dynamic_penalty,0.5,3.0
10,20260710,RDHO,0.989441569297296,0.6894415692972959,0.3,4.739441569297297,117.2890096540294,1.7032994723106494,1.985236132197069,0.4300271333267124,0.9023530115122728,0.7,1,0.8626857592927799,1.0000000000000002,1,6.5565543329998945,10232,1.0331270246206794,0.0436854553233834,dynamic_penalty,0.5,3.0
11,20260711,RDHO,0.7010251538916602,0.5343584872249936,0.1666666666666666,2.784358487224993,66.09279244777484,1.5852350763597138,1.92264599598198,0.521077525216912,0.9255311499698547,0.8333333333333334,1,0.8555117501775217,1.0,1,6.342949583000063,10232,0.7235992038903482,0.0225740499986879,dynamic_penalty,0.5,3.0
12,20260712,RDHO,1.2325453194250129,0.8075453194250125,0.425,6.5450453194250136,117.21366511956096,1.9461847852202243,2.21982050121082,0.3686614835078118,0.9352329556368476,0.575,1,0.9209686410081368,1.0000000000000002,1,6.461523083999964,10232,1.259577155047226,0.0270318356222132,dynamic_penalty,0.5,3.0
13,20260713,RDHO,0.9142902324343938,0.6559568991010605,0.2583333333333333,4.143456899101061,65.73614129391794,1.6705271976376792,1.9845823591986431,0.4649114205568588,0.9132178960921032,0.7416666666666667,1,0.7438091857027667,1.0000000000000002,1,6.663658541000132,10232,1.0441943237318454,0.1299040912974516,dynamic_penalty,0.5,3.0
14,20260714,RDHO,0.9433290528634916,0.6599957195301583,0.2833333333333333,4.484995719530158,126.47767533883548,1.5734966055968116,1.911927093229626,0.442666434687012,0.9157182414785384,0.7166666666666667,1,0.8729898595164562,1.0000000000000002,1,6.52091945799998,10232,1.0440865307550873,0.1007574778915956,dynamic_penalty,0.5,3.0
15,20260715,RDHO,0.9910634823431672,0.707730149009834,0.2833333333333333,4.532730149009834,92.13733042484232,1.6563796760036749,1.9214772922065424,0.4232470923398168,0.9391924827790816,0.7166666666666667,1,0.792558038282177,1.0000000000000002,1,6.733867458000077,10232,1.0631019713887913,0.0720384890456239,dynamic_penalty,0.5,3.0
16,20260716,RDHO,0.9592894118649852,0.659289411864985,0.3,4.709289411864986,68.47649840690697,1.7579018986944952,2.0370375463539836,0.4420606578554641,0.9411321656860726,0.7,1,0.7498545607727681,1.0000000000000002,1,6.520192167000005,10232,0.9733929487387102,0.0141035368737251,dynamic_penalty,0.5,3.0
17,20260717,RDHO,1.0803159951762673,0.7386493285096006,0.3416666666666667,5.3511493285096,115.31230342386448,1.953115730293076,2.267778423257558,0.4202009320308969,0.9014430213791664,0.6583333333333333,1,0.881214968456502,1.0000000000000002,1,6.689409500000011,10232,1.106198392586451,0.0258823974101836,dynamic_penalty,0.5,3.0
18,20260718,RDHO,0.8463986676455494,0.6297320009788827,0.2166666666666666,3.554732000978883,113.1019520040308,1.940509587883681,2.2925367990947243,0.4688833771480535,0.9271280189018548,0.7833333333333333,1,0.8129874928718587,1.0000000000000002,1,6.601310624999996,10232,0.8648098402078634,0.018411172562314,dynamic_penalty,0.5,3.0
19,20260719,RDHO,0.9420695493884338,0.6754028827217671,0.2666666666666667,4.275402882721767,105.90254058853895,1.6352893503334691,1.9318558437431548,0.4605046823196718,0.8839248424540358,0.7333333333333333,1,0.8033975740731407,1.0,1,6.721841499999982,10232,0.9972049688642984,0.0551354194758646,dynamic_penalty,0.5,3.0
20,20260720,RDHO,0.8520735839626329,0.6104069172959662,0.2416666666666667,3.8729069172959663,80.99825008861546,1.7097133195894965,2.035650235869044,0.4831958082813237,0.8964837803033482,0.7583333333333333,1,0.8253999400848194,1.0,1,6.5947917080000025,10232,0.8722622451133858,0.0201886611507529,dynamic_penalty,0.5,3.0
21,20260721,RDHO,0.9818204773873,0.6901538107206333,0.2916666666666666,4.627653810720632,109.99308171227229,1.9355929019908904,2.2921032732495563,0.4264988479098653,0.9269440095781958,0.7083333333333334,1,0.8156005558210396,1.0000000000000002,1,6.663628291999885,10232,1.0132730168088149,0.0314525394215147,dynamic_penalty,0.5,3.0
22,20260722,RDHO,0.7788725437800111,0.5538725437800112,0.2249999999999999,3.591372543780011,100.16737516763362,1.481009056508588,1.8149666141592533,0.5047652462452571,0.9484282998727108,0.775,1,0.8209235417270858,1.0,1,6.511393250000083,10232,0.7913872764879539,0.0125147327079427,dynamic_penalty,0.5,3.0
23,20260723,RDHO,0.7640021738326215,0.5723355071659548,0.1916666666666666,3.1598355071659547,74.9924535166188,2.0305140059212348,2.4160164180596446,0.4943183916033465,0.9540902305009832,0.8083333333333333,1,0.7503869096629637,1.0000000000000002,1,6.429516958000022,10232,0.8646768001140032,0.1006746262813816,dynamic_penalty,0.5,3.0
24,20260724,RDHO,0.947227042420431,0.6638937090870977,0.2833333333333333,4.4888937090870975,57.07693734588021,1.7539816563346933,2.0338375270450095,0.453459237032103,0.9113346715970136,0.7166666666666667,1,0.7867993285934793,1.0000000000000002,1,6.5123237499999505,10232,0.9854890895360532,0.038262047115622,dynamic_penalty,0.5,3.0
25,20260725,RDHO,0.890228712612047,0.6152287126120469,0.275,4.327728712612047,70.26702701733844,2.1112387599685953,2.4927271717962416,0.4620416955261466,0.937392801529623,0.725,1,0.8222946299547383,1.0000000000000002,1,6.39614537500006,10232,0.9446459179394706,0.0544172053274236,dynamic_penalty,0.5,3.0
26,20260726,RDHO,1.0377110002053809,0.7210443335387143,0.3166666666666666,4.9960443335387135,92.68797442481164,2.1052352598729223,2.444436478825066,0.4341759508435069,0.8972376152593431,0.6833333333333333,1,0.7577349362438078,1.0000000000000002,1,6.526820082999848,10232,1.0516918070753265,0.0139808068699456,dynamic_penalty,0.5,3.0
27,20260727,RDHO,0.8344914253215393,0.601158091988206,0.2333333333333332,3.7511580919882057,128.7448372588159,1.8622990904044685,2.230022701909102,0.45924471891776,0.9483060425140136,0.7666666666666667,1,0.7799492281172228,1.0000000000000002,1,6.525368249999929,10232,0.8387429438764986,0.0042515185549593,dynamic_penalty,0.5,3.0
28,20260728,RDHO,0.9088144358559004,0.6421477691892338,0.2666666666666667,4.242147769189234,72.26542748309839,1.558560048333271,1.8760885204075712,0.4579958748661967,0.9237172184704464,0.7333333333333333,1,0.8622565997144713,1.0,1,6.428607333999935,10232,0.9650528980224978,0.0562384621665973,dynamic_penalty,0.5,3.0
29,20260729,RDHO,1.0196185750662838,0.7196185750662838,0.3,4.769618575066285,127.92664544012244,1.9385870740952915,2.2488122758175075,0.4143021599420183,0.8853124943357413,0.7,1,0.9089475823098396,1.0,1,6.525509832999887,10232,1.0496049923369577,0.0299864172706736,dynamic_penalty,0.5,3.0
30,20260730,RDHO,1.0473906849813823,0.7223906849813824,0.3249999999999999,5.109890684981382,139.57708211197198,1.927904092029308,2.25105711932401,0.4277083711499184,0.9559898240547358,0.675,1,0.8534934132122665,1.0,1,6.522010791999946,10232,1.0644486417419046,0.0170579567605222,dynamic_penalty,0.5,3.0
1,20260701,RDHO,1.109925425729954,0.7599254257299539,0.35,1.8099254257299535,82.02165565796193,2.057535612477718,2.350512371870878,0.4117625424178069,0.9047239008636064,0.65,1,0.8401381378900701,1.0000000000000002,1,6.554628083999887,10232,1.1991795542430783,0.0892541285131245,dynamic_penalty,1.0,1.0
2,20260702,RDHO,1.0425940621269405,0.7092607287936068,0.3333333333333333,1.7092607287936068,91.35497729985356,1.9401275088648529,2.2519257598658635,0.425305197122818,0.9427694283347876,0.6666666666666666,1,0.840773818093105,1.0,1,6.526206249999859,10232,1.055414907001806,0.0128208448748656,dynamic_penalty,1.0,1.0
3,20260703,RDHO,0.8486878342234253,0.6070211675567586,0.2416666666666667,1.3320211675567588,59.675571473516186,1.6169055874027525,1.945427253084543,0.4751438649545332,0.9358304962966436,0.7583333333333333,1,0.8321902752562194,1.0,1,6.539920459000086,10232,0.9482671644731973,0.0995793302497719,dynamic_penalty,1.0,1.0
4,20260704,RDHO,0.7831530941263557,0.5831530941263557,0.1999999999999999,1.1831530941263555,89.99858518544099,1.880029144015174,2.214748370058521,0.483669788407386,0.9355532487860396,0.8,1,0.8621603258769192,1.0000000000000002,1,6.397507958000006,10232,0.7974829947090651,0.0143299005827094,dynamic_penalty,1.0,1.0
5,20260705,RDHO,0.9306840305875812,0.6723506972542479,0.2583333333333333,1.4473506972542478,100.76032395734522,2.090170972753801,2.4292216632558405,0.4384549851549668,0.9294201301606932,0.7416666666666667,1,0.821946862948969,1.0000000000000002,1,6.640105459000097,10232,1.0039585975893213,0.07327456700174,dynamic_penalty,1.0,1.0
6,20260706,RDHO,1.000570310013781,0.6922369766804477,0.3083333333333333,1.6172369766804475,97.64518870239192,1.784433918114479,2.1027107928332,0.4212529449056874,0.9231507990722558,0.6916666666666667,1,0.8401273421243061,1.0000000000000002,1,6.450070167000149,10232,1.030447705725825,0.0298773957120439,dynamic_penalty,1.0,1.0
7,20260707,RDHO,1.1400232144106994,0.7900232144106994,0.35,1.8400232144106992,92.0754567757379,2.4802147570405197,2.8142486966304516,0.4052941131988467,0.9143502170526052,0.65,1,0.8200927101896988,1.0000000000000002,1,6.3819980420000775,10232,1.2096035702978591,0.0695803558871597,dynamic_penalty,1.0,1.0
8,20260708,RDHO,1.032591641854914,0.6992583085215808,0.3333333333333333,1.6992583085215809,80.79769363905353,2.0781936640976295,2.3982991641787517,0.4274650374763892,0.9348039767450702,0.6666666666666666,1,0.8290335570941133,1.0000000000000002,1,6.505627958000105,10232,1.0594147188708796,0.0268230770159654,dynamic_penalty,1.0,1.0
9,20260709,RDHO,0.8968085191560772,0.6468085191560772,0.25,1.3968085191560773,107.9292239016332,1.8010656991071037,2.1455819423501015,0.4589495991039592,0.9444554977233408,0.75,1,0.8238598302587399,1.0,1,6.4735817090002,10232,0.9022227067764728,0.0054141876203955,dynamic_penalty,1.0,1.0
10,20260710,RDHO,0.9921404617349024,0.683807128401569,0.3083333333333333,1.608807128401569,117.2734124837119,1.6832702033566511,1.9652068632430704,0.4295890770118199,0.9015349673090984,0.6916666666666667,1,0.8658060613949187,1.0000000000000002,1,6.593064457999844,10232,1.029132158620936,0.0369916968860337,dynamic_penalty,1.0,1.0
11,20260711,RDHO,0.7035363913566982,0.5285363913566982,0.175,1.0535363913566984,66.64990686830424,1.5402031224307302,1.8776140420529963,0.5198863481927365,0.92421903091441,0.825,1,0.8325100650140461,1.0,1,6.325921000000108,10232,0.7100062582136953,0.0064698668569971,dynamic_penalty,1.0,1.0
12,20260712,RDHO,1.2270274438611093,0.8103607771944428,0.4166666666666666,2.0603607771944428,118.04087106507724,1.9775463613463808,2.2511820773369764,0.3693280489093489,0.9357763533926204,0.5833333333333334,1,0.9139455328867632,1.0000000000000002,1,6.474621583000044,10232,1.247939800085028,0.0209123562239186,dynamic_penalty,1.0,1.0
13,20260713,RDHO,0.9135770369030938,0.6469103702364271,0.2666666666666667,1.4469103702364272,67.06045720284268,1.654444784541435,1.968499946102399,0.4657901919382803,0.9128645665566374,0.7333333333333333,1,0.7525069512894136,1.0000000000000002,1,6.603425332999905,10232,1.0420543515441982,0.1284773146411044,dynamic_penalty,1.0,1.0
14,20260714,RDHO,0.9462738186328724,0.662940485299539,0.2833333333333333,1.512940485299539,119.6423646170698,1.5873243392610843,1.925754826893899,0.4472414408115775,0.9180912606580972,0.7166666666666667,1,0.8506787046291115,1.0000000000000002,1,6.561027959000057,10232,1.0551607196051052,0.1088869009722328,dynamic_penalty,1.0,1.0
15,20260715,RDHO,1.0141763500256613,0.7308430166923281,0.2833333333333333,1.5808430166923282,100.31937946946002,1.6713937668724768,1.936491383075344,0.4174351572193973,0.9376945281021464,0.7166666666666667,1,0.797946351473038,1.0000000000000002,1,6.620756957999902,10232,1.079816331778304,0.0656399817526427,dynamic_penalty,1.0,1.0
16,20260716,RDHO,0.9568983207692756,0.6652316541026089,0.2916666666666666,1.5402316541026089,72.86626720685044,1.7307656658581263,2.009901313517615,0.4422004332001196,0.9423582523681848,0.7083333333333334,1,0.7677758934550583,1.0000000000000002,1,6.527469749999909,10232,0.9824958332569677,0.025597512487692,dynamic_penalty,1.0,1.0
17,20260717,RDHO,1.0809302811805004,0.7392636145138337,0.3416666666666667,1.7642636145138335,112.06115591420247,1.976790038154406,2.2914527311188886,0.4187633842350341,0.9002831244494013,0.6583333333333333,1,0.8842306554493898,1.0,1,6.616384375000052,10232,1.1009530267216063,0.0200227455411059,dynamic_penalty,1.0,1.0
18,20260718,RDHO,0.8491793341235091,0.6241793341235091,0.2249999999999999,1.299179334123509,103.06805771482485,1.9835007832116405,2.3355279944226828,0.4675142569371823,0.9253256710612958,0.775,1,0.7849702278813852,1.0,1,6.502480458000036,10232,0.8647299013336984,0.0155505672101893,dynamic_penalty,1.0,1.0
19,20260719,RDHO,0.9420440833106438,0.6837107499773105,0.2583333333333333,1.4587107499773104,105.68909917861326,1.7277480189980643,2.0243145124077495,0.4630347944724961,0.8861379076967661,0.7416666666666667,1,0.7950631704408959,1.0,1,6.690220667000176,10232,0.9591324974962896,0.0170884141856458,dynamic_penalty,1.0,1.0
20,20260720,RDHO,0.8542408219330334,0.6125741552663667,0.2416666666666667,1.337574155266367,81.0669189203187,1.718582158409916,2.0445190746894633,0.4833037154180554,0.8958389099917237,0.7583333333333333,1,0.8254858724255453,1.0000000000000002,1,6.527008708000039,10232,0.8814091692853832,0.0271683473523497,dynamic_penalty,1.0,1.0
21,20260721,RDHO,0.9832184840572086,0.691551817390542,0.2916666666666666,1.566551817390542,108.33363308930156,1.950447886139851,2.306958257398517,0.4258894857285691,0.9266642838381572,0.7083333333333334,1,0.8064442845635458,1.0000000000000002,1,6.63424479199989,10232,1.018760922814392,0.0355424387571833,dynamic_penalty,1.0,1.0
22,20260722,RDHO,0.7726738374772625,0.5560071708105958,0.2166666666666666,1.206007170810596,101.94985701245872,1.4874057533127314,1.8213633109633969,0.5041892543439199,0.9481486682811178,0.7833333333333333,1,0.8201029999352276,1.0000000000000002,1,6.488453416000084,10232,0.7976850715382342,0.0250112340609717,dynamic_penalty,1.0,1.0
23,20260723,RDHO,0.7641352105734456,0.5724685439067789,0.1916666666666666,1.1474685439067789,79.59108462715054,2.008953462199387,2.3944558743377966,0.4936224046612416,0.9539482889153498,0.8083333333333333,1,0.7754646823956589,1.0,1,6.454179957999941,10232,0.9982735441258098,0.2341383335523642,dynamic_penalty,1.0,1.0
24,20260724,RDHO,0.95711589054098,0.6737825572076468,0.2833333333333333,1.5237825572076469,54.38856571712131,1.8322829185007197,2.1121387892110355,0.4564829567295454,0.91363275604981,0.7166666666666667,1,0.7819853509014812,1.0000000000000002,1,6.5103555409998535,10232,1.0497893494685573,0.0926734589275771,dynamic_penalty,1.0,1.0
25,20260725,RDHO,0.8866393251047431,0.6199726584380764,0.2666666666666667,1.4199726584380763,72.13937904587648,2.0978906403991244,2.479379052226771,0.4630425257450216,0.9371957932408826,0.7333333333333333,1,0.8213279470251994,1.0,1,6.417056666999997,10232,1.0419742347664895,0.1553349096617464,dynamic_penalty,1.0,1.0
26,20260726,RDHO,1.0217295342663286,0.7133962009329954,0.3083333333333333,1.638396200932995,109.57614720812448,1.9759379388656957,2.315139157817839,0.4417280787441278,0.901108887156432,0.6916666666666667,1,0.7618396552804266,1.0000000000000002,1,6.535152166999978,10232,1.0343081273978365,0.0125785931315078,dynamic_penalty,1.0,1.0
27,20260727,RDHO,0.8332272442823729,0.5998939109490397,0.2333333333333332,1.2998939109490395,128.9861833505366,1.844364190659735,2.212087802164368,0.4590672878415532,0.9482275479260492,0.7666666666666667,1,0.7851182495757972,1.0,1,6.551962874999845,10232,0.8426444613303447,0.0094172170479717,dynamic_penalty,1.0,1.0
28,20260728,RDHO,0.9140574390418026,0.6307241057084693,0.2833333333333333,1.4807241057084692,61.11188976976811,1.587873372117748,1.905401844192048,0.4582250624332221,0.9203770955475012,0.7166666666666667,1,0.8414766008787422,1.0000000000000002,1,6.430682665999939,10232,0.9631714938969068,0.0491140548551041,dynamic_penalty,1.0,1.0
29,20260729,RDHO,1.0371549227945305,0.7121549227945304,0.3249999999999999,1.6871549227945302,119.88755881901264,1.9306909418708824,2.240916143593099,0.4092147221231772,0.8794062388504725,0.675,1,0.8982131049187988,1.0,1,6.507783792000055,10232,1.0780623254713215,0.0409074026767912,dynamic_penalty,1.0,1.0
30,20260730,RDHO,1.0371382753689509,0.7204716087022842,0.3166666666666666,1.6704716087022842,134.26692128940277,1.9370080458479475,2.26016107314265,0.4269307076643713,0.9569665420484776,0.6833333333333333,1,0.793006619629142,1.0000000000000002,1,6.592916332999948,10232,1.0596735298370716,0.0225352544681207,dynamic_penalty,1.0,1.0
1,20260701,RDHO,1.108568434106899,0.7585684341068993,0.35,3.908568434106899,74.82231000942322,2.077367767445099,2.3703445268382586,0.4055901929117499,0.8981469852203793,0.65,1,0.8388950572562454,1.0000000000000002,1,6.591916625000067,10232,1.1934487678324863,0.0848803337255872,dynamic_penalty,1.0,2.0
2,20260702,RDHO,1.042971259370508,0.7096379260371747,0.3333333333333333,3.7096379260371752,92.5467289252826,1.9317343032317391,2.2435325542327496,0.4252411484102329,0.9438029302531644,0.6666666666666666,1,0.8642210038280658,1.0,1,6.40489166600014,10232,1.0687336254960704,0.0257623661255623,dynamic_penalty,1.0,2.0
3,20260703,RDHO,0.8308932791007381,0.6058932791007381,0.2249999999999999,2.630893279100738,58.63362486904609,1.6168846317221417,1.945406297403932,0.473792513367565,0.9356745123851102,0.775,1,0.7968452417119734,1.0000000000000002,1,6.5097385000001395,10232,0.9452257287509116,0.1143324496501736,dynamic_penalty,1.0,2.0
4,20260704,RDHO,0.7792937629223804,0.5792937629223804,0.1999999999999999,2.37929376292238,84.79412936476712,1.8721399375022765,2.206859163545623,0.4834352409538747,0.9357058092379048,0.8,1,0.8572469003486489,1.0000000000000002,1,6.335769833999848,10232,0.8092318472328736,0.0299380843104931,dynamic_penalty,1.0,2.0
5,20260705,RDHO,0.9383155996253232,0.65498226629199,0.2833333333333333,3.2049822662919896,93.53624100457512,2.038689261679705,2.377739952181744,0.4359456288266753,0.9277532731591402,0.7166666666666667,1,0.819792756438706,1.0000000000000002,1,6.547408082999937,10232,0.9784161568099428,0.0401005571846194,dynamic_penalty,1.0,2.0
6,20260706,RDHO,0.99676381013413,0.7134304768007967,0.2833333333333333,3.2634304768007967,99.48863903818724,1.8484317925132845,2.166708667232005,0.4241327295155524,0.9287150965213892,0.7166666666666667,1,0.8235622549285625,1.0000000000000002,1,6.4626777089999905,10232,1.0461641934022687,0.0494003832681386,dynamic_penalty,1.0,2.0
7,20260707,RDHO,1.1458476235507842,0.7875142902174509,0.3583333333333333,4.01251429021745,77.39625890994373,2.5124774419991063,2.846511381589038,0.4084501701463391,0.9123796205695444,0.6416666666666667,1,0.7880416488185666,1.0,1,6.28902379200008,10232,1.2196850813194904,0.0738374577687062,dynamic_penalty,1.0,2.0
8,20260708,RDHO,1.024393291400052,0.6993932914000521,0.3249999999999999,3.624393291400052,83.58764787814688,2.0614622704390517,2.3815677705201743,0.4283301329435506,0.9359433004822648,0.675,1,0.8273141573584951,1.0000000000000002,1,6.529267417000028,10232,1.0619731012072533,0.0375798098072013,dynamic_penalty,1.0,2.0
9,20260709,RDHO,0.8998726704889334,0.6582060038222667,0.2416666666666667,2.833206003822267,123.1969786819626,1.7369778982217468,2.081494141464744,0.4585189896617808,0.9454807093712666,0.7583333333333333,1,0.7772485003183004,1.0000000000000002,1,6.374973333000071,10232,0.907539621912801,0.0076669514238676,dynamic_penalty,1.0,2.0
10,20260710,RDHO,1.0050386449966089,0.6883719783299422,0.3166666666666666,3.538371978329942,113.71442453112336,1.7179993629198882,1.9999360228063072,0.4303061930099098,0.9021348804980855,0.6833333333333333,1,0.867509119261818,1.0000000000000002,1,6.567319042000008,10232,1.0401511687528897,0.0351125237562808,dynamic_penalty,1.0,2.0
11,20260711,RDHO,0.7009073212620613,0.5259073212620613,0.175,2.1009073212620617,61.888668587217545,1.5408853028156062,1.878296222437872,0.5188498263820505,0.9206055638063376,0.825,1,0.8308072956000643,1.0,1,6.3196830419999515,10232,0.7211710677814924,0.020263746519431,dynamic_penalty,1.0,2.0
12,20260712,RDHO,1.227377186838595,0.8107105201719285,0.4166666666666666,4.560710520171928,118.62320799981154,1.968677228523936,2.2423129445145316,0.3697487766435571,0.9367273880479274,0.5833333333333334,1,0.9208711653127412,1.0000000000000002,1,6.4156839590000345,10232,1.2525048849178022,0.0251276980792072,dynamic_penalty,1.0,2.0
13,20260713,RDHO,0.908612967495084,0.6502796341617508,0.2583333333333333,2.9752796341617507,71.62782919589671,1.623058713729294,1.937113875290258,0.4644426310932727,0.9137112181547106,0.7416666666666667,1,0.7633512051862251,1.0000000000000002,1,6.668340791999981,10232,1.011788654832946,0.1031756873378618,dynamic_penalty,1.0,2.0
14,20260714,RDHO,0.9517035760858804,0.668370242752547,0.2833333333333333,3.2183702427525467,132.98035710362268,1.5610343147238277,1.8994648023566425,0.4453020890595699,0.920440484236812,0.7166666666666667,1,0.8910026630154445,1.0,1,6.4844129579998935,10232,0.9876855947002184,0.0359820186143382,dynamic_penalty,1.0,2.0
15,20260715,RDHO,1.004157954999794,0.7124912883331275,0.2916666666666666,3.337491288333127,93.41649191871136,1.680918718504018,1.946016334706885,0.4198814674125798,0.9375198428391324,0.7083333333333334,1,0.7840874569528854,1.0,1,6.628828833999933,10232,1.0772736136797922,0.0731156586799981,dynamic_penalty,1.0,2.0
16,20260716,RDHO,0.9539209570091088,0.6622542903424422,0.2916666666666666,3.2872542903424415,72.57322050837479,1.731895893302109,2.0110315409615973,0.4420069900100353,0.9419988914533122,0.7083333333333334,1,0.7607597149186152,1.0000000000000002,1,6.4621244160000515,10232,0.97078593804401,0.0168649810349013,dynamic_penalty,1.0,2.0
17,20260717,RDHO,1.0796669523916411,0.7296669523916414,0.35,3.8796669523916414,112.15696100770872,1.94795695764932,2.2626196506138023,0.4190657402721016,0.8967766442787752,0.65,1,0.8520104077715128,1.0000000000000002,1,6.636686125000097,10232,1.1015891002842464,0.021922147892605,dynamic_penalty,1.0,2.0
18,20260718,RDHO,0.8526816972011985,0.6276816972011985,0.2249999999999999,2.6526816972011984,105.2085612776022,1.9604579265363848,2.312485137747428,0.4688495458438041,0.9276425755227586,0.775,1,0.7860223657652284,1.0000000000000002,1,6.578546666999955,10232,0.8738909671450994,0.0212092699439009,dynamic_penalty,1.0,2.0
19,20260719,RDHO,0.9344612368818764,0.6761279035485432,0.2583333333333333,3.001127903548543,102.62208614973828,1.6723790560216418,1.9689455494313273,0.4618118941188203,0.8844702984536618,0.7416666666666667,1,0.8049322299549273,1.0000000000000002,1,6.7183047909998095,10232,0.988960035829355,0.0544987989474784,dynamic_penalty,1.0,2.0
20,20260720,RDHO,0.8506510710663095,0.6089844043996429,0.2416666666666667,2.783984404399643,80.57553581852677,1.7110957568993872,2.037032673178934,0.4823406620955833,0.8962081420564082,0.7583333333333333,1,0.8194666111103562,1.0,1,6.628614249999828,10232,0.8791176759204962,0.0284666048541866,dynamic_penalty,1.0,2.0
21,20260721,RDHO,0.982271240870291,0.6906045742036244,0.2916666666666666,3.315604574203624,110.92790390080422,1.9300258904408032,2.286536261699468,0.4257526742553282,0.9266068239212468,0.7083333333333334,1,0.8213192192737055,1.0000000000000002,1,6.705229375000272,10232,1.0125388609152506,0.0302676200449595,dynamic_penalty,1.0,2.0
22,20260722,RDHO,0.7667012770112257,0.550034610344559,0.2166666666666666,2.500034610344559,97.81959272248044,1.4669512704325822,1.800908828083248,0.5031635692800241,0.9475867792650676,0.7833333333333333,1,0.8172586597052255,1.0,1,6.60757595799987,10232,0.8005859713818054,0.0338846943705797,dynamic_penalty,1.0,2.0
23,20260723,RDHO,0.7619846621626397,0.5703179954959731,0.1916666666666666,2.295317995495973,76.57131708651687,1.9943670989885256,2.3798695111269352,0.494499918095325,0.9534155450735508,0.8083333333333333,1,0.7663347557166371,1.0000000000000002,1,6.54660237500002,10232,0.8977681595035939,0.1357834973409541,dynamic_penalty,1.0,2.0
24,20260724,RDHO,0.954010287549048,0.6706769542157146,0.2833333333333333,3.2206769542157145,56.80390159386371,1.806620477863508,2.086476348573824,0.4527645619628552,0.9114708941459152,0.7166666666666667,1,0.7635685924182168,1.0,1,6.56976962500039,10232,1.029700728203245,0.0756904406541973,dynamic_penalty,1.0,2.0
25,20260725,RDHO,0.8831599788529992,0.6164933121863325,0.2666666666666667,3.016493312186333,69.77350317022176,2.137200323774766,2.5186887356024124,0.4612785356952739,0.936393581104898,0.7333333333333333,1,0.8213295557474631,1.0,1,6.397770084000058,10232,0.9749007456140424,0.0917407667610431,dynamic_penalty,1.0,2.0
26,20260726,RDHO,1.0291269854807543,0.712460318814088,0.3166666666666666,3.562460318814088,106.49129755372547,1.9988471590645105,2.338048378016654,0.4405147189981867,0.900647195989114,0.6833333333333333,1,0.7507502983084943,1.0000000000000002,1,6.498037332999957,10232,1.054698810953648,0.0255718254728933,dynamic_penalty,1.0,2.0
27,20260727,RDHO,0.8329626031917915,0.5996292698584582,0.2333333333333332,2.699629269858458,128.4179536425301,1.8476170299401615,2.215340641444795,0.4602948756405285,0.948643251583556,0.7666666666666667,1,0.7825166607155911,1.0,1,6.479521374999877,10232,0.8421509419468391,0.0091883387550476,dynamic_penalty,1.0,2.0
28,20260728,RDHO,0.9010872696235122,0.6427539362901789,0.2583333333333333,2.967753936290179,64.08356682641654,1.6036561843353605,1.9211846564096595,0.4583267126092779,0.9248434650259856,0.7416666666666667,1,0.8550099894066665,1.0000000000000002,1,6.418970540999908,10232,0.9718624555932076,0.0707751859696953,dynamic_penalty,1.0,2.0
29,20260729,RDHO,1.0372480902091166,0.7122480902091166,0.3249999999999999,3.637248090209116,128.10604458603353,1.885627038931819,2.1958522406540353,0.4111484363983468,0.8832921829706172,0.675,1,0.8976562707670034,1.0000000000000002,1,6.470354666000276,10232,1.0690991667663212,0.0318510765572046,dynamic_penalty,1.0,2.0
30,20260730,RDHO,1.0265251430305788,0.7348584763639123,0.2916666666666666,3.359858476363912,145.02176009507122,1.9497676361928344,2.272920663487537,0.4311241853461879,0.9573707105736452,0.7083333333333334,1,0.8185513792512681,1.0000000000000002,1,6.573392916000103,10232,1.052615391459991,0.0260902484294121,dynamic_penalty,1.0,2.0
1,20260701,RDHO,1.1039382478000874,0.7706049144667542,0.3333333333333333,9.770604914466755,81.12828222627329,2.1530697717915923,2.4460465311847512,0.410812551701816,0.904748867505768,0.6666666666666666,1,0.8264426378885491,1.0000000000000002,1,6.4723690000000715,10232,1.1647225844442728,0.0607843366441853,dynamic_penalty,1.0,3.0
2,20260702,RDHO,1.0386871179271195,0.7136871179271195,0.3249999999999999,9.488687117927116,89.59973586966983,1.96390181201558,2.2757000630165907,0.4242839600652155,0.9415473486096276,0.675,1,0.8268244556662598,1.0,1,6.384775290999642,10232,1.0835598079612323,0.0448726900341127,dynamic_penalty,1.0,3.0
3,20260703,RDHO,0.866416987701101,0.6080836543677677,0.2583333333333333,7.583083654367767,55.6020996735805,1.641827252115302,1.970348917797093,0.4775631383925108,0.9398401458866612,0.7416666666666667,1,0.821467351197974,1.0000000000000002,1,6.44239483299998,10232,0.9746965942515752,0.1082796065504742,dynamic_penalty,1.0,3.0
4,20260704,RDHO,0.7785863372541675,0.5785863372541675,0.1999999999999999,5.978586337254166,88.20251222844485,1.8074261967841807,2.142145422827528,0.48219164897912,0.9357600635737714,0.8,1,0.8584613219500881,1.0000000000000002,1,6.354295000000093,10232,0.8049160019366526,0.0263296646824851,dynamic_penalty,1.0,3.0
5,20260705,RDHO,0.9292604461915802,0.6709271128582469,0.2583333333333333,7.645927112858247,103.12715939100636,2.0325451603995197,2.3715958509015587,0.4375814827895312,0.9283712336166652,0.7416666666666667,1,0.8260124209758799,1.0000000000000002,1,6.614927667000302,10232,1.0106762154919653,0.081415769300385,dynamic_penalty,1.0,3.0
6,20260706,RDHO,0.9937331409531452,0.6937331409531451,0.3,8.793733140953147,96.5533849850686,1.798805783463449,2.117082658182169,0.4202640389147868,0.924843569450474,0.7,1,0.8230553039632873,1.0000000000000002,1,6.419141249999939,10232,1.0465196106686172,0.052786469715472,dynamic_penalty,1.0,3.0
7,20260707,RDHO,1.1496978203675812,0.7996978203675812,0.35,10.24969782036758,94.88169404988304,2.542231018559898,2.876264958149831,0.400549033239313,0.9076395473971748,0.65,1,0.8085070677216697,1.0000000000000002,1,6.400431083000058,10232,1.23302415055816,0.0833263301905788,dynamic_penalty,1.0,3.0
8,20260708,RDHO,1.032634239059739,0.6993009057264055,0.3333333333333333,9.699300905726409,80.17500150500739,2.107536085669629,2.4276415857507514,0.4275389231233426,0.9413507322370496,0.6666666666666666,1,0.797158591364993,1.0000000000000002,1,6.549140374999752,10232,1.0689124736888518,0.0362782346291128,dynamic_penalty,1.0,3.0
9,20260709,RDHO,0.891543751801877,0.6498770851352103,0.2416666666666667,7.17487708513521,104.59648123957967,1.835303177773233,2.179819421016231,0.4571018623974619,0.9426890528313624,0.7583333333333333,1,0.8150286014261934,1.0000000000000002,1,6.416716374999851,10232,0.9047039204113404,0.0131601686094635,dynamic_penalty,1.0,3.0
10,20260710,RDHO,1.0112756865249224,0.6862756865249224,0.3249999999999999,9.46127568652492,121.83236075606386,1.6808877777808764,1.962824437667296,0.4274836126696235,0.9014467973028378,0.675,1,0.865691969010555,1.0000000000000002,1,6.590929540999696,10232,1.0466603373154355,0.0353846507905133,dynamic_penalty,1.0,3.0
11,20260711,RDHO,0.7008347953098772,0.5258347953098772,0.175,5.250834795309879,63.09456296228782,1.5315524938370375,1.868963413459304,0.5187623432089079,0.9214769693534612,0.825,1,0.8458838218780752,1.0,1,6.292447124999853,10232,0.712773489603973,0.0119386942940957,dynamic_penalty,1.0,3.0
12,20260712,RDHO,1.238956783077657,0.8139567830776572,0.425,12.288956783077658,118.79275663819683,1.9776178806867064,2.2512535966773024,0.3683367732113305,0.9358748902973127,0.575,1,0.9201351848284152,1.0000000000000002,1,6.4797044169999936,10232,1.2810019095043494,0.0420451264266921,dynamic_penalty,1.0,3.0
13,20260713,RDHO,0.9145895300853336,0.6562561967520003,0.2583333333333333,7.631256196752,66.79989227402598,1.678822455403029,1.992877616963994,0.4658851580248899,0.9136226763446544,0.7416666666666667,1,0.7556131955200422,1.0000000000000002,1,6.673086332999901,10232,1.1021686426830692,0.1875791125977356,dynamic_penalty,1.0,3.0
14,20260714,RDHO,0.9526680582246092,0.6610013915579425,0.2916666666666666,8.536001391557942,116.17814505289005,1.5801827538711757,1.9186132415039905,0.4471282848203742,0.917261736992285,0.7083333333333334,1,0.8570822143045511,1.0000000000000002,1,6.5535361669999475,10232,1.0770948059664864,0.1244267477418773,dynamic_penalty,1.0,3.0
15,20260715,RDHO,1.0132591999138212,0.7215925332471547,0.2916666666666666,8.596592533247154,93.14233071156326,1.7022022693831924,1.9672998855860595,0.417639703365831,0.937690115940591,0.7083333333333334,1,0.7932744181785957,1.0000000000000002,1,6.643049959000109,10232,1.0773555834326076,0.0640963835187864,dynamic_penalty,1.0,3.0
16,20260716,RDHO,0.953500568711904,0.6618339020452373,0.2916666666666666,8.536833902045236,73.67007838866455,1.7220577601902327,2.0011934078497213,0.4429334678339737,0.9426303490366656,0.7083333333333334,1,0.7727439533336925,1.0,1,6.515472166000109,10232,0.964356696789602,0.0108561280776979,dynamic_penalty,1.0,3.0
17,20260717,RDHO,1.0796103677906808,0.7296103677906807,0.35,10.17961036779068,112.62394454866944,1.939282974362935,2.253945667327417,0.4179264799705461,0.9003429809871932,0.65,1,0.8601787661660617,1.0000000000000002,1,6.73705874999996,10232,1.1531337024938202,0.0735233347031394,dynamic_penalty,1.0,3.0
18,20260718,RDHO,0.8429322752191071,0.6262656085524404,0.2166666666666666,6.476265608552441,103.8425869103924,1.957089879317848,2.3091170905288907,0.4679842282818071,0.9262909886351824,0.7833333333333333,1,0.7763940898102407,1.0000000000000002,1,6.606032292000236,10232,0.8663730094626514,0.0234407342435443,dynamic_penalty,1.0,3.0
19,20260719,RDHO,0.9361657551948273,0.6694990885281604,0.2666666666666667,7.869499088528162,105.99322482946636,1.6238434514729811,1.9204099448826664,0.4610836235334478,0.8837689648414206,0.7333333333333333,1,0.8121773437164355,1.0000000000000002,1,6.745360750000145,10232,0.984420904591076,0.0482551493962487,dynamic_penalty,1.0,3.0
20,20260720,RDHO,0.857393047266868,0.6157263806002014,0.2416666666666667,7.140726380600202,78.68566979060796,1.7643721470481342,2.0903090633276813,0.4842972467773593,0.8956256330960574,0.7583333333333333,1,0.8206619555628248,1.0000000000000002,1,6.600843166999766,10232,0.875389395618029,0.0179963483511609,dynamic_penalty,1.0,3.0
21,20260721,RDHO,0.9812520390823178,0.6979187057489845,0.2833333333333333,8.347918705748985,109.44310636092708,1.950280646364579,2.3067910176232447,0.4270722604415409,0.92837459716374,0.7166666666666667,1,0.8107152970940412,1.0,1,6.725557124999796,10232,1.0150416123960533,0.0337895733137354,dynamic_penalty,1.0,3.0
22,20260722,RDHO,0.7689364143748035,0.5522697477081369,0.2166666666666666,6.402269747708138,101.4927316878306,1.4680180443065864,1.801975601957252,0.503891402737552,0.9473798414904724,0.7833333333333333,1,0.8114623984081177,1.0000000000000002,1,6.573881166999854,10232,0.7976532381534835,0.02871682377868,dynamic_penalty,1.0,3.0
23,20260723,RDHO,0.7530812431640869,0.5697479098307535,0.1833333333333333,5.519747909830754,78.7573926729253,2.0127914289739133,2.3982938411123227,0.4958250436925574,0.9539839145599648,0.8166666666666667,1,0.7719826109046563,1.0000000000000002,1,6.534069291999913,10232,0.9273716893926642,0.1742904462285773,dynamic_penalty,1.0,3.0
24,20260724,RDHO,0.9460377738580078,0.6710377738580078,0.275,8.096037773858008,54.33728046421801,1.8465322321746265,2.1263881028849423,0.4541877868391642,0.9124754732762328,0.725,1,0.7896916182967059,1.0000000000000002,1,6.588564958999996,10232,1.0236741284109812,0.0776363545529733,dynamic_penalty,1.0,3.0
25,20260725,RDHO,0.8921452599633487,0.6171452599633487,0.275,8.04214525996335,69.59005012908338,2.116846510131496,2.498334921959142,0.4618910373559958,0.9366882543440108,0.725,1,0.816990277911851,1.0000000000000002,1,6.443172833000062,10232,0.950270630282637,0.0581253703192883,dynamic_penalty,1.0,3.0
26,20260726,RDHO,1.0298375974893772,0.7131709308227105,0.3166666666666666,9.26317093082271,110.14979821681992,2.0014064047750546,2.3406076237271973,0.4402693238103469,0.9012422294048512,0.6833333333333333,1,0.7619053932220609,1.0000000000000002,1,6.543947250000201,10232,1.0425860199802384,0.0127484224908611,dynamic_penalty,1.0,3.0
27,20260727,RDHO,0.8339582068342064,0.6006248735008731,0.2333333333333332,6.900624873500872,127.60292685795804,1.8662209297418209,2.2339445412464536,0.459801886203693,0.948932979679847,0.7666666666666667,1,0.7793360538819228,1.0000000000000002,1,6.5450046249998195,10232,0.8426105439576823,0.0086523371234759,dynamic_penalty,1.0,3.0
28,20260728,RDHO,0.9060270594717484,0.647693726138415,0.2583333333333333,7.622693726138415,70.54207417959765,1.649402049360448,1.966930521434748,0.4559314867988543,0.9228159409005804,0.7416666666666667,1,0.8544479436182716,1.0,1,6.493083584000033,10232,0.985172610233194,0.0791455507614457,dynamic_penalty,1.0,3.0
29,20260729,RDHO,1.013083770028839,0.713083770028839,0.3,8.81308377002884,121.58694742662216,1.9369107187391663,2.2471359204613828,0.4120484920333125,0.8824578045963491,0.7,1,0.9059982253449054,1.0,1,6.5227845839999645,10232,1.0776762750495457,0.0645925050207065,dynamic_penalty,1.0,3.0
30,20260730,RDHO,1.0366592793050473,0.7283259459717141,0.3083333333333333,9.053325945971714,140.51441383839477,1.94715354383871,2.270306571133412,0.4264379785051252,0.9571223618696222,0.6916666666666667,1,0.7936673240725919,1.0000000000000002,1,6.623832416999903,10232,1.0609936582638406,0.0243343789587933,dynamic_penalty,1.0,3.0
1,20260701,RDHO,1.1026149082757015,0.7526149082757015,0.35,2.8526149082757013,73.48250734812702,2.0900754083156285,2.3830521677087884,0.4093203870012679,0.9002144294455081,0.65,1,0.8548027239790582,1.0000000000000002,1,6.511862333000408,10232,1.186520601888736,0.0839056936130344,dynamic_penalty,2.0,1.0
2,20260702,RDHO,1.0314123854217705,0.7064123854217706,0.3249999999999999,2.6564123854217705,91.01930649057056,1.945993166741516,2.257791417742527,0.42774682000609,0.9433379709320496,0.675,1,0.8472132949511174,1.0000000000000002,1,6.486647167000228,10232,1.055270656046278,0.0238582706245074,dynamic_penalty,2.0,1.0
3,20260703,RDHO,0.8473147103717659,0.6139813770384326,0.2333333333333332,2.0139813770384323,59.53019060971195,1.6308610137309358,1.9593826794127265,0.4758032534118021,0.9364493927413372,0.7666666666666667,1,0.8260720391429065,1.0000000000000002,1,6.61173004200009,10232,0.972699525937252,0.125384815565486,dynamic_penalty,2.0,1.0
4,20260704,RDHO,0.7660544089537425,0.5743877422870759,0.1916666666666666,1.724387742287076,87.38873941572214,1.8411490818694856,2.175868307912834,0.4785999690199087,0.935341400574746,0.8083333333333333,1,0.8486675906688913,1.0000000000000002,1,6.400623708000239,10232,0.7859276688501903,0.0198732598964477,dynamic_penalty,2.0,1.0
5,20260705,RDHO,0.937652083045987,0.662652083045987,0.275,2.312652083045987,104.17858172810834,1.998165780832701,2.3372164713347394,0.4362089916889112,0.9272385965565372,0.725,1,0.8341609143705412,1.0000000000000002,1,6.677210708000075,10232,1.0058143890394995,0.0681623059935124,dynamic_penalty,2.0,1.0
6,20260706,RDHO,0.9983600872488726,0.6900267539155392,0.3083333333333333,2.540026753915539,94.50002806432931,1.7962908121836278,2.1145676869023484,0.4203647675193649,0.9228655178860844,0.6916666666666667,1,0.8228950480236715,1.0000000000000002,1,6.450692833000176,10232,1.0215214313668926,0.0231613441180199,dynamic_penalty,2.0,1.0
7,20260707,RDHO,1.1448968411206746,0.7865635077873412,0.3583333333333333,2.9365635077873407,91.92833470557318,2.4151975049728227,2.749231444562754,0.4061709204501634,0.9150763609222984,0.6416666666666667,1,0.8199897809193378,1.0000000000000002,1,6.329604790999838,10232,1.217036687209564,0.0721398460888893,dynamic_penalty,2.0,1.0
8,20260708,RDHO,1.0258906612392953,0.7008906612392954,0.3249999999999999,2.6508906612392953,82.70986482401794,2.091688170521605,2.411793670602727,0.4256442526121733,0.9405198570505652,0.675,1,0.8148507822514637,1.0000000000000002,1,6.511143959000037,10232,1.0818291305011871,0.0559384692618918,dynamic_penalty,2.0,1.0
9,20260709,RDHO,0.8793286304464141,0.6459952971130808,0.2333333333333332,2.0459952971130804,103.60337544283858,1.812716687205026,2.1572329304480236,0.4573727152070519,0.943499602554668,0.7666666666666667,1,0.8111316865073028,1.0000000000000002,1,6.422392583000146,10232,0.9016442853626296,0.0223156549162154,dynamic_penalty,2.0,1.0
10,20260710,RDHO,1.0136152801465512,0.6886152801465513,0.3249999999999999,2.638615280146551,116.36994861483596,1.693376665105934,1.9753133249923531,0.4308995662622574,0.9025418145642964,0.675,1,0.8705493236708729,1.0,1,6.6027308749999065,10232,1.0570681638631705,0.043452883716619,dynamic_penalty,2.0,1.0
11,20260711,RDHO,0.7003761867063331,0.5337095200396664,0.1666666666666666,1.5337095200396662,64.17729489950935,1.5892552642149518,1.926666183837218,0.5214016484078254,0.924215544037301,0.8333333333333334,1,0.8399856505971993,1.0,1,6.331970834000003,10232,0.7156930920685566,0.0153169053622235,dynamic_penalty,2.0,1.0
12,20260712,RDHO,1.2262054673600655,0.8178721340267321,0.4083333333333333,3.2678721340267325,128.89589565686424,1.954696519881179,2.2283322358717745,0.3725170955803404,0.9421278744659424,0.5916666666666667,1,0.9247627616397682,1.0000000000000002,1,6.468096084000081,10232,1.2564861637796223,0.0302806964195569,dynamic_penalty,2.0,1.0
13,20260713,RDHO,0.9114793234206624,0.6448126567539958,0.2666666666666667,2.244812656753996,66.61378138346561,1.6524445879414926,1.9664997495024572,0.4648868938941082,0.9128410990088706,0.7333333333333333,1,0.7571687268000565,1.0000000000000002,1,6.6209977089997665,10232,1.0685164833757983,0.157037159955136,dynamic_penalty,2.0,1.0
14,20260714,RDHO,0.9394581128738672,0.6644581128738672,0.275,2.3144581128738673,121.96519051673424,1.6085201598460166,1.9469506474788312,0.4441337790194398,0.917934832738316,0.725,1,0.8679344158876167,1.0000000000000002,1,6.498004749999836,10232,0.977939554044134,0.0384814411702667,dynamic_penalty,2.0,1.0
15,20260715,RDHO,0.9898583163775364,0.7148583163775365,0.275,2.3648583163775365,90.7352940756727,1.7089004925199078,1.9739981087227751,0.4233964196860958,0.9394401460747744,0.725,1,0.7919370073420903,1.0000000000000002,1,6.634679334000339,10232,1.078579204153295,0.0887208877757581,dynamic_penalty,2.0,1.0
16,20260716,RDHO,0.9536128511204736,0.6619461844538069,0.2916666666666666,2.411946184453807,69.9217586774683,1.7600013149508384,2.039136962610327,0.4443241777405248,0.9425605488061548,0.7083333333333334,1,0.7676865064779722,1.0000000000000002,1,6.532658042000094,10232,0.97858497685842,0.0249721257379464,dynamic_penalty,2.0,1.0
17,20260717,RDHO,1.0825324408504555,0.7408657741837888,0.3416666666666667,2.790865774183789,115.49761529812032,1.9495247972940188,2.264187490258501,0.4205430025253366,0.8991829366176978,0.6583333333333333,1,0.8574717690787452,1.0000000000000002,1,6.64163012500012,10232,1.1057675819190926,0.0232351410686371,dynamic_penalty,2.0,1.0
18,20260718,RDHO,0.8452425596051473,0.6285758929384806,0.2166666666666666,1.9285758929384809,108.9291980212828,1.9605210916626508,2.3125483028736937,0.4690148799859207,0.9285437180229767,0.7833333333333333,1,0.7854427085563597,1.0,1,6.546834415999911,10232,0.8681117586412185,0.0228691990360712,dynamic_penalty,2.0,1.0
19,20260719,RDHO,0.9401130297846654,0.6984463631179987,0.2416666666666667,2.148446363117998,106.87140869802046,1.7280569985597465,2.0246234919694315,0.4683052907171861,0.8960947694820744,0.7583333333333333,1,0.8038359727038366,1.0,1,6.756368750000092,10232,0.9824151425519666,0.0423021127673012,dynamic_penalty,2.0,1.0
20,20260720,RDHO,0.8540153467285588,0.5956820133952255,0.2583333333333333,2.1456820133952252,80.88248168569018,1.7017671938263512,2.0277041101058986,0.4824041805753969,0.8962327654671262,0.7416666666666667,1,0.8235503341805939,1.0000000000000002,1,6.492266749999999,10232,0.8849741090779467,0.0309587623493878,dynamic_penalty,2.0,1.0
21,20260721,RDHO,0.9900663611464876,0.6900663611464876,0.3,2.490066361146488,111.03779965122826,1.915005990815453,2.2715163620741188,0.4258281442228703,0.9263573455650876,0.7,1,0.822412681904205,1.0000000000000002,1,6.626010375000078,10232,1.0156717121367955,0.0256053509903079,dynamic_penalty,2.0,1.0
22,20260722,RDHO,0.769993714123946,0.5533270474572793,0.2166666666666666,1.8533270474572792,99.61096944028122,1.475312737666387,1.8092702953170523,0.5035349857141764,0.9475262305583728,0.7833333333333333,1,0.8125302467744194,1.0,1,6.563028499999746,10232,0.8000419612953866,0.0300482471714406,dynamic_penalty,2.0,1.0
23,20260723,RDHO,0.7625327204035752,0.5708660537369086,0.1916666666666666,1.7208660537369085,75.9476024011886,2.0156153455916326,2.401117757730042,0.4947052410628808,0.9540133387808388,0.8083333333333333,1,0.7676117589426942,1.0000000000000002,1,6.533029084000191,10232,0.954072267691832,0.1915395472882568,dynamic_penalty,2.0,1.0
24,20260724,RDHO,0.9459336731736964,0.6709336731736962,0.275,2.3209336731736965,52.158531428828894,1.8717084451376536,2.1515643158479696,0.4532746082376511,0.9115476490074116,0.725,1,0.781969437327517,1.0000000000000002,1,6.535603167000318,10232,1.0033660054561335,0.0574323322824372,dynamic_penalty,2.0,1.0
25,20260725,RDHO,0.8927957795452408,0.6177957795452408,0.275,2.267795779545241,69.24228064594932,2.1189314853568586,2.5004198971845053,0.4622356423933322,0.9366903300663016,0.725,1,0.8184164759694227,1.0,1,6.392915583000104,10232,0.991321144455746,0.0985253649105051,dynamic_penalty,2.0,1.0
26,20260726,RDHO,1.0362266373919122,0.7195599707252457,0.3166666666666666,2.6195599707252457,96.66420656491636,2.025053845435574,2.364255064387718,0.435133379406896,0.8978702975339629,0.6833333333333333,1,0.759675121447259,1.0000000000000002,1,6.528041749999829,10232,1.0632938562802905,0.0270672188883782,dynamic_penalty,2.0,1.0
27,20260727,RDHO,0.8237972352826073,0.6071305686159406,0.2166666666666666,1.9071305686159403,129.2230580187352,1.8925709521972016,2.2602945637018346,0.4650743650636721,0.949508125336385,0.7833333333333333,1,0.794058994761532,1.0,1,6.524404457999935,10232,0.8418842247788246,0.0180869894962173,dynamic_penalty,2.0,1.0
28,20260728,RDHO,0.9502370738996202,0.6502370738996202,0.3,2.45023707389962,64.40659613559114,1.6526611173617447,1.970189589436044,0.4455912013993319,0.9170359409383054,0.7,1,0.8289003531946008,1.0000000000000002,1,6.410294834000069,10232,0.963365904575876,0.0131288306762559,dynamic_penalty,2.0,1.0
29,20260729,RDHO,1.0273812610952415,0.7273812610952416,0.3,2.527381261095242,130.4196297933567,1.9826103698375457,2.292835571559762,0.4152449957589783,0.8870344163549984,0.7,1,0.9129030759111768,1.0000000000000002,1,6.563308624999991,10232,1.0874885301253303,0.0601072690300887,dynamic_penalty,2.0,1.0
30,20260730,RDHO,1.0415760654494917,0.7249093987828249,0.3166666666666666,2.6249093987828247,135.54209332579683,1.96861369319585,2.291766720490552,0.4257741488619957,0.953662986131495,0.6833333333333333,1,0.844910572236961,1.0000000000000002,1,6.740847584000221,10232,1.0628444873216565,0.0212684218721646,dynamic_penalty,2.0,1.0
1,20260701,RDHO,1.0946500809673665,0.7696500809673662,0.3249999999999999,6.619650080967366,83.05904902318753,2.134645873096278,2.427622632489437,0.4111476236090847,0.9038775851195796,0.675,1,0.8402557106759168,1.0,1,6.553437000000031,10232,1.1769568325217856,0.0823067515544193,dynamic_penalty,2.0,2.0
2,20260702,RDHO,1.038035905774739,0.7130359057747391,0.3249999999999999,6.563035905774739,93.70338665644324,1.933913494170578,2.245711745171588,0.4241424722562932,0.9430255800156716,0.675,1,0.8437215113234945,1.0000000000000002,1,6.42422629199973,10232,1.0611582085553937,0.0231223027806546,dynamic_penalty,2.0,2.0
3,20260703,RDHO,0.8587232994990326,0.6170566328323659,0.2416666666666667,4.967056632832366,57.57370800150011,1.6633051021672494,1.99182676784904,0.4738302714186143,0.935616689660441,0.7583333333333333,1,0.8253375829233582,1.0,1,6.575625124999988,10232,0.9907613991904808,0.132038099691448,dynamic_penalty,2.0,2.0
4,20260704,RDHO,0.7706323543067615,0.5789656876400948,0.1916666666666666,4.0289656876400946,88.32930178799343,1.8639266020594207,2.198645828102768,0.4831215306022944,0.9352769571567456,0.8083333333333333,1,0.8467344525383315,1.0000000000000002,1,6.317169709000154,10232,0.8038440691560561,0.0332117148492946,dynamic_penalty,2.0,2.0
5,20260705,RDHO,0.9324396399077596,0.6741063065744262,0.2583333333333333,5.324106306574426,106.98496604413008,2.0135571692204364,2.3526078597224753,0.4384864099328173,0.9300030211228432,0.7416666666666667,1,0.8429016996522685,1.0000000000000002,1,6.665733250000358,10232,0.9836374372647314,0.0511977973569719,dynamic_penalty,2.0,2.0
6,20260706,RDHO,0.9993962785475344,0.6910629452142011,0.3083333333333333,6.2410629452142015,97.0597383927424,1.7805270113192635,2.0988038860379845,0.4200234358109181,0.9234743728061492,0.6916666666666667,1,0.8267215557596598,1.0000000000000002,1,6.469061166999836,10232,1.0279411500729752,0.0285448715254407,dynamic_penalty,2.0,2.0
7,20260707,RDHO,1.1549504136184296,0.788283746951763,0.3666666666666667,7.388283746951764,87.43052548920521,2.4815248809118065,2.815558820501738,0.4081288427245716,0.9145115019492656,0.6333333333333333,1,0.8207310460281383,1.0000000000000002,1,6.377634833000229,10232,1.229702060861367,0.074751647242937,dynamic_penalty,2.0,2.0
8,20260708,RDHO,1.0408901183582788,0.699223451691612,0.3416666666666667,6.849223451691612,77.78298257668737,2.1156973541786117,2.4358028542597343,0.4271702922642224,0.9345629498828866,0.6583333333333333,1,0.8234592623850441,1.0000000000000002,1,6.535557374999826,10232,1.0797387527751563,0.0388486344168776,dynamic_penalty,2.0,2.0
9,20260709,RDHO,0.8923057360126729,0.6589724026793397,0.2333333333333332,4.858972402679339,123.765625137395,1.7440127163566537,2.088528959599651,0.4587594448248474,0.9452998010107764,0.7666666666666667,1,0.7781378327488048,1.0,1,6.427774624999984,10232,0.913438995226831,0.021133259214158,dynamic_penalty,2.0,2.0
10,20260710,RDHO,0.9929958028837432,0.6846624695504099,0.3083333333333333,6.23466246955041,116.86096505495928,1.6833054165794856,1.965242076465905,0.430120338153961,0.9021570192027476,0.6916666666666667,1,0.8676292183734969,1.0000000000000002,1,6.623150916999748,10232,1.0338636787121005,0.0408678758283572,dynamic_penalty,2.0,2.0
11,20260711,RDHO,0.7050794438425889,0.5300794438425889,0.175,3.6800794438425894,70.8709075489653,1.5387514881686923,1.8761624077909589,0.5203902597372686,0.9252061529023606,0.825,1,0.841887040185373,1.0000000000000002,1,6.299768208000387,10232,0.7112313607709967,0.0061519169284077,dynamic_penalty,2.0,2.0
12,20260712,RDHO,1.228939462492939,0.8122727958262723,0.4166666666666666,8.31227279582627,119.06121681676494,1.961607252888325,2.2352429688789206,0.3691564605717907,0.9356298412132978,0.5833333333333334,1,0.9212532970745816,1.0000000000000002,1,6.456093332999899,10232,1.261549659579003,0.0326101970860639,dynamic_penalty,2.0,2.0
13,20260713,RDHO,0.9193659349344464,0.6526992682677798,0.2666666666666667,5.45269926826778,65.43284782042178,1.69429548246858,2.0083506440295436,0.465836953934694,0.9130766947766707,0.7333333333333333,1,0.753374395909861,1.0000000000000002,1,6.804369499999666,10232,1.1548388722061858,0.2354729372717392,dynamic_penalty,2.0,2.0
14,20260714,RDHO,0.9515850638969098,0.6682517305635765,0.2833333333333333,5.768251730563576,130.0862659868507,1.5963337374093185,1.934764225042133,0.4443941977179931,0.9200145710330668,0.7166666666666667,1,0.8844861107785374,1.0000000000000002,1,6.516670250000061,10232,0.959826163531267,0.0082410996343572,dynamic_penalty,2.0,2.0
15,20260715,RDHO,0.9956250267952316,0.7206250267952317,0.275,5.670625026795232,92.1338785773943,1.7346464589214634,1.9997440751243305,0.4198448896782317,0.9388903955404232,0.725,1,0.7786061199612635,1.0000000000000002,1,6.652979458000118,10232,1.0697388184660532,0.0741137916708215,dynamic_penalty,2.0,2.0
16,20260716,RDHO,0.9400545650221668,0.6483878983555,0.2916666666666666,5.898387898355499,69.20078201387372,1.674378509805318,1.9535141574648065,0.4469060519350361,0.9445355876918,0.7083333333333334,1,0.7637085653556497,1.0000000000000002,1,6.4826625840000816,10232,0.9680512175745992,0.0279966525524325,dynamic_penalty,2.0,2.0
17,20260717,RDHO,1.081183260098966,0.7395165934322996,0.3416666666666667,6.8895165934323,111.17258907916457,1.9773707785876575,2.29203347155214,0.4197334489393819,0.8993125641951017,0.6583333333333333,1,0.877391022535782,1.0000000000000002,1,6.682603875000041,10232,1.1046019836114231,0.0234187235124569,dynamic_penalty,2.0,2.0
18,20260718,RDHO,0.8546701719213684,0.6296701719213684,0.2249999999999999,4.6796701719213685,110.18615104051976,1.9565317802722169,2.3085589914832596,0.4694151305215173,0.9287671361956052,0.775,1,0.78947022981752,1.0,1,6.606279209000149,10232,0.8747706081434893,0.0201004362221208,dynamic_penalty,2.0,2.0
19,20260719,RDHO,0.9382691543148596,0.6716024876481927,0.2666666666666667,5.471602487648194,103.91483297554382,1.6492854937005297,1.945851987110215,0.4611777091413032,0.8838063958070035,0.7333333333333333,1,0.7948675890994031,1.0,1,6.782892207999794,10232,0.9954689131504164,0.057199758835557,dynamic_penalty,2.0,2.0
20,20260720,RDHO,0.8546932699714633,0.6046932699714633,0.25,5.104693269971463,78.49234699808761,1.7683246306811913,2.0942615469607384,0.4849485035095163,0.8958165698741813,0.75,1,0.826500232948272,1.0000000000000002,1,6.528710667000269,10232,0.8919391367786879,0.0372458668072245,dynamic_penalty,2.0,2.0
21,20260721,RDHO,0.9822537264992992,0.6989203931659658,0.2833333333333333,5.798920393165965,110.69190327206168,1.951340770689025,2.3078511419476904,0.427001319295085,0.9280863324625376,0.7166666666666667,1,0.8108897761828632,1.0,1,6.622209082999689,10232,1.0170433641059375,0.0347896376066384,dynamic_penalty,2.0,2.0
22,20260722,RDHO,0.7702524856897933,0.5452524856897933,0.2249999999999999,4.595252485689793,88.52171439153247,1.5082787417934742,1.8422362994441397,0.5027026450225403,0.9479081244408356,0.775,1,0.8039293375678497,1.0000000000000002,1,6.5316238749996955,10232,0.7938701925595741,0.0236177068697808,dynamic_penalty,2.0,2.0
23,20260723,RDHO,0.7668365793025227,0.575169912635856,0.1916666666666666,4.025169912635856,77.14734508027533,2.02223629779319,2.4077387099316,0.4955576831258378,0.9545218547598006,0.8083333333333333,1,0.768663571150334,1.0,1,6.534687584000039,10232,0.9309495841011456,0.1641130047986227,dynamic_penalty,2.0,2.0
24,20260724,RDHO,0.9461952061189391,0.6711952061189391,0.275,5.621195206118939,53.182819960536186,1.882125451063235,2.1619813217735513,0.453200890255042,0.9123995004704856,0.725,1,0.78387632375257,1.0000000000000002,1,6.543353541000215,10232,1.0379964914429252,0.091801285323986,dynamic_penalty,2.0,2.0
25,20260725,RDHO,0.8838317542592816,0.6171650875926149,0.2666666666666667,5.417165087592616,70.17100590430755,2.1368322438038803,2.518320655631527,0.4624801606373928,0.93676122852719,0.7333333333333333,1,0.8278476322292714,1.0000000000000002,1,6.38221700000031,10232,0.9413955346217704,0.0575637803624887,dynamic_penalty,2.0,2.0
26,20260726,RDHO,1.0215726524619888,0.7132393191286556,0.3083333333333333,6.263239319128656,109.20347979046794,1.989708076769092,2.3289092957212363,0.4389847458383403,0.9004948752301583,0.6916666666666667,1,0.751990137364821,1.0000000000000002,1,6.538650417000099,10232,1.041486781066312,0.0199141286043231,dynamic_penalty,2.0,2.0
27,20260727,RDHO,0.8328633997689543,0.599530066435621,0.2333333333333332,4.79953006643562,130.24295771975517,1.830534809866285,2.198258421370918,0.4588773181220115,0.9480245184314948,0.7666666666666667,1,0.7851839812312633,1.0,1,6.518700957999954,10232,0.8383705753089252,0.0055071755399709,dynamic_penalty,2.0,2.0
28,20260728,RDHO,0.9193374744581616,0.6360041411248283,0.2833333333333333,5.736004141124828,65.89538032541844,1.6029236843387964,1.920452156413096,0.4549984379856754,0.919659354765788,0.7166666666666667,1,0.86143068033394,1.0000000000000002,1,6.467219874999955,10232,0.977697632555096,0.0583601580969345,dynamic_penalty,2.0,2.0
29,20260729,RDHO,1.0403241531411185,0.7236574864744519,0.3166666666666666,6.423657486474451,133.391848391324,1.9457542840698536,2.25597948579207,0.4134514483133841,0.8823515310233553,0.6833333333333333,1,0.915641618069546,1.0,1,6.558363708000343,10232,1.0806135292617922,0.0402893761206737,dynamic_penalty,2.0,2.0
30,20260730,RDHO,1.0360137863605647,0.7360137863605646,0.3,6.136013786360565,143.97724062601256,1.9094381363380035,2.232591163632706,0.4317299673756422,0.9601423533445274,0.7,1,0.8262343833540958,1.0000000000000002,1,6.554554916000143,10232,1.0563647129620644,0.0203509266014996,dynamic_penalty,2.0,2.0
1,20260701,RDHO,1.1019502098619895,0.7602835431953229,0.3416666666666667,19.210283543195324,75.7097346532656,2.100186547734224,2.3931633071273835,0.404975143259692,0.8992096014095426,0.6583333333333333,1,0.8369299205334542,1.0000000000000002,1,6.604530500000237,10232,1.2140077240731748,0.1120575142111852,dynamic_penalty,2.0,3.0
2,20260702,RDHO,1.0385146521998272,0.7135146521998272,0.3249999999999999,18.263514652199824,92.86261293836684,1.929860115539052,2.2416583665400625,0.4248243848046695,0.9437076243832316,0.675,1,0.8670266309116833,1.0000000000000002,1,6.3967911250001634,10232,1.070035453907506,0.0315208017076786,dynamic_penalty,2.0,3.0
3,20260703,RDHO,0.8536582681568399,0.6119916014901732,0.2416666666666667,13.661991601490174,57.4579373296533,1.6385507832509505,1.9670724489327405,0.4775262545419031,0.940458309948366,0.7583333333333333,1,0.8208800072252933,1.0,1,6.458366041000318,10232,0.9894795160933676,0.1358212479365278,dynamic_penalty,2.0,3.0
4,20260704,RDHO,0.7959145677150427,0.5875812343817093,0.2083333333333333,11.83758123438171,90.9044545140916,1.9109053375833736,2.2456245636267207,0.4830705930646586,0.9358392062211438,0.7916666666666666,1,0.8623815897689131,1.0,1,6.307155041999977,10232,0.822846781728134,0.0269322140130913,dynamic_penalty,2.0,3.0
5,20260705,RDHO,0.9487918876946976,0.6654585543613644,0.2833333333333333,15.965458554361364,98.18756416571348,2.055898371010133,2.394949061512172,0.4378424899938551,0.9311722024599934,0.7166666666666667,1,0.8197520383799987,1.0000000000000002,1,6.593581042000096,10232,1.0290988080622852,0.0803069203675874,dynamic_penalty,2.0,3.0
6,20260706,RDHO,1.01250452874274,0.7125045287427401,0.3,16.912504528742744,96.30991771057936,1.845954188927268,2.164231063645989,0.4150605227156356,0.9289218826238124,0.7,1,0.8188227020558928,1.0,1,6.487155666000035,10232,1.053626606866742,0.041122078124002,dynamic_penalty,2.0,3.0
7,20260707,RDHO,1.1653947630124373,0.8153947630124374,0.35,19.715394763012437,79.87213979760656,2.508432080188133,2.8424660197780645,0.4071803970239739,0.9134457536079044,0.65,1,0.8039432386951443,1.0,1,6.401200416999927,10232,1.231117665298991,0.0657229022865537,dynamic_penalty,2.0,3.0
8,20260708,RDHO,1.0234448141157286,0.706778147449062,0.3166666666666666,17.80677814744906,78.10414781563074,2.1397675441238384,2.4598730442049614,0.4279380763186717,0.935219562044492,0.6833333333333333,1,0.8175942272136212,1.0000000000000002,1,6.475878249999823,10232,1.0581101134768782,0.0346652993611495,dynamic_penalty,2.0,3.0
9,20260709,RDHO,0.8878718422353676,0.6545385089020344,0.2333333333333332,13.254538508902032,100.25958324607794,1.9160310077288103,2.2605472509718076,0.4575039590206713,0.9443736281991462,0.7666666666666667,1,0.8132366475858384,1.0000000000000002,1,6.450104667000232,10232,0.9028998540470256,0.0150280118116579,dynamic_penalty,2.0,3.0
10,20260710,RDHO,0.9972916559682612,0.6889583226349278,0.3083333333333333,17.33895832263493,121.8412396488826,1.6954463812423437,1.9773830411287627,0.4293847838760802,0.902150913810033,0.6916666666666667,1,0.8667044977648728,1.0000000000000002,1,6.555214542000158,10232,1.0464866767594605,0.049195020791199,dynamic_penalty,2.0,3.0
11,20260711,RDHO,0.7003276760685153,0.5336610094018487,0.1666666666666666,9.533661009401849,75.95372095304067,1.493720774124013,1.8311316937462792,0.5200676154946474,0.9217289274292656,0.8333333333333334,1,0.8368044915994497,1.0000000000000002,1,6.28290700000025,10232,0.7170901392337099,0.0167624631651945,dynamic_penalty,2.0,3.0
12,20260712,RDHO,1.2397426573897896,0.8147426573897896,0.425,23.764742657389792,119.12598950927271,1.979601124370586,2.2532368403611818,0.3688236179134556,0.9361079474634284,0.575,1,0.9227524585043174,1.0000000000000002,1,6.429381625000133,10232,1.2730118485667907,0.0332691911770011,dynamic_penalty,2.0,3.0
13,20260713,RDHO,0.9074039194622964,0.6407372527956295,0.2666666666666667,15.040737252795632,66.66547541229717,1.6325048072656074,1.946559968826572,0.4649142497962987,0.912710736603979,0.7333333333333333,1,0.7372976293778667,1.0000000000000002,1,6.627172290999624,10232,1.070488118836432,0.1630841993741356,dynamic_penalty,2.0,3.0
14,20260714,RDHO,0.9453192319033707,0.6619858985700374,0.2833333333333333,15.961985898570036,130.4630621652624,1.5657830585834025,1.904213546216217,0.4433244536825118,0.9168831151683068,0.7166666666666667,1,0.8801925027774476,1.0000000000000002,1,6.518628208000337,10232,1.0459729454659443,0.1006537135625738,dynamic_penalty,2.0,3.0
15,20260715,RDHO,0.9945169340222472,0.7195169340222473,0.275,15.569516934022248,90.38752389220107,1.709768268482194,1.974865884685061,0.4214100284970937,0.9381002755118408,0.725,1,0.7884760760861456,1.0000000000000002,1,6.642585708000297,10232,1.0850726557385095,0.0905557217162622,dynamic_penalty,2.0,3.0
16,20260716,RDHO,0.9564592385748312,0.6647925719081645,0.2916666666666666,16.414792571908162,71.73149055221212,1.7447494768070055,2.023885124466494,0.4416364136647207,0.9417429050709308,0.7083333333333334,1,0.7686731163623899,1.0,1,6.5558001250001325,10232,0.9877969364681844,0.0313376978933531,dynamic_penalty,2.0,3.0
17,20260717,RDHO,1.081850296273552,0.7401836296068856,0.3416666666666667,19.190183629606885,115.1048643143,1.9734167407073429,2.2880794336718253,0.4200950825940894,0.8995201745067269,0.6583333333333333,1,0.8466290016699641,1.0000000000000002,1,6.679861042000084,10232,1.1032521597510765,0.0214018634775241,dynamic_penalty,2.0,3.0
18,20260718,RDHO,0.8493773898775778,0.6160440565442445,0.2333333333333332,13.216044056544243,115.60460707531136,1.871055090378408,2.223082301589451,0.467290027786716,0.9263086687873836,0.7666666666666667,1,0.8142346817064994,1.0000000000000002,1,6.553079750000052,10232,0.8805431746491789,0.031165784771601,dynamic_penalty,2.0,3.0
19,20260719,RDHO,0.9338383346446804,0.6838383346446805,0.25,14.18383833464468,99.04014544571432,1.6805763614439126,1.977142854853598,0.4628484693933941,0.8888722051678726,0.75,1,0.7817513859579263,1.0,1,6.778686833000393,10232,0.99360305310148,0.0597647184567994,dynamic_penalty,2.0,3.0
20,20260720,RDHO,0.8473057122978881,0.6139723789645548,0.2333333333333332,13.213972378964552,80.95532814185151,1.74461586573713,2.070552782016677,0.4808825260929747,0.8961632370951037,0.7666666666666667,1,0.8241519705536223,1.0000000000000002,1,6.553554250000161,10232,0.87124861319444,0.0239429008965519,dynamic_penalty,2.0,3.0
21,20260721,RDHO,0.9852421487178348,0.7019088153845013,0.2833333333333333,16.0019088153845,111.13045209692056,1.9588797149069608,2.3153900861656256,0.4268948303047437,0.9285800809955096,0.7166666666666667,1,0.8137213128326632,1.0000000000000002,1,6.628510666999773,10232,1.0144710009367648,0.0292288522189301,dynamic_penalty,2.0,3.0
22,20260722,RDHO,0.7703323190786161,0.5536656524119494,0.2166666666666666,12.25366565241195,100.29545407521874,1.476417132129928,1.8103746897805937,0.5042008788632103,0.9481195712500888,0.7833333333333333,1,0.8180743742314444,1.0,1,6.574569291999978,10232,0.8017067444460586,0.0313744253674425,dynamic_penalty,2.0,3.0
23,20260723,RDHO,0.7661480551502186,0.5744813884835519,0.1916666666666666,10.924481388483551,79.36824261783933,1.9937850567394833,2.379287468877893,0.4961734203123792,0.9548748521840336,0.8083333333333333,1,0.8079636427838432,1.0,1,6.496064666000166,10232,0.887294250095993,0.1211461949457745,dynamic_penalty,2.0,3.0
24,20260724,RDHO,0.962142185369412,0.6788088520360787,0.2833333333333333,15.978808852036078,67.0810335963775,1.818664910640488,2.098520781350804,0.4516255890714825,0.9098680475640516,0.7166666666666667,1,0.7889109599445814,1.0000000000000002,1,6.612431957999888,10232,1.0166409700298042,0.0544987846603922,dynamic_penalty,2.0,3.0
25,20260725,RDHO,0.8902420455469948,0.6235753788803281,0.2666666666666667,15.02357537888033,71.4945093492783,2.089405813797388,2.4708942256250346,0.4600258355196006,0.9364656821863788,0.7333333333333333,1,0.8277260408581982,1.0000000000000002,1,6.440159124999809,10232,1.0217022360388186,0.1314601904918237,dynamic_penalty,2.0,3.0
26,20260726,RDHO,1.0459096862391366,0.7209096862391368,0.3249999999999999,18.270909686239133,94.1335625186718,2.098441847695203,2.4376430666473463,0.4344105161924687,0.898858299931487,0.675,1,0.7636716693836406,1.0000000000000002,1,6.529854124999929,10232,1.067485290502686,0.0215756042635493,dynamic_penalty,2.0,3.0
27,20260727,RDHO,0.8242411958932775,0.6075745292266108,0.2166666666666666,12.307574529226612,128.59104112241863,1.9099142149723676,2.2776378264770005,0.4645480318167638,0.9489667439682166,0.7833333333333333,1,0.7936541860515962,1.0000000000000002,1,6.508081250000032,10232,0.841912043500301,0.0176708476070235,dynamic_penalty,2.0,3.0
28,20260728,RDHO,0.9020886075800892,0.6437552742467558,0.2583333333333333,14.593755274246757,66.87799123780518,1.6001385620309996,1.917667034105299,0.4571130025914335,0.9233520234363376,0.7416666666666667,1,0.84789449910839,1.0,1,6.35415224999997,10232,0.9698954014467642,0.0678067938666751,dynamic_penalty,2.0,3.0
29,20260729,RDHO,1.0303767876730203,0.7137101210063539,0.3166666666666666,17.813710121006352,122.95175130481051,1.9224807616692807,2.232705963391497,0.4132607220183787,0.8833276809071773,0.6833333333333333,1,0.9060774893860316,1.0,1,6.5349910420000015,10232,1.0869284469732503,0.0565516593002299,dynamic_penalty,2.0,3.0
30,20260730,RDHO,1.0407997202012322,0.732466386867899,0.3083333333333333,17.3824663868679,143.28891737757812,1.9662903804691945,2.2894434077638963,0.4255327986502374,0.9571350066975356,0.6916666666666667,1,0.7945345732188861,1.0000000000000002,1,6.567543832999945,10232,1.0557728117553933,0.014973091554161,dynamic_penalty,2.0,3.0
