run_id,seed,algorithm,fitness,base_objective,penalty,search_fitness,energy,delay,aoi,qoe,fairness,csr,hard_feasible,capacity_utilisation_mean,capacity_utilisation_max,assignment_unique,runtime,nfe,pre_refinement_fitness,local_refinement_gain,experiment,setting,cpu_capacity_scale,sla_scale,server_heterogeneity_scale
1,20260701,RDHO,1.1569249176884189,0.7902582510217518,0.3666666666666667,4.090258251021752,53.01971825090476,2.40590088338192,2.6988776427750794,0.4043437743665583,0.9022095123782108,0.6333333333333333,1,0.8994638143857769,1.0000000000000002,1,6.628668584000025,10232,1.2147594575000946,0.0578345398116759,cpu_capacity,capacity_0.8,0.8,1.0,1.0
2,20260702,RDHO,1.0713981360479168,0.7130648027145834,0.3583333333333333,3.938064802714583,59.17741203859033,2.238354064717195,2.550152315718205,0.4184996242913259,0.9390638729382544,0.6416666666666667,1,0.8753565903708465,1.0000000000000002,1,6.4885198329998275,10232,1.1303092413055331,0.0589111052576163,cpu_capacity,capacity_0.8,0.8,1.0,1.0
3,20260703,RDHO,0.9171213504907256,0.6587880171573923,0.2583333333333333,2.983788017157392,57.86394663385179,1.94038463557609,2.2689063012578807,0.4727665101276313,0.943984913100998,0.7416666666666667,1,0.8170142492098622,1.0000000000000002,1,6.467575458000283,10232,0.9787158214231616,0.0615944709324359,cpu_capacity,capacity_0.8,0.8,1.0,1.0
4,20260704,RDHO,0.8743974235370151,0.6160640902036818,0.2583333333333333,2.9410640902036818,74.51424383979554,2.0679910509692205,2.4027102770125675,0.4643840973182154,0.9317562524913632,0.7416666666666667,1,0.9249153919509928,1.0000000000000002,1,6.360982249999779,10232,0.8876255822644876,0.0132281587274725,cpu_capacity,capacity_0.8,0.8,1.0,1.0
5,20260705,RDHO,0.9807943740362608,0.6891277073695941,0.2916666666666666,3.3141277073695936,75.11980815240908,2.253412856372365,2.5924635468744044,0.4306992306993874,0.9253445302642904,0.7083333333333334,1,0.9055098355639618,1.0000000000000002,1,6.605676042000141,10232,1.0576427422427743,0.0768483682065136,cpu_capacity,capacity_0.8,0.8,1.0,1.0
6,20260706,RDHO,1.0804825358275445,0.7388158691608779,0.3416666666666667,3.8138158691608783,71.54602326261646,2.1391789311489524,2.4574558058676734,0.4128219339927475,0.9221733105227592,0.6583333333333333,1,0.8976650896292352,1.0000000000000002,1,6.475615415999982,10232,1.1020558884199074,0.0215733525923629,cpu_capacity,capacity_0.8,0.8,1.0,1.0
7,20260707,RDHO,1.2437380913517222,0.8604047580183889,0.3833333333333333,4.310404758018389,84.92138999373623,2.765488118081252,3.0995220576711837,0.3927056440320574,0.9029955742786042,0.6166666666666667,1,0.8864699138013707,1.0000000000000002,1,6.543055999999979,10232,1.3186286748446712,0.0748905834929489,cpu_capacity,capacity_0.8,0.8,1.0,1.0
8,20260708,RDHO,1.0817982788594644,0.7317982788594645,0.35,3.881798278859464,61.60740965990269,2.3296587818579138,2.6497642819390363,0.4159264565005677,0.9351531663145076,0.65,1,0.8649407598595957,1.0000000000000002,1,6.5533568750001905,10232,1.1010324370916775,0.019234158232213,cpu_capacity,capacity_0.8,0.8,1.0,1.0
9,20260709,RDHO,0.9223410591007992,0.6640077257674659,0.2583333333333333,2.9890077257674657,87.54744337087875,1.9918263573501869,2.3363426005931847,0.4431682719947186,0.9425251605189792,0.7416666666666667,1,0.8560467666705236,1.0000000000000002,1,6.459648541999741,10232,0.9487280788839124,0.0263870197831131,cpu_capacity,capacity_0.8,0.8,1.0,1.0
10,20260710,RDHO,1.0525045408124276,0.710837874145761,0.3416666666666667,3.785837874145761,85.50091601649353,2.0260010443233076,2.3079377042097273,0.4212955327156637,0.8982901432804303,0.6583333333333333,1,0.8580163972039846,1.0000000000000002,1,6.629799333999927,10232,1.0934660080883831,0.0409614672759555,cpu_capacity,capacity_0.8,0.8,1.0,1.0
11,20260711,RDHO,0.7389709117082073,0.5473042450415406,0.1916666666666666,2.2723042450415405,55.79399601568957,1.6941192305771444,2.0315301501994103,0.5141173052524368,0.9220862772119964,0.8083333333333333,1,0.9325171420075744,1.0,1,6.38940862499976,10232,0.745296451716222,0.0063255400080147,cpu_capacity,capacity_0.8,0.8,1.0,1.0
12,20260712,RDHO,1.2841557167272817,0.8674890500606152,0.4166666666666666,4.617489050060614,92.97847612663392,2.3693744979833524,2.643010213973948,0.3651912168276096,0.9391882447490048,0.5833333333333334,1,0.9346469962558362,1.0000000000000002,1,6.522495917000015,10232,1.325962158119749,0.0418064413924672,cpu_capacity,capacity_0.8,0.8,1.0,1.0
13,20260713,RDHO,0.9611260655806518,0.6694593989139852,0.2916666666666666,3.2944593989139848,48.45064643985761,1.7715852706838482,2.0856404322448125,0.4621746921941486,0.9107535548128084,0.7083333333333334,1,0.790715042417566,1.0,1,6.730615417000081,10232,1.067453015003566,0.1063269494229141,cpu_capacity,capacity_0.8,0.8,1.0,1.0
14,20260714,RDHO,1.010944511564956,0.6776111782316225,0.3333333333333333,3.677611178231623,83.81354147127439,1.87625944473355,2.2146899323663645,0.4347245638599035,0.9091933725115336,0.6666666666666666,1,0.890785852366895,1.0000000000000002,1,6.572669707999921,10232,1.026142943165418,0.0151984316004618,cpu_capacity,capacity_0.8,0.8,1.0,1.0
15,20260715,RDHO,1.0894662129604666,0.7727995462938,0.3166666666666666,3.6227995462938,69.5955089284764,1.8667544136393903,2.131852029842258,0.4052246763599098,0.9327265431537703,0.6833333333333333,1,0.7968199052307702,1.0000000000000002,1,6.658670208999865,10232,1.170300908490943,0.0808346955304764,cpu_capacity,capacity_0.8,0.8,1.0,1.0
16,20260716,RDHO,1.0055437409059025,0.7055437409059024,0.3,3.4055437409059026,60.13021065999705,2.013648457367567,2.292784105027055,0.4313929101480619,0.9378568870481272,0.7,1,0.8105155286106404,1.0,1,6.570357499999773,10232,1.0341481427288808,0.0286044018229782,cpu_capacity,capacity_0.8,0.8,1.0,1.0
17,20260717,RDHO,1.1508208606207928,0.7758208606207929,0.375,4.150820860620793,66.00375132532304,2.308722936971228,2.6233856299357106,0.4118222604887665,0.893332437792453,0.625,1,0.9004505787408355,1.0000000000000002,1,6.657726124999954,10232,1.216469381082271,0.0656485204614785,cpu_capacity,capacity_0.8,0.8,1.0,1.0
18,20260718,RDHO,0.8650139116625992,0.6316805783292659,0.2333333333333332,2.7316805783292657,87.27242786237557,2.0477398514834286,2.3997670626944716,0.4608482614889231,0.9219866832172045,0.7666666666666667,1,0.9163290705538016,1.0000000000000002,1,6.5355931670001155,10232,0.909872354779742,0.0448584431171427,cpu_capacity,capacity_0.8,0.8,1.0,1.0
19,20260719,RDHO,0.990928576002487,0.7075952426691536,0.2833333333333333,3.2575952426691535,90.439648978476,1.7746981283547023,2.0712646217643877,0.4570329046530279,0.883575645421032,0.7166666666666667,1,0.8825073684522939,1.0,1,6.703120042000137,10232,1.0540251230353457,0.0630965470328587,cpu_capacity,capacity_0.8,0.8,1.0,1.0
20,20260720,RDHO,0.9181654131731788,0.6348320798398456,0.2833333333333333,3.1848320798398455,76.01876728803909,1.9493195346838683,2.2752564509634157,0.4707090915643548,0.8919431173866773,0.7166666666666667,1,0.8869348791528625,1.0000000000000002,1,6.500058624999838,10232,0.9289585949213712,0.0107931817481924,cpu_capacity,capacity_0.8,0.8,1.0,1.0
21,20260721,RDHO,1.0325884157603205,0.6992550824269871,0.3333333333333333,3.6992550824269874,65.9394451037565,2.1352438024541947,2.4917541737128603,0.4224078136479565,0.927684883448364,0.6666666666666666,1,0.8452454239202581,1.0,1,6.701594957999987,10232,1.0801728660572525,0.0475844502969318,cpu_capacity,capacity_0.8,0.8,1.0,1.0
22,20260722,RDHO,0.8393508578488881,0.5726841911822214,0.2666666666666667,2.9726841911822217,51.24360487626999,1.7782767243545556,2.1122342820052213,0.493534987206507,0.9404033183588144,0.7333333333333333,1,0.8418539037973978,1.0000000000000002,1,6.569153333000031,10232,0.9195941520865412,0.0802432942376532,cpu_capacity,capacity_0.8,0.8,1.0,1.0
23,20260723,RDHO,0.8332752909011178,0.6082752909011179,0.2249999999999999,2.6332752909011177,51.56769579961441,2.4007071448679413,2.7862095570063508,0.484657038498603,0.9499753417228344,0.775,1,0.8272557555804102,1.0000000000000002,1,6.5450696249999964,10232,1.00283007401632,0.1695547831152022,cpu_capacity,capacity_0.8,0.8,1.0,1.0
24,20260724,RDHO,1.000936392728296,0.7092697260616292,0.2916666666666666,3.3342697260616285,41.73946502160058,2.0089618615411595,2.288817732251476,0.4479074073701328,0.9072868984779348,0.7083333333333334,1,0.8360317457571054,1.0000000000000002,1,6.540270832999795,10232,1.0871763001247186,0.0862399073964226,cpu_capacity,capacity_0.8,0.8,1.0,1.0
25,20260725,RDHO,0.9410711120185036,0.6744044453518367,0.2666666666666667,3.074404445351837,54.72083071474005,2.5174308853594782,2.8989192971871245,0.4507832041852572,0.9354221396169868,0.7333333333333333,1,0.8725362307186526,1.0000000000000002,1,6.414004042000215,10232,1.0711385102253166,0.1300673982068131,cpu_capacity,capacity_0.8,0.8,1.0,1.0
26,20260726,RDHO,1.0542545826925158,0.7292545826925159,0.3249999999999999,3.654254582692515,77.06012164676261,2.2352553757732747,2.574456594725418,0.4371191660164129,0.9046590253407566,0.675,1,0.8408687434569099,1.0000000000000002,1,6.519216208000216,10232,1.0736496736797738,0.019395090987258,cpu_capacity,capacity_0.8,0.8,1.0,1.0
27,20260727,RDHO,0.8718017299730912,0.6134683966397579,0.2583333333333333,2.938468396639758,101.13369988121224,2.057947362112344,2.4256709736169775,0.4569003705530942,0.9478016857202162,0.7416666666666667,1,0.8833558301053752,1.0000000000000002,1,6.569279707999613,10232,0.9000695852096755,0.0282678552365842,cpu_capacity,capacity_0.8,0.8,1.0,1.0
28,20260728,RDHO,0.9845927706964264,0.676259437363093,0.3083333333333333,3.4512594373630936,55.56754765698548,1.7580105220248328,2.0755389940991327,0.4496616443306785,0.9162964861834274,0.6916666666666667,1,0.9162776844520736,1.0000000000000002,1,6.380126375000145,10232,1.059387481575336,0.0747947108789097,cpu_capacity,capacity_0.8,0.8,1.0,1.0
29,20260729,RDHO,1.098707327900838,0.7570406612341716,0.3416666666666667,3.832040661234171,93.46115414739916,2.253996645497899,2.5642218472201153,0.4053996077227185,0.8733120371589623,0.6583333333333333,1,0.9137208485595144,1.0000000000000002,1,6.685123416999886,10232,1.351662825056601,0.2529554971557628,cpu_capacity,capacity_0.8,0.8,1.0,1.0
30,20260730,RDHO,1.088670559065335,0.7386705590653349,0.35,3.8886705590653343,92.97758896065449,2.3292807755997083,2.65243380289441,0.4145426343368606,0.9409395428626908,0.65,1,0.8046458900247043,1.0000000000000002,1,6.590931583000383,10232,1.1095018718797685,0.0208313128144335,cpu_capacity,capacity_0.8,0.8,1.0,1.0
1,20260701,RDHO,1.108568434106899,0.7585684341068993,0.35,3.908568434106899,74.82231000942322,2.077367767445099,2.3703445268382586,0.4055901929117499,0.8981469852203793,0.65,1,0.8388950572562454,1.0000000000000002,1,6.532967375000226,10232,1.1934487678324863,0.0848803337255872,cpu_capacity,capacity_1.0,1.0,1.0,1.0
2,20260702,RDHO,1.042971259370508,0.7096379260371747,0.3333333333333333,3.7096379260371752,92.5467289252826,1.9317343032317391,2.2435325542327496,0.4252411484102329,0.9438029302531644,0.6666666666666666,1,0.8642210038280658,1.0,1,6.417754750000313,10232,1.0687336254960704,0.0257623661255623,cpu_capacity,capacity_1.0,1.0,1.0,1.0
3,20260703,RDHO,0.8308932791007381,0.6058932791007381,0.2249999999999999,2.630893279100738,58.63362486904609,1.6168846317221417,1.945406297403932,0.473792513367565,0.9356745123851102,0.775,1,0.7968452417119734,1.0000000000000002,1,6.430858665999949,10232,0.9452257287509116,0.1143324496501736,cpu_capacity,capacity_1.0,1.0,1.0,1.0
4,20260704,RDHO,0.7792937629223804,0.5792937629223804,0.1999999999999999,2.37929376292238,84.79412936476712,1.8721399375022765,2.206859163545623,0.4834352409538747,0.9357058092379048,0.8,1,0.8572469003486489,1.0000000000000002,1,6.394509040999765,10232,0.8092318472328736,0.0299380843104931,cpu_capacity,capacity_1.0,1.0,1.0,1.0
5,20260705,RDHO,0.9383155996253232,0.65498226629199,0.2833333333333333,3.2049822662919896,93.53624100457512,2.038689261679705,2.377739952181744,0.4359456288266753,0.9277532731591402,0.7166666666666667,1,0.819792756438706,1.0000000000000002,1,6.646990292000282,10232,0.9784161568099428,0.0401005571846194,cpu_capacity,capacity_1.0,1.0,1.0,1.0
6,20260706,RDHO,0.99676381013413,0.7134304768007967,0.2833333333333333,3.2634304768007967,99.48863903818724,1.8484317925132845,2.166708667232005,0.4241327295155524,0.9287150965213892,0.7166666666666667,1,0.8235622549285625,1.0000000000000002,1,6.456228250000095,10232,1.0461641934022687,0.0494003832681386,cpu_capacity,capacity_1.0,1.0,1.0,1.0
7,20260707,RDHO,1.1458476235507842,0.7875142902174509,0.3583333333333333,4.01251429021745,77.39625890994373,2.5124774419991063,2.846511381589038,0.4084501701463391,0.9123796205695444,0.6416666666666667,1,0.7880416488185666,1.0,1,6.349661916000059,10232,1.2196850813194904,0.0738374577687062,cpu_capacity,capacity_1.0,1.0,1.0,1.0
8,20260708,RDHO,1.024393291400052,0.6993932914000521,0.3249999999999999,3.624393291400052,83.58764787814688,2.0614622704390517,2.3815677705201743,0.4283301329435506,0.9359433004822648,0.675,1,0.8273141573584951,1.0000000000000002,1,6.495618458000081,10232,1.0619731012072533,0.0375798098072013,cpu_capacity,capacity_1.0,1.0,1.0,1.0
9,20260709,RDHO,0.8998726704889334,0.6582060038222667,0.2416666666666667,2.833206003822267,123.1969786819626,1.7369778982217468,2.081494141464744,0.4585189896617808,0.9454807093712666,0.7583333333333333,1,0.7772485003183004,1.0000000000000002,1,6.425254209000286,10232,0.907539621912801,0.0076669514238676,cpu_capacity,capacity_1.0,1.0,1.0,1.0
10,20260710,RDHO,1.0050386449966089,0.6883719783299422,0.3166666666666666,3.538371978329942,113.71442453112336,1.7179993629198882,1.9999360228063072,0.4303061930099098,0.9021348804980855,0.6833333333333333,1,0.867509119261818,1.0000000000000002,1,6.513452583000344,10232,1.0401511687528897,0.0351125237562808,cpu_capacity,capacity_1.0,1.0,1.0,1.0
11,20260711,RDHO,0.7009073212620613,0.5259073212620613,0.175,2.1009073212620617,61.888668587217545,1.5408853028156062,1.878296222437872,0.5188498263820505,0.9206055638063376,0.825,1,0.8308072956000643,1.0,1,6.3291359160002685,10232,0.7211710677814924,0.020263746519431,cpu_capacity,capacity_1.0,1.0,1.0,1.0
12,20260712,RDHO,1.227377186838595,0.8107105201719285,0.4166666666666666,4.560710520171928,118.62320799981154,1.968677228523936,2.2423129445145316,0.3697487766435571,0.9367273880479274,0.5833333333333334,1,0.9208711653127412,1.0000000000000002,1,6.460588334000022,10232,1.2525048849178022,0.0251276980792072,cpu_capacity,capacity_1.0,1.0,1.0,1.0
13,20260713,RDHO,0.908612967495084,0.6502796341617508,0.2583333333333333,2.9752796341617507,71.62782919589671,1.623058713729294,1.937113875290258,0.4644426310932727,0.9137112181547106,0.7416666666666667,1,0.7633512051862251,1.0000000000000002,1,6.645637749999878,10232,1.011788654832946,0.1031756873378618,cpu_capacity,capacity_1.0,1.0,1.0,1.0
14,20260714,RDHO,0.9517035760858804,0.668370242752547,0.2833333333333333,3.2183702427525467,132.98035710362268,1.5610343147238277,1.8994648023566425,0.4453020890595699,0.920440484236812,0.7166666666666667,1,0.8910026630154445,1.0,1,6.534669458999815,10232,0.9876855947002184,0.0359820186143382,cpu_capacity,capacity_1.0,1.0,1.0,1.0
15,20260715,RDHO,1.004157954999794,0.7124912883331275,0.2916666666666666,3.337491288333127,93.41649191871136,1.680918718504018,1.946016334706885,0.4198814674125798,0.9375198428391324,0.7083333333333334,1,0.7840874569528854,1.0,1,6.662388082999769,10232,1.0772736136797922,0.0731156586799981,cpu_capacity,capacity_1.0,1.0,1.0,1.0
16,20260716,RDHO,0.9539209570091088,0.6622542903424422,0.2916666666666666,3.2872542903424415,72.57322050837479,1.731895893302109,2.0110315409615973,0.4420069900100353,0.9419988914533122,0.7083333333333334,1,0.7607597149186152,1.0000000000000002,1,6.554973582999992,10232,0.97078593804401,0.0168649810349013,cpu_capacity,capacity_1.0,1.0,1.0,1.0
17,20260717,RDHO,1.0796669523916411,0.7296669523916414,0.35,3.8796669523916414,112.15696100770872,1.94795695764932,2.2626196506138023,0.4190657402721016,0.8967766442787752,0.65,1,0.8520104077715128,1.0000000000000002,1,6.560447333999946,10232,1.1015891002842464,0.021922147892605,cpu_capacity,capacity_1.0,1.0,1.0,1.0
18,20260718,RDHO,0.8526816972011985,0.6276816972011985,0.2249999999999999,2.6526816972011984,105.2085612776022,1.9604579265363848,2.312485137747428,0.4688495458438041,0.9276425755227586,0.775,1,0.7860223657652284,1.0000000000000002,1,6.604562874999829,10232,0.8738909671450994,0.0212092699439009,cpu_capacity,capacity_1.0,1.0,1.0,1.0
19,20260719,RDHO,0.9344612368818764,0.6761279035485432,0.2583333333333333,3.001127903548543,102.62208614973828,1.6723790560216418,1.9689455494313273,0.4618118941188203,0.8844702984536618,0.7416666666666667,1,0.8049322299549273,1.0000000000000002,1,6.703062374999718,10232,0.988960035829355,0.0544987989474784,cpu_capacity,capacity_1.0,1.0,1.0,1.0
20,20260720,RDHO,0.8506510710663095,0.6089844043996429,0.2416666666666667,2.783984404399643,80.57553581852677,1.7110957568993872,2.037032673178934,0.4823406620955833,0.8962081420564082,0.7583333333333333,1,0.8194666111103562,1.0,1,6.515445832999831,10232,0.8791176759204962,0.0284666048541866,cpu_capacity,capacity_1.0,1.0,1.0,1.0
21,20260721,RDHO,0.982271240870291,0.6906045742036244,0.2916666666666666,3.315604574203624,110.92790390080422,1.9300258904408032,2.286536261699468,0.4257526742553282,0.9266068239212468,0.7083333333333334,1,0.8213192192737055,1.0000000000000002,1,6.675697041000149,10232,1.0125388609152506,0.0302676200449595,cpu_capacity,capacity_1.0,1.0,1.0,1.0
22,20260722,RDHO,0.7667012770112257,0.550034610344559,0.2166666666666666,2.500034610344559,97.81959272248044,1.4669512704325822,1.800908828083248,0.5031635692800241,0.9475867792650676,0.7833333333333333,1,0.8172586597052255,1.0,1,6.543237875000159,10232,0.8005859713818054,0.0338846943705797,cpu_capacity,capacity_1.0,1.0,1.0,1.0
23,20260723,RDHO,0.7619846621626397,0.5703179954959731,0.1916666666666666,2.295317995495973,76.57131708651687,1.9943670989885256,2.3798695111269352,0.494499918095325,0.9534155450735508,0.8083333333333333,1,0.7663347557166371,1.0000000000000002,1,6.549856125000133,10232,0.8977681595035939,0.1357834973409541,cpu_capacity,capacity_1.0,1.0,1.0,1.0
24,20260724,RDHO,0.954010287549048,0.6706769542157146,0.2833333333333333,3.2206769542157145,56.80390159386371,1.806620477863508,2.086476348573824,0.4527645619628552,0.9114708941459152,0.7166666666666667,1,0.7635685924182168,1.0,1,6.455514958000094,10232,1.029700728203245,0.0756904406541973,cpu_capacity,capacity_1.0,1.0,1.0,1.0
25,20260725,RDHO,0.8831599788529992,0.6164933121863325,0.2666666666666667,3.016493312186333,69.77350317022176,2.137200323774766,2.5186887356024124,0.4612785356952739,0.936393581104898,0.7333333333333333,1,0.8213295557474631,1.0,1,6.384258166999643,10232,0.9749007456140424,0.0917407667610431,cpu_capacity,capacity_1.0,1.0,1.0,1.0
26,20260726,RDHO,1.0291269854807543,0.712460318814088,0.3166666666666666,3.562460318814088,106.49129755372547,1.9988471590645105,2.338048378016654,0.4405147189981867,0.900647195989114,0.6833333333333333,1,0.7507502983084943,1.0000000000000002,1,6.534360832999937,10232,1.054698810953648,0.0255718254728933,cpu_capacity,capacity_1.0,1.0,1.0,1.0
27,20260727,RDHO,0.8329626031917915,0.5996292698584582,0.2333333333333332,2.699629269858458,128.4179536425301,1.8476170299401615,2.215340641444795,0.4602948756405285,0.948643251583556,0.7666666666666667,1,0.7825166607155911,1.0,1,6.521883500000058,10232,0.8421509419468391,0.0091883387550476,cpu_capacity,capacity_1.0,1.0,1.0,1.0
28,20260728,RDHO,0.9010872696235122,0.6427539362901789,0.2583333333333333,2.967753936290179,64.08356682641654,1.6036561843353605,1.9211846564096595,0.4583267126092779,0.9248434650259856,0.7416666666666667,1,0.8550099894066665,1.0000000000000002,1,6.422892916999899,10232,0.9718624555932076,0.0707751859696953,cpu_capacity,capacity_1.0,1.0,1.0,1.0
29,20260729,RDHO,1.0372480902091166,0.7122480902091166,0.3249999999999999,3.637248090209116,128.10604458603353,1.885627038931819,2.1958522406540353,0.4111484363983468,0.8832921829706172,0.675,1,0.8976562707670034,1.0000000000000002,1,6.552642291000211,10232,1.0690991667663212,0.0318510765572046,cpu_capacity,capacity_1.0,1.0,1.0,1.0
30,20260730,RDHO,1.0265251430305788,0.7348584763639123,0.2916666666666666,3.359858476363912,145.02176009507122,1.9497676361928344,2.272920663487537,0.4311241853461879,0.9573707105736452,0.7083333333333334,1,0.8185513792512681,1.0000000000000002,1,6.685806459000105,10232,1.052615391459991,0.0260902484294121,cpu_capacity,capacity_1.0,1.0,1.0,1.0
1,20260701,RDHO,1.0529802347188335,0.7446469013855002,0.3083333333333333,3.5196469013855003,106.11974839974152,1.8886697615629473,2.1816465209561064,0.4157751906061149,0.9128450175617602,0.6916666666666667,1,0.7974948118363135,1.0,1,6.542818999999781,10232,1.146593917338029,0.0936136826191955,cpu_capacity,capacity_1.2,1.2,1.0,1.0
2,20260702,RDHO,0.9989219952318048,0.6655886618984713,0.3333333333333333,3.665588661898472,105.72861423533534,1.6386420033770883,1.9504402543780988,0.4251661190710373,0.9410872887641328,0.6666666666666666,1,0.8297200336240617,1.0000000000000002,1,6.455778624999766,10232,1.0220645720611996,0.0231425768293949,cpu_capacity,capacity_1.2,1.2,1.0,1.0
3,20260703,RDHO,0.8103938500227483,0.5853938500227484,0.2249999999999999,2.6103938500227484,75.97922738685166,1.4797685652785308,1.8082902309603213,0.4837843828659989,0.9443090681422188,0.775,1,0.7518365771712231,1.0000000000000002,1,6.3937292499999785,10232,0.8419592689453568,0.0315654189226084,cpu_capacity,capacity_1.2,1.2,1.0,1.0
4,20260704,RDHO,0.7356529309922053,0.5606529309922053,0.175,2.1356529309922054,97.87065415978093,1.6600966435787003,1.994815869622047,0.4916867830612536,0.9375807591198698,0.825,1,0.8077549797979953,1.0000000000000002,1,6.269385707999845,10232,0.7657933638907088,0.0301404328985035,cpu_capacity,capacity_1.2,1.2,1.0,1.0
5,20260705,RDHO,0.9128402406000062,0.6711735739333395,0.2416666666666667,2.84617357393334,150.36618325897916,1.733741217592468,2.0727919080945063,0.4409261371604411,0.9311572127372064,0.7583333333333333,1,0.8064760151113798,1.0000000000000002,1,6.531885625000086,10232,0.9412895038569205,0.0284492632569141,cpu_capacity,capacity_1.2,1.2,1.0,1.0
6,20260706,RDHO,0.9723358247331352,0.689002491399802,0.2833333333333333,3.239002491399802,125.61842169174814,1.621077936924235,1.939354811642956,0.4194428427445853,0.9263631007035644,0.7166666666666667,1,0.7974521848599976,1.0000000000000002,1,6.406178541999907,10232,0.9944341729601764,0.0220983482270411,cpu_capacity,capacity_1.2,1.2,1.0,1.0
7,20260707,RDHO,1.1088065536237763,0.7588065536237764,0.35,3.908806553623776,103.42149582707496,2.23605798941864,2.570091929008572,0.409742474828049,0.9100615284182956,0.65,1,0.7922778030654061,1.0,1,6.288794834000328,10232,1.136830383258526,0.0280238296347496,cpu_capacity,capacity_1.2,1.2,1.0,1.0
8,20260708,RDHO,0.9786161565661288,0.6619494898994622,0.3166666666666666,3.511949489899462,95.2373351892292,1.924592703987395,2.2446982040685173,0.4366130302927196,0.9387370202773972,0.6833333333333333,1,0.7945312272770568,1.0000000000000002,1,6.501461291000396,10232,1.0564486053452358,0.0778324487791068,cpu_capacity,capacity_1.2,1.2,1.0,1.0
9,20260709,RDHO,0.8477775569606124,0.6227775569606124,0.2249999999999999,2.6477775569606123,122.32225190829416,1.585565635316042,1.9300818785590397,0.4665451410584365,0.9432691117470144,0.775,1,0.7754419768993334,1.0000000000000002,1,6.439367333000064,10232,0.8955625874770624,0.04778503051645,cpu_capacity,capacity_1.2,1.2,1.0,1.0
10,20260710,RDHO,0.960905663656536,0.7025723303232028,0.2583333333333333,3.0275723303232027,176.15962854696377,1.568433586677235,1.8503702465636545,0.4317742367686853,0.9211275817380328,0.7416666666666667,1,0.8639346434027957,1.0000000000000002,1,6.6022671659998196,10232,0.9955953637619208,0.0346897001053846,cpu_capacity,capacity_1.2,1.2,1.0,1.0
11,20260711,RDHO,0.6886940316921178,0.5053606983587845,0.1833333333333333,2.1553606983587845,76.53964470183044,1.3249289601837244,1.6623398798059903,0.524652168804317,0.9226151811417832,0.8166666666666667,1,0.7777956137322621,1.0,1,6.376155208,10232,0.698198460284482,0.0095044285923641,cpu_capacity,capacity_1.2,1.2,1.0,1.0
12,20260712,RDHO,1.200025037915836,0.8250250379158361,0.375,4.200025037915836,139.8212715384753,1.832602481921502,2.106238197912098,0.3800792137480754,0.9379387462594782,0.625,1,0.8458261218780269,1.0000000000000002,1,6.4555748329999005,10232,1.233498919649347,0.0334738817335111,cpu_capacity,capacity_1.2,1.2,1.0,1.0
13,20260713,RDHO,0.901685033365886,0.6516850333658859,0.25,2.9016850333658857,78.04405564671654,1.5036959433178947,1.8177511048788588,0.4770281892100999,0.9200318336055278,0.75,1,0.7082326723203766,1.0,1,6.658997083000031,10232,1.0292032612824826,0.1275182279165967,cpu_capacity,capacity_1.2,1.2,1.0,1.0
14,20260714,RDHO,0.957567825362876,0.6659011586962092,0.2916666666666666,3.290901158696209,136.75741395909375,1.5388386966550924,1.8772691842879077,0.4420835669834921,0.9062389008377144,0.7083333333333334,1,0.8154083063045923,1.0000000000000002,1,6.380631708000237,10232,0.9743886836066488,0.0168208582437727,cpu_capacity,capacity_1.2,1.2,1.0,1.0
15,20260715,RDHO,1.0210642534860752,0.7460642534860752,0.275,3.2210642534860754,112.67123474200008,1.599374562490608,1.8644721786934753,0.4143514148658301,0.937027802282424,0.725,1,0.7558973039003581,1.0000000000000002,1,6.563426124999751,10232,1.0808309146475084,0.0597666611614331,cpu_capacity,capacity_1.2,1.2,1.0,1.0
16,20260716,RDHO,0.9064010057783818,0.6230676724450485,0.2833333333333333,3.173067672445048,76.86027432047476,1.5427654825577686,1.8219011302172572,0.4528882918704851,0.9455860080664658,0.7166666666666667,1,0.7044367970013138,1.0000000000000002,1,6.491152625000268,10232,0.9559884711417774,0.0495874653633956,cpu_capacity,capacity_1.2,1.2,1.0,1.0
17,20260717,RDHO,1.048856373552849,0.7571897068861828,0.2916666666666666,3.3821897068861824,144.90844598861943,1.7754557702968476,2.09011846326133,0.4321611246582157,0.9093308632082368,0.7083333333333334,1,0.8264849300915733,1.0000000000000002,1,6.549098125,10232,1.1091597843366676,0.0603034107838182,cpu_capacity,capacity_1.2,1.2,1.0,1.0
18,20260718,RDHO,0.8435024871905519,0.6018358205238852,0.2416666666666667,2.7768358205238854,126.4032708483754,1.7464660723810224,2.0984932835920653,0.471120175278587,0.9220850283189548,0.7583333333333333,1,0.7572373333041574,1.0000000000000002,1,6.493632958000035,10232,0.848622701629587,0.005120214439035,cpu_capacity,capacity_1.2,1.2,1.0,1.0
19,20260719,RDHO,0.9256571269417092,0.6673237936083758,0.2583333333333333,2.9923237936083753,113.91931329650322,1.5186490220123037,1.8152155154219891,0.4637936923415408,0.8916568965618417,0.7416666666666667,1,0.7217965987526458,1.0000000000000002,1,6.760066584000015,10232,1.0178382599419022,0.0921811330001931,cpu_capacity,capacity_1.2,1.2,1.0,1.0
20,20260720,RDHO,0.8190109892288143,0.5940109892288143,0.2249999999999999,2.6190109892288143,118.79992106688309,1.465693110010069,1.791630026289616,0.4917016858221967,0.9056887749522128,0.775,1,0.8139644215698679,1.0000000000000002,1,6.545879540999977,10232,0.8460325629569282,0.0270215737281138,cpu_capacity,capacity_1.2,1.2,1.0,1.0
21,20260721,RDHO,0.96509451790341,0.69009451790341,0.275,3.1650945179034102,138.58291545079732,1.7722012845424735,2.128711655801139,0.4290993619803561,0.9306564252532264,0.725,1,0.7521823761103887,1.0,1,6.57980416700002,10232,0.9780018304772192,0.012907312573809,cpu_capacity,capacity_1.2,1.2,1.0,1.0
22,20260722,RDHO,0.7355027050781817,0.5438360384115151,0.1916666666666666,2.268836038411515,110.21881481976736,1.3798050729497822,1.7137626306004474,0.5123004726491167,0.9488461947575848,0.8083333333333333,1,0.766353699216028,1.0,1,6.538628249999874,10232,0.7584269710872561,0.0229242660090743,cpu_capacity,capacity_1.2,1.2,1.0,1.0
23,20260723,RDHO,0.7198491293606365,0.5281824626939698,0.1916666666666666,2.2531824626939696,82.71567314306134,1.7862071342189687,2.171709546357378,0.4992084101135719,0.9535805451825604,0.8083333333333333,1,0.7087126887446626,1.0000000000000002,1,6.529474166999989,10232,0.9370034290745336,0.217154299713897,cpu_capacity,capacity_1.2,1.2,1.0,1.0
24,20260724,RDHO,0.9010228356350862,0.6593561689684195,0.2416666666666667,2.83435616896842,77.23970508517812,1.5934108376881453,1.8732667083984615,0.4643524632761986,0.9194083055134216,0.7583333333333333,1,0.7204732979207028,1.0000000000000002,1,6.475971541000035,10232,0.938568310235768,0.0375454746006816,cpu_capacity,capacity_1.2,1.2,1.0,1.0
25,20260725,RDHO,0.8400826601776286,0.6234159935109619,0.2166666666666666,2.573415993510962,114.8846382381326,1.8686935376414655,2.250181949469112,0.4708745903860735,0.947796503403498,0.7833333333333333,1,0.7991052129872815,1.0,1,6.426637790999848,10232,0.9528292258623736,0.1127465656847451,cpu_capacity,capacity_1.2,1.2,1.0,1.0
26,20260726,RDHO,1.0127886970841322,0.7127886970841323,0.3,3.412788697084133,144.2570859981627,1.8555553213916616,2.1947565403438047,0.4448134932759775,0.908247743581723,0.7,1,0.7512261963350466,1.0000000000000002,1,6.451129750000291,10232,1.038485469004452,0.0256967719203198,cpu_capacity,capacity_1.2,1.2,1.0,1.0
27,20260727,RDHO,0.8048023005351603,0.6048023005351604,0.1999999999999999,2.40480230053516,170.89534230689475,1.659758442336459,2.0274820538410916,0.4659997480261842,0.9519940952641704,0.8,1,0.7518716685775995,1.0000000000000002,1,6.528482499999882,10232,0.8260216296838861,0.0212193291487258,cpu_capacity,capacity_1.2,1.2,1.0,1.0
28,20260728,RDHO,0.8948405133263374,0.6198405133263374,0.275,3.0948405133263375,86.40069078964939,1.3969291422195005,1.7144576142938,0.4607705370661573,0.9217910383725324,0.725,1,0.8117509506463352,1.0,1,6.337773583999933,10232,0.9185365442178296,0.0236960308914921,cpu_capacity,capacity_1.2,1.2,1.0,1.0
29,20260729,RDHO,0.980410813575057,0.705410813575057,0.275,3.1804108135750573,153.07701659077827,1.668877824009788,1.979103025732004,0.4164956161624614,0.8762251058583568,0.725,1,0.8323558926559113,1.0000000000000002,1,6.56257879199984,10232,1.0235663596050757,0.0431555460300184,cpu_capacity,capacity_1.2,1.2,1.0,1.0
30,20260730,RDHO,0.9699932030997424,0.7033265364330756,0.2666666666666667,3.103326536433076,148.55976009954816,1.8397848673878208,2.1629378946825226,0.4460773041663716,0.9580748305210824,0.7333333333333333,1,0.8127407710039236,1.0,1,6.5632540419996985,10232,1.0019057047133688,0.0319125016136264,cpu_capacity,capacity_1.2,1.2,1.0,1.0
1,20260701,RDHO,1.3512679749879926,0.9179346416546592,0.4333333333333333,4.817934641654659,71.4965643447818,2.0935582281881286,2.386534987581288,0.3486828416138429,0.8773314633163065,0.5666666666666667,1,0.8358196532297237,1.0,1,6.4377324999995835,10232,1.44163698849214,0.0903690135041475,sla_strictness,sla_0.8,1.0,0.8,1.0
2,20260702,RDHO,1.2750513279933071,0.8583846613266406,0.4166666666666666,4.608384661326641,90.78445018435688,1.9032143024213652,2.2150125534223752,0.3688837227954015,0.9256464068257224,0.5833333333333334,1,0.8502007518480615,1.0,1,6.44576700000016,10232,1.3032850551347743,0.0282337271414672,sla_strictness,sla_0.8,1.0,0.8,1.0
3,20260703,RDHO,1.0841556408302706,0.7591556408302705,0.3249999999999999,3.6841556408302703,72.07532936881067,1.6440087963516177,1.9725304620334083,0.4260289740576456,0.9338445129164328,0.675,1,0.823905158968642,1.0000000000000002,1,6.529407292000087,10232,1.1551666426387173,0.0710110018084466,sla_strictness,sla_0.8,1.0,0.8,1.0
4,20260704,RDHO,1.0464382938716057,0.7297716272049387,0.3166666666666666,3.5797716272049382,93.39322444164584,1.9227447367345387,2.257463962777886,0.4158333369990833,0.919501794951537,0.6833333333333333,1,0.8643727127900086,1.0,1,6.290841832999831,10232,1.1024889253446375,0.056050631473032,sla_strictness,sla_0.8,1.0,0.8,1.0
5,20260705,RDHO,1.1613060372335746,0.8029727039002412,0.3583333333333333,4.027972703900241,95.9480993469728,1.9420002803813232,2.281050970883362,0.3727043692308466,0.904161225143354,0.6416666666666667,1,0.8328987885937316,1.0,1,6.56163612499995,10232,1.2282587514877688,0.0669527142541941,sla_strictness,sla_0.8,1.0,0.8,1.0
6,20260706,RDHO,1.2794470073113566,0.8627803406446899,0.4166666666666666,4.612780340644689,79.95083514368463,1.9643281926294436,2.2826050673481637,0.359445839755651,0.9082508527041264,0.5833333333333334,1,0.7905437842923095,1.0000000000000002,1,6.457943290999992,10232,1.3127223004585402,0.0332752931471835,sla_strictness,sla_0.8,1.0,0.8,1.0
7,20260707,RDHO,1.403375754562146,0.9533757545621462,0.4499999999999999,5.003375754562146,80.87606720929125,2.4870759459642726,2.821109885554205,0.3521016538278744,0.8837414645143431,0.55,1,0.8157344092847294,1.0000000000000002,1,6.453950790999897,10232,1.4352737373589712,0.0318979827968251,sla_strictness,sla_0.8,1.0,0.8,1.0
8,20260708,RDHO,1.2617502230534845,0.8450835563868178,0.4166666666666666,4.595083556386817,100.14790885285822,2.010164526817721,2.3302700268988437,0.3671308539637992,0.929068268490569,0.5833333333333334,1,0.8199901771409288,1.0000000000000002,1,6.547071583999696,10232,1.31445484113833,0.0527046180848458,sla_strictness,sla_0.8,1.0,0.8,1.0
9,20260709,RDHO,1.1167147964619226,0.8083814631285892,0.3083333333333333,3.5833814631285894,68.89518378002873,1.99009417918963,2.3346104224326276,0.399795454471454,0.9229811006812718,0.6916666666666667,1,0.7605003845900359,1.0000000000000002,1,6.416083417000209,10232,1.1645229663713164,0.0478081699093937,sla_strictness,sla_0.8,1.0,0.8,1.0
10,20260710,RDHO,1.2420165831004328,0.8253499164337661,0.4166666666666666,4.575349916433765,96.98028101520958,1.7615354093635098,2.043472069249929,0.3609880432703879,0.852985107863674,0.5833333333333334,1,0.8585646409111535,1.0000000000000002,1,6.598026415999811,10232,1.294566265059713,0.0525496819592801,sla_strictness,sla_0.8,1.0,0.8,1.0
11,20260711,RDHO,0.8661752932538261,0.6495086265871595,0.2166666666666666,2.5995086265871596,81.88596278109878,1.4270898458002337,1.7645007654224991,0.4586808263309038,0.9036195748415818,0.7833333333333333,1,0.8798185433156873,1.0000000000000002,1,6.36830133400008,10232,0.8953559376495618,0.0291806443957356,sla_strictness,sla_0.8,1.0,0.8,1.0
12,20260712,RDHO,1.512038078966131,1.0037047456327977,0.5083333333333333,5.5787047456327965,111.41037503174944,2.062037573867608,2.335673289858204,0.3130076774156145,0.9092957899129238,0.4916666666666666,1,0.8869362033292664,1.0000000000000002,1,6.569282624999687,10232,1.55778403664959,0.0457459576834589,sla_strictness,sla_0.8,1.0,0.8,1.0
13,20260713,RDHO,1.1290965599210991,0.8040965599210992,0.3249999999999999,3.729096559921099,61.77315006219713,1.659561508482539,1.9736166700435032,0.41345983238212,0.8932311166218821,0.675,1,0.7665532490796063,1.0000000000000002,1,6.656763041999966,10232,1.2579156977733943,0.1288191378522951,sla_strictness,sla_0.8,1.0,0.8,1.0
14,20260714,RDHO,1.178220114866193,0.8115534481995264,0.3666666666666667,4.111553448199526,116.83938643093026,1.6393887142886796,1.9778192019214944,0.3829896339752844,0.8840470233846145,0.6333333333333333,1,0.8500985424354517,1.0000000000000002,1,6.55706308300023,10232,1.2866601479868844,0.1084400331206913,sla_strictness,sla_0.8,1.0,0.8,1.0
15,20260715,RDHO,1.2913619757669452,0.8913619757669451,0.4,4.491361975766945,80.22865022827897,1.782369313025314,2.047466929228181,0.3529032369239714,0.9099704899866098,0.6,1,0.7920142802720822,1.0000000000000002,1,6.704822041999705,10232,1.367516434842118,0.0761544590751728,sla_strictness,sla_0.8,1.0,0.8,1.0
16,20260716,RDHO,1.1536577977699864,0.8119911311033197,0.3416666666666667,3.88699113110332,78.48995965590433,1.7127501300105004,1.9918857776699888,0.3936680955045076,0.9356699940084224,0.6583333333333333,1,0.7731614456608963,1.0,1,6.457656415999736,10232,1.196441173204284,0.0427833754342974,sla_strictness,sla_0.8,1.0,0.8,1.0
17,20260717,RDHO,1.356494527561645,0.906494527561645,0.4499999999999999,4.956494527561645,73.19714023268327,2.1025679907800963,2.417230683744579,0.3590739026525367,0.8674634393922931,0.55,1,0.7840159851066444,1.0,1,6.544478583,10232,1.3833302425916014,0.0268357150299565,sla_strictness,sla_0.8,1.0,0.8,1.0
18,20260718,RDHO,1.0866073309858415,0.7782739976525085,0.3083333333333333,3.553273997652509,133.4583318708045,1.8915747172777653,2.2436019284888085,0.4017426669363252,0.9084902599730528,0.6916666666666667,1,0.8330185384141139,1.0000000000000002,1,6.560202249999747,10232,1.1394281075780972,0.0528207765922554,sla_strictness,sla_0.8,1.0,0.8,1.0
19,20260719,RDHO,1.161992245415341,0.8203255787486744,0.3416666666666667,3.8953255787486745,76.48868846387538,1.6979117413353308,1.994478234745016,0.3986146430309248,0.8511268834525718,0.6583333333333333,1,0.7580905037206563,1.0000000000000002,1,6.772075083000345,10232,1.2439082333181737,0.0819159879028323,sla_strictness,sla_0.8,1.0,0.8,1.0
20,20260720,RDHO,1.0366637751044685,0.7533304417711353,0.2833333333333333,3.303330441771135,98.35324693362617,1.7197255965184963,2.0456625127980432,0.4301401603660421,0.8704982012033567,0.7166666666666667,1,0.8586158304206487,1.0000000000000002,1,6.615164249999907,10232,1.0817257089865762,0.0450619338821076,sla_strictness,sla_0.8,1.0,0.8,1.0
21,20260721,RDHO,1.2340447589081296,0.8257114255747963,0.4083333333333333,4.500711425574796,77.3247647428056,2.0270362776666717,2.3835466489253374,0.3591825293729977,0.9019955568056354,0.5916666666666667,1,0.7842444222831625,1.0000000000000002,1,6.613170458999775,10232,1.2565419915754177,0.022497232667288,sla_strictness,sla_0.8,1.0,0.8,1.0
22,20260722,RDHO,0.9842529391978532,0.6842529391978531,0.3,3.3842529391978533,64.7880638766863,1.6147099878628766,1.9486675455135416,0.4357925637284868,0.9356745901402967,0.7,1,0.7509310665012255,1.0,1,6.585228667000138,10232,1.0197738907150753,0.0355209515172221,sla_strictness,sla_0.8,1.0,0.8,1.0
23,20260723,RDHO,0.96951821629395,0.6861848829606166,0.2833333333333333,3.2361848829606163,69.97181010702906,2.009941404369105,2.3954438165075147,0.4319960132582933,0.9344848531814002,0.7166666666666667,1,0.7743170760667998,1.0,1,6.557118540999909,10232,1.1722208213889815,0.2027026050950315,sla_strictness,sla_0.8,1.0,0.8,1.0
24,20260724,RDHO,1.1976623308920529,0.8393289975587194,0.3583333333333333,4.064328997558719,46.28795219697414,1.9653025793883188,2.245158450098635,0.3999145764513026,0.8927861041455195,0.6416666666666667,1,0.758330720257252,1.0000000000000002,1,6.49460316700015,10232,1.2335382680358984,0.0358759371438457,sla_strictness,sla_0.8,1.0,0.8,1.0
25,20260725,RDHO,1.0926417460785849,0.7676417460785847,0.3249999999999999,3.6926417460785848,75.03420685022698,2.1193358166949774,2.5008242285226236,0.4026484296628851,0.9223365704886312,0.675,1,0.8332625594161003,1.0000000000000002,1,6.462711916999979,10232,1.241997263453686,0.1493555173751013,sla_strictness,sla_0.8,1.0,0.8,1.0
26,20260726,RDHO,1.2506604825746537,0.8673271492413204,0.3833333333333333,4.31732714924132,89.55814201411545,2.1244814916945236,2.4636827106466668,0.3853870806131141,0.871554088809713,0.6166666666666667,1,0.7952949960298283,1.0000000000000002,1,6.543208083000081,10232,1.2969187454755544,0.0462582629009007,sla_strictness,sla_0.8,1.0,0.8,1.0
27,20260727,RDHO,1.0855152821372505,0.7688486154705838,0.3166666666666666,3.618848615470584,118.24699713873844,2.0145712475073365,2.3822948590119695,0.3963395989175203,0.940064361132288,0.6833333333333333,1,0.808124317639478,1.0000000000000002,1,6.553990916000203,10232,1.1159103782595197,0.0303950961222692,sla_strictness,sla_0.8,1.0,0.8,1.0
28,20260728,RDHO,1.1867748844008164,0.8201082177341498,0.3666666666666667,4.12010821773415,60.14881862832585,1.6800952441032675,1.9976237161775672,0.3913921320333631,0.8968034946473947,0.6333333333333333,1,0.8268004577457561,1.0000000000000002,1,6.439868957999806,10232,1.233105672306828,0.0463307879060115,sla_strictness,sla_0.8,1.0,0.8,1.0
29,20260729,RDHO,1.3161667972440785,0.8495001305774118,0.4666666666666667,5.049500130577412,127.8224740696248,1.724141615254435,2.0343668169766516,0.3449510091778822,0.8335418190415359,0.5333333333333333,1,0.9061294801640158,1.0,1,6.500686125000357,10232,1.3816936213555662,0.0655268241114876,sla_strictness,sla_0.8,1.0,0.8,1.0
30,20260730,RDHO,1.2953980115596857,0.8620646782263522,0.4333333333333333,4.762064678226353,86.07324463848389,2.191798191056121,2.514951218350823,0.3643984126361359,0.936218292640638,0.5666666666666667,1,0.7618585083165388,1.0,1,6.576320458000282,10232,1.31775816910632,0.0223601575466343,sla_strictness,sla_0.8,1.0,0.8,1.0
1,20260701,RDHO,1.108568434106899,0.7585684341068993,0.35,3.908568434106899,74.82231000942322,2.077367767445099,2.3703445268382586,0.4055901929117499,0.8981469852203793,0.65,1,0.8388950572562454,1.0000000000000002,1,6.525160874999983,10232,1.1934487678324863,0.0848803337255872,sla_strictness,sla_1.0,1.0,1.0,1.0
2,20260702,RDHO,1.042971259370508,0.7096379260371747,0.3333333333333333,3.7096379260371752,92.5467289252826,1.9317343032317391,2.2435325542327496,0.4252411484102329,0.9438029302531644,0.6666666666666666,1,0.8642210038280658,1.0,1,6.45121591599991,10232,1.0687336254960704,0.0257623661255623,sla_strictness,sla_1.0,1.0,1.0,1.0
3,20260703,RDHO,0.8308932791007381,0.6058932791007381,0.2249999999999999,2.630893279100738,58.63362486904609,1.6168846317221417,1.945406297403932,0.473792513367565,0.9356745123851102,0.775,1,0.7968452417119734,1.0000000000000002,1,6.476341417000185,10232,0.9452257287509116,0.1143324496501736,sla_strictness,sla_1.0,1.0,1.0,1.0
4,20260704,RDHO,0.7792937629223804,0.5792937629223804,0.1999999999999999,2.37929376292238,84.79412936476712,1.8721399375022765,2.206859163545623,0.4834352409538747,0.9357058092379048,0.8,1,0.8572469003486489,1.0000000000000002,1,6.3094577910001135,10232,0.8092318472328736,0.0299380843104931,sla_strictness,sla_1.0,1.0,1.0,1.0
5,20260705,RDHO,0.9383155996253232,0.65498226629199,0.2833333333333333,3.2049822662919896,93.53624100457512,2.038689261679705,2.377739952181744,0.4359456288266753,0.9277532731591402,0.7166666666666667,1,0.819792756438706,1.0000000000000002,1,6.577205500000218,10232,0.9784161568099428,0.0401005571846194,sla_strictness,sla_1.0,1.0,1.0,1.0
6,20260706,RDHO,0.99676381013413,0.7134304768007967,0.2833333333333333,3.2634304768007967,99.48863903818724,1.8484317925132845,2.166708667232005,0.4241327295155524,0.9287150965213892,0.7166666666666667,1,0.8235622549285625,1.0000000000000002,1,6.47391104099961,10232,1.0461641934022687,0.0494003832681386,sla_strictness,sla_1.0,1.0,1.0,1.0
7,20260707,RDHO,1.1458476235507842,0.7875142902174509,0.3583333333333333,4.01251429021745,77.39625890994373,2.5124774419991063,2.846511381589038,0.4084501701463391,0.9123796205695444,0.6416666666666667,1,0.7880416488185666,1.0,1,6.378552458000286,10232,1.2196850813194904,0.0738374577687062,sla_strictness,sla_1.0,1.0,1.0,1.0
8,20260708,RDHO,1.024393291400052,0.6993932914000521,0.3249999999999999,3.624393291400052,83.58764787814688,2.0614622704390517,2.3815677705201743,0.4283301329435506,0.9359433004822648,0.675,1,0.8273141573584951,1.0000000000000002,1,6.5389005419997375,10232,1.0619731012072533,0.0375798098072013,sla_strictness,sla_1.0,1.0,1.0,1.0
9,20260709,RDHO,0.8998726704889334,0.6582060038222667,0.2416666666666667,2.833206003822267,123.1969786819626,1.7369778982217468,2.081494141464744,0.4585189896617808,0.9454807093712666,0.7583333333333333,1,0.7772485003183004,1.0000000000000002,1,6.465441959000145,10232,0.907539621912801,0.0076669514238676,sla_strictness,sla_1.0,1.0,1.0,1.0
10,20260710,RDHO,1.0050386449966089,0.6883719783299422,0.3166666666666666,3.538371978329942,113.71442453112336,1.7179993629198882,1.9999360228063072,0.4303061930099098,0.9021348804980855,0.6833333333333333,1,0.867509119261818,1.0000000000000002,1,6.579334166000081,10232,1.0401511687528897,0.0351125237562808,sla_strictness,sla_1.0,1.0,1.0,1.0
11,20260711,RDHO,0.7009073212620613,0.5259073212620613,0.175,2.1009073212620617,61.888668587217545,1.5408853028156062,1.878296222437872,0.5188498263820505,0.9206055638063376,0.825,1,0.8308072956000643,1.0,1,6.322159791999638,10232,0.7211710677814924,0.020263746519431,sla_strictness,sla_1.0,1.0,1.0,1.0
12,20260712,RDHO,1.227377186838595,0.8107105201719285,0.4166666666666666,4.560710520171928,118.62320799981154,1.968677228523936,2.2423129445145316,0.3697487766435571,0.9367273880479274,0.5833333333333334,1,0.9208711653127412,1.0000000000000002,1,6.4659638329999325,10232,1.2525048849178022,0.0251276980792072,sla_strictness,sla_1.0,1.0,1.0,1.0
13,20260713,RDHO,0.908612967495084,0.6502796341617508,0.2583333333333333,2.9752796341617507,71.62782919589671,1.623058713729294,1.937113875290258,0.4644426310932727,0.9137112181547106,0.7416666666666667,1,0.7633512051862251,1.0000000000000002,1,6.66747149999992,10232,1.011788654832946,0.1031756873378618,sla_strictness,sla_1.0,1.0,1.0,1.0
14,20260714,RDHO,0.9517035760858804,0.668370242752547,0.2833333333333333,3.2183702427525467,132.98035710362268,1.5610343147238277,1.8994648023566425,0.4453020890595699,0.920440484236812,0.7166666666666667,1,0.8910026630154445,1.0,1,6.5098313329999655,10232,0.9876855947002184,0.0359820186143382,sla_strictness,sla_1.0,1.0,1.0,1.0
15,20260715,RDHO,1.004157954999794,0.7124912883331275,0.2916666666666666,3.337491288333127,93.41649191871136,1.680918718504018,1.946016334706885,0.4198814674125798,0.9375198428391324,0.7083333333333334,1,0.7840874569528854,1.0,1,6.6420801250001205,10232,1.0772736136797922,0.0731156586799981,sla_strictness,sla_1.0,1.0,1.0,1.0
16,20260716,RDHO,0.9539209570091088,0.6622542903424422,0.2916666666666666,3.2872542903424415,72.57322050837479,1.731895893302109,2.0110315409615973,0.4420069900100353,0.9419988914533122,0.7083333333333334,1,0.7607597149186152,1.0000000000000002,1,6.5397001669998645,10232,0.97078593804401,0.0168649810349013,sla_strictness,sla_1.0,1.0,1.0,1.0
17,20260717,RDHO,1.0796669523916411,0.7296669523916414,0.35,3.8796669523916414,112.15696100770872,1.94795695764932,2.2626196506138023,0.4190657402721016,0.8967766442787752,0.65,1,0.8520104077715128,1.0000000000000002,1,6.631803833000049,10232,1.1015891002842464,0.021922147892605,sla_strictness,sla_1.0,1.0,1.0,1.0
18,20260718,RDHO,0.8526816972011985,0.6276816972011985,0.2249999999999999,2.6526816972011984,105.2085612776022,1.9604579265363848,2.312485137747428,0.4688495458438041,0.9276425755227586,0.775,1,0.7860223657652284,1.0000000000000002,1,6.578665209000064,10232,0.8738909671450994,0.0212092699439009,sla_strictness,sla_1.0,1.0,1.0,1.0
19,20260719,RDHO,0.9344612368818764,0.6761279035485432,0.2583333333333333,3.001127903548543,102.62208614973828,1.6723790560216418,1.9689455494313273,0.4618118941188203,0.8844702984536618,0.7416666666666667,1,0.8049322299549273,1.0000000000000002,1,6.701745040999867,10232,0.988960035829355,0.0544987989474784,sla_strictness,sla_1.0,1.0,1.0,1.0
20,20260720,RDHO,0.8506510710663095,0.6089844043996429,0.2416666666666667,2.783984404399643,80.57553581852677,1.7110957568993872,2.037032673178934,0.4823406620955833,0.8962081420564082,0.7583333333333333,1,0.8194666111103562,1.0,1,6.529606750000312,10232,0.8791176759204962,0.0284666048541866,sla_strictness,sla_1.0,1.0,1.0,1.0
21,20260721,RDHO,0.982271240870291,0.6906045742036244,0.2916666666666666,3.315604574203624,110.92790390080422,1.9300258904408032,2.286536261699468,0.4257526742553282,0.9266068239212468,0.7083333333333334,1,0.8213192192737055,1.0000000000000002,1,6.683357667000109,10232,1.0125388609152506,0.0302676200449595,sla_strictness,sla_1.0,1.0,1.0,1.0
22,20260722,RDHO,0.7667012770112257,0.550034610344559,0.2166666666666666,2.500034610344559,97.81959272248044,1.4669512704325822,1.800908828083248,0.5031635692800241,0.9475867792650676,0.7833333333333333,1,0.8172586597052255,1.0,1,6.662596000000121,10232,0.8005859713818054,0.0338846943705797,sla_strictness,sla_1.0,1.0,1.0,1.0
23,20260723,RDHO,0.7619846621626397,0.5703179954959731,0.1916666666666666,2.295317995495973,76.57131708651687,1.9943670989885256,2.3798695111269352,0.494499918095325,0.9534155450735508,0.8083333333333333,1,0.7663347557166371,1.0000000000000002,1,6.65250049999986,10232,0.8977681595035939,0.1357834973409541,sla_strictness,sla_1.0,1.0,1.0,1.0
24,20260724,RDHO,0.954010287549048,0.6706769542157146,0.2833333333333333,3.2206769542157145,56.80390159386371,1.806620477863508,2.086476348573824,0.4527645619628552,0.9114708941459152,0.7166666666666667,1,0.7635685924182168,1.0,1,6.7013085829999,10232,1.029700728203245,0.0756904406541973,sla_strictness,sla_1.0,1.0,1.0,1.0
25,20260725,RDHO,0.8831599788529992,0.6164933121863325,0.2666666666666667,3.016493312186333,69.77350317022176,2.137200323774766,2.5186887356024124,0.4612785356952739,0.936393581104898,0.7333333333333333,1,0.8213295557474631,1.0,1,6.4924190829997315,10232,0.9749007456140424,0.0917407667610431,sla_strictness,sla_1.0,1.0,1.0,1.0
26,20260726,RDHO,1.0291269854807543,0.712460318814088,0.3166666666666666,3.562460318814088,106.49129755372547,1.9988471590645105,2.338048378016654,0.4405147189981867,0.900647195989114,0.6833333333333333,1,0.7507502983084943,1.0000000000000002,1,6.668348790999971,10232,1.054698810953648,0.0255718254728933,sla_strictness,sla_1.0,1.0,1.0,1.0
27,20260727,RDHO,0.8329626031917915,0.5996292698584582,0.2333333333333332,2.699629269858458,128.4179536425301,1.8476170299401615,2.215340641444795,0.4602948756405285,0.948643251583556,0.7666666666666667,1,0.7825166607155911,1.0,1,6.656464084000163,10232,0.8421509419468391,0.0091883387550476,sla_strictness,sla_1.0,1.0,1.0,1.0
28,20260728,RDHO,0.9010872696235122,0.6427539362901789,0.2583333333333333,2.967753936290179,64.08356682641654,1.6036561843353605,1.9211846564096595,0.4583267126092779,0.9248434650259856,0.7416666666666667,1,0.8550099894066665,1.0000000000000002,1,6.5017175830003,10232,0.9718624555932076,0.0707751859696953,sla_strictness,sla_1.0,1.0,1.0,1.0
29,20260729,RDHO,1.0372480902091166,0.7122480902091166,0.3249999999999999,3.637248090209116,128.10604458603353,1.885627038931819,2.1958522406540353,0.4111484363983468,0.8832921829706172,0.675,1,0.8976562707670034,1.0000000000000002,1,6.6073244170002,10232,1.0690991667663212,0.0318510765572046,sla_strictness,sla_1.0,1.0,1.0,1.0
30,20260730,RDHO,1.0265251430305788,0.7348584763639123,0.2916666666666666,3.359858476363912,145.02176009507122,1.9497676361928344,2.272920663487537,0.4311241853461879,0.9573707105736452,0.7083333333333334,1,0.8185513792512681,1.0000000000000002,1,6.746467166999992,10232,1.052615391459991,0.0260902484294121,sla_strictness,sla_1.0,1.0,1.0,1.0
1,20260701,RDHO,0.93819672245292,0.6381967224529199,0.3,3.33819672245292,88.9527596834664,1.996360067000539,2.2893368263936984,0.4563620448580465,0.9159347841555576,0.7,1,0.8455371854126534,1.0,1,6.709843915999954,10232,0.9986274572136992,0.0604307347607792,sla_strictness,sla_1.2,1.0,1.2,1.0
2,20260702,RDHO,0.8352716999274223,0.576938366594089,0.2583333333333333,2.9019383665940888,90.0655077808663,1.8689305071487248,2.1807287581497348,0.4784654057318627,0.9564649857641028,0.7416666666666667,1,0.8545625312949932,1.0000000000000002,1,6.6583929580001495,10232,0.8415216826868289,0.0062499827594065,sla_strictness,sla_1.2,1.0,1.2,1.0
3,20260703,RDHO,0.7033284571877706,0.5033284571877706,0.1999999999999999,2.3033284571877704,56.854163565196,1.6011301490674736,1.929651814749264,0.5261834380193545,0.9533254875879718,0.8,1,0.8209533233441825,1.0,1,6.581280542000059,10232,0.8119992513406926,0.108670794152922,sla_strictness,sla_1.2,1.0,1.2,1.0
4,20260704,RDHO,0.6282047239291411,0.4865380572624744,0.1416666666666667,1.7615380572624748,80.68662839313706,1.8592753014139929,2.193994527457339,0.5304446247750031,0.9500344792795496,0.8583333333333333,1,0.8567389181419668,1.0000000000000002,1,6.365837417000421,10232,0.6397538449438405,0.0115491210146994,sla_strictness,sla_1.2,1.0,1.2,1.0
5,20260705,RDHO,0.7666294235575583,0.5582960902242249,0.2083333333333333,2.4332960902242253,107.68896582785936,1.9152907657565563,2.2543414562585955,0.4863131189715428,0.9400747224262052,0.7916666666666666,1,0.8418224882652254,1.0000000000000002,1,6.58304920899991,10232,0.8148158039900923,0.048186380432534,sla_strictness,sla_1.2,1.0,1.2,1.0
6,20260706,RDHO,0.8386345892976951,0.5803012559643618,0.2583333333333333,2.9053012559643614,89.06507330889522,1.804206903308394,2.122483778027115,0.4741709616241703,0.9395900649333584,0.7416666666666667,1,0.8122917091920362,1.0000000000000002,1,6.4486684580001565,10232,0.8556190280909888,0.0169844387932937,sla_strictness,sla_1.2,1.0,1.2,1.0
7,20260707,RDHO,0.9598070345184512,0.6598070345184512,0.3,3.359807034518451,87.23991880575153,2.3910653547291334,2.7250992943190657,0.4470873108173738,0.9299262147496624,0.7,1,0.8164585807952514,1.0000000000000002,1,6.463500875000136,10232,1.0387558152455163,0.0789487807270652,sla_strictness,sla_1.2,1.0,1.2,1.0
8,20260708,RDHO,0.8536422683423863,0.6119756016757196,0.2416666666666667,2.78697560167572,86.97222292329447,2.132833884873893,2.4529393849550156,0.4756783335295885,0.947219034943898,0.7583333333333333,1,0.7926964899518216,1.0000000000000002,1,6.570926957999745,10232,0.8775050011238269,0.0238627327814405,sla_strictness,sla_1.2,1.0,1.2,1.0
9,20260709,RDHO,0.7305918130210197,0.5305918130210198,0.1999999999999999,2.3305918130210195,95.12298587210196,1.7779074322150046,2.122423675458002,0.5057699878826255,0.9487814275027135,0.8,1,0.8012222128491875,1.0000000000000002,1,6.446501875000195,10232,0.7638552821285794,0.0332634691075597,sla_strictness,sla_1.2,1.0,1.2,1.0
10,20260710,RDHO,0.8091230119500642,0.5841230119500642,0.2249999999999999,2.6091230119500644,148.5581895728777,1.5880704383100683,1.870007098196488,0.4769950354611811,0.9253399441211,0.775,1,0.9208423646264724,1.0,1,6.556578167000225,10232,0.855721995602068,0.0465989836520037,sla_strictness,sla_1.2,1.0,1.2,1.0
11,20260711,RDHO,0.5673343345684683,0.4423343345684682,0.125,1.5673343345684685,60.64060981849692,1.503156628694473,1.8405675483167392,0.5692578762647601,0.9370154678013064,0.875,1,0.8636084790117766,1.0000000000000002,1,6.388529457999994,10232,0.574318328011164,0.0069839934426957,sla_strictness,sla_1.2,1.0,1.2,1.0
12,20260712,RDHO,1.0268641349337155,0.7018641349337156,0.3249999999999999,3.626864134933715,128.46672119239207,1.9420387158423804,2.2156744318329764,0.4200859929705365,0.9553664336051416,0.675,1,0.8972862704490445,1.0000000000000002,1,6.477499458999773,10232,1.0655127310456614,0.0386485961119458,sla_strictness,sla_1.2,1.0,1.2,1.0
13,20260713,RDHO,0.7790807645164791,0.5540807645164791,0.2249999999999999,2.579080764516479,78.5717065402007,1.4941544297691125,1.8082095913300769,0.5150929152324878,0.9302702824294412,0.775,1,0.8032973996333581,1.0000000000000002,1,6.64552358300034,10232,0.9054147274743116,0.1263339629578326,sla_strictness,sla_1.2,1.0,1.2,1.0
14,20260714,RDHO,0.7768535426969634,0.5518535426969634,0.2249999999999999,2.576853542696963,99.79572149250252,1.61630729928958,1.9547377869223947,0.4931131189884245,0.9304261662856632,0.775,1,0.840801705213244,1.0,1,6.529436457999964,10232,0.841606285003942,0.0647527423069785,sla_strictness,sla_1.2,1.0,1.2,1.0
15,20260715,RDHO,0.824474425364415,0.5911410920310817,0.2333333333333332,2.6911410920310814,94.51425788204384,1.621008718744477,1.886106334947344,0.466529256403793,0.9504460303314471,0.7666666666666667,1,0.7995691447131641,1.0000000000000002,1,6.666831457999706,10232,0.8426673283170801,0.0181929029526651,sla_strictness,sla_1.2,1.0,1.2,1.0
16,20260716,RDHO,0.8194724895643973,0.5694724895643973,0.25,2.819472489564397,85.42125370243481,1.6143297921267723,1.893465439786261,0.4848788707690776,0.9477986076003186,0.75,1,0.7538666556880979,1.0000000000000002,1,6.528092333999666,10232,0.8282823008014153,0.0088098112370179,sla_strictness,sla_1.2,1.0,1.2,1.0
17,20260717,RDHO,0.899207477052702,0.624207477052702,0.275,3.099207477052702,104.29056782904864,1.9864147174430613,2.3010774104075433,0.4721207518239232,0.9182233001728856,0.725,1,0.9198241810822708,1.0000000000000002,1,6.597374957999818,10232,0.921943376852178,0.0227358997994758,sla_strictness,sla_1.2,1.0,1.2,1.0
18,20260718,RDHO,0.7163741524440224,0.5247074857773557,0.1916666666666666,2.2497074857773556,116.65125387950027,1.8584431168851112,2.210470328096154,0.5182917316373952,0.9384999490083016,0.8083333333333333,1,0.8121909182779036,1.0000000000000002,1,6.544792540999879,10232,0.7313171912521138,0.0149430388080914,sla_strictness,sla_1.2,1.0,1.2,1.0
19,20260719,RDHO,0.7607492984631997,0.5690826317965331,0.1916666666666666,2.294082631796533,93.6249215413896,1.6269456198015857,1.9235121132112711,0.5065930900054071,0.900829977003772,0.8083333333333333,1,0.8038800941905059,1.0,1,6.75883287500028,10232,0.8008760291478084,0.0401267306846087,sla_strictness,sla_1.2,1.0,1.2,1.0
20,20260720,RDHO,0.6861203898117882,0.5111203898117882,0.175,2.0861203898117884,88.15576673811555,1.6748133530282996,2.0007502693078463,0.5244795693771853,0.9201371413898266,0.825,1,0.8491471937665918,1.0,1,6.540136583000276,10232,0.7039404728449408,0.0178200830331525,sla_strictness,sla_1.2,1.0,1.2,1.0
21,20260721,RDHO,0.8187841586554988,0.5854508253221655,0.2333333333333332,2.685450825322165,107.27936717069127,1.8784222162638624,2.234932587522528,0.4750683216513364,0.9403266462322,0.7666666666666667,1,0.8051374735828556,1.0000000000000002,1,6.5713323330001,10232,0.8306260557893941,0.0118418971338952,sla_strictness,sla_1.2,1.0,1.2,1.0
22,20260722,RDHO,0.6207559328539294,0.4707559328539294,0.15,1.8207559328539296,83.44144454744072,1.5697339787632298,1.9036915364138949,0.5527405621924939,0.9544593343053324,0.85,1,0.8204216148008935,1.0000000000000002,1,6.597750708000149,10232,0.6429452076125227,0.0221892747585933,sla_strictness,sla_1.2,1.0,1.2,1.0
23,20260723,RDHO,0.6190183189892641,0.4773516523225973,0.1416666666666667,1.7523516523225977,78.85987771244345,2.02427595433785,2.40977836647626,0.5487935722357423,0.9634433116797596,0.8583333333333333,1,0.7940016786632109,1.0000000000000002,1,6.5233790000002045,10232,0.7639617706299323,0.1449434516406682,sla_strictness,sla_1.2,1.0,1.2,1.0
24,20260724,RDHO,0.7741318009227449,0.5657984675894115,0.2083333333333333,2.440798467589412,57.95587874604156,1.76494249631295,2.044798367023266,0.502074042275744,0.9293910962989406,0.7916666666666666,1,0.7825643463503382,1.0,1,6.571836874999917,10232,0.8412313599602248,0.0670995590374798,sla_strictness,sla_1.2,1.0,1.2,1.0
25,20260725,RDHO,0.7230178963110366,0.53135122964437,0.1916666666666666,2.2563512296443697,78.91978427545516,2.0572304054480712,2.438718817275718,0.5120789696012419,0.9499218372097964,0.8083333333333333,1,0.8399768250833224,1.0000000000000002,1,6.395349333000013,10232,0.7495723065506381,0.0265544102396014,sla_strictness,sla_1.2,1.0,1.2,1.0
26,20260726,RDHO,0.8599407221365115,0.5932740554698448,0.2666666666666667,2.993274055469845,110.57332407341758,1.9160248983670125,2.255226117319156,0.4838188399227959,0.9178064260561396,0.7333333333333333,1,0.8114623462982651,1.0000000000000002,1,6.415053665999949,10232,0.8858529686887383,0.0259122465522267,sla_strictness,sla_1.2,1.0,1.2,1.0
27,20260727,RDHO,0.6499294186898807,0.508262752023214,0.1416666666666667,1.7832627520232145,141.74998022171104,1.7509747445980708,2.118698356102704,0.5113501827304405,0.956828473094982,0.8583333333333333,1,0.8077680804607424,1.0000000000000002,1,6.548017749999872,10232,0.6840747966624723,0.0341453779725915,sla_strictness,sla_1.2,1.0,1.2,1.0
28,20260728,RDHO,0.7169288671130024,0.5502622004463358,0.1666666666666666,2.050262200446335,69.40304177324961,1.6039776176165852,1.921506089690885,0.506222790223724,0.9381457103655138,0.8333333333333334,1,0.858666669283732,1.0000000000000002,1,6.417822333999993,10232,0.7707131342932737,0.0537842671802712,sla_strictness,sla_1.2,1.0,1.2,1.0
29,20260729,RDHO,0.8290459469592708,0.5957126136259375,0.2333333333333332,2.695712613625937,106.05172719639243,1.8864089815189375,2.196634183241154,0.4662104723908822,0.9020747602836076,0.7666666666666667,1,0.8712415043833048,1.0000000000000002,1,6.614796790999662,10232,0.8772926062891468,0.048246659329876,sla_strictness,sla_1.2,1.0,1.2,1.0
30,20260730,RDHO,0.8263337844956365,0.5930004511623033,0.2333333333333332,2.6930004511623027,106.98635897890208,2.0332188987573288,2.3563719260520304,0.4762783077754385,0.9559289930841076,0.7666666666666667,1,0.7763724054840698,1.0000000000000002,1,6.6270112499996685,10232,0.8617965695812434,0.0354627850856068,sla_strictness,sla_1.2,1.0,1.2,1.0
1,20260701,RDHO,1.1329827996591422,0.7829827996591422,0.35,3.932982799659142,73.73161834118595,2.2268067693555205,2.51978352874868,0.3986497371251575,0.8970695715220725,0.65,1,0.8562619030264459,1.0,1,6.5792304169999625,10232,1.166677954737017,0.0336951550778747,server_heterogeneity,heterogeneity_0.0,1.0,1.0,0.0
2,20260702,RDHO,1.0602036999922375,0.7185370333255707,0.3416666666666667,3.793537033325571,94.8469184751016,1.931782108905684,2.243580359906694,0.4212261755635384,0.94110124230279,0.6583333333333333,1,0.8719234356672367,1.0,1,6.538409291999983,10232,1.0810154100160314,0.0208117100237938,server_heterogeneity,heterogeneity_0.0,1.0,1.0,0.0
3,20260703,RDHO,0.8896389717842274,0.6229723051175606,0.2666666666666667,3.0229723051175608,51.66931516054581,1.8056097915617493,2.13413145724354,0.4715157943608706,0.9401354797250728,0.7333333333333333,1,0.7885664581654612,1.0000000000000002,1,6.481413207999935,10232,0.8983781049689746,0.0087391331847472,server_heterogeneity,heterogeneity_0.0,1.0,1.0,0.0
4,20260704,RDHO,0.8250035372122938,0.6083368705456271,0.2166666666666666,2.5583368705456273,84.27164428293608,2.088677843596506,2.423397069639853,0.473497222691719,0.9344155126376894,0.7833333333333333,1,0.8680377031454951,1.0,1,6.4962916249999125,10232,0.8454268666623632,0.0204233294500694,server_heterogeneity,heterogeneity_0.0,1.0,1.0,0.0
5,20260705,RDHO,0.9879255433194007,0.6879255433194007,0.3,3.387925543319401,115.5639386553262,2.106163800894279,2.4452144913963183,0.4260044266932059,0.923678483022332,0.7,1,0.8611492056487644,1.0000000000000002,1,6.62296891699998,10232,1.0120369211010467,0.0241113777816459,server_heterogeneity,heterogeneity_0.0,1.0,1.0,0.0
6,20260706,RDHO,1.0333148302712196,0.716648163604553,0.3166666666666666,3.566648163604553,104.05404516886604,1.839766872755154,2.1580437474738745,0.4164381859083237,0.9233499604274232,0.6833333333333333,1,0.8343259677562841,1.0000000000000002,1,6.556730375000029,10232,1.0660101387335628,0.0326953084623431,server_heterogeneity,heterogeneity_0.0,1.0,1.0,0.0
7,20260707,RDHO,1.1955099133321982,0.8371765799988649,0.3583333333333333,4.062176579998864,84.05367319958839,2.653243447499097,2.987277387089029,0.4029685248273162,0.9125500482481688,0.6416666666666667,1,0.8071865637556609,1.0000000000000002,1,6.503842582999937,10232,1.244783827247686,0.0492739139154876,server_heterogeneity,heterogeneity_0.0,1.0,1.0,0.0
8,20260708,RDHO,1.0444814277084955,0.7111480943751622,0.3333333333333333,3.7111480943751625,82.34002088980566,2.2250546820878374,2.54516018216896,0.4207526840941128,0.937811050332265,0.6666666666666666,1,0.825981019109921,1.0000000000000002,1,6.61114454199992,10232,1.100742315649247,0.0562608879407515,server_heterogeneity,heterogeneity_0.0,1.0,1.0,0.0
9,20260709,RDHO,0.8984574137373187,0.6734574137373187,0.2249999999999999,2.6984574137373185,115.34311119997028,1.8648356839229576,2.2093519271659554,0.4546382613435046,0.9459343532733564,0.775,1,0.8070529347750262,1.0000000000000002,1,6.526722708000079,10232,0.936763431687374,0.0383060179500553,server_heterogeneity,heterogeneity_0.0,1.0,1.0,0.0
10,20260710,RDHO,1.023796203759082,0.7071295370924153,0.3166666666666666,3.5571295370924148,161.68062154122413,1.6130965396331405,1.89503319951956,0.4237134032271581,0.9126451499813542,0.6833333333333333,1,0.9337867382891644,1.0000000000000002,1,6.688677041999995,10232,1.047502186647566,0.023705982888484,server_heterogeneity,heterogeneity_0.0,1.0,1.0,0.0
11,20260711,RDHO,0.7057971137324384,0.5307971137324383,0.175,2.1057971137324385,69.18996885761166,1.5232390950861885,1.860650014708455,0.5182119866309158,0.9252954912547704,0.825,1,0.848994641453901,1.0,1,6.454582042000084,10232,0.7177820515839161,0.0119849378514776,server_heterogeneity,heterogeneity_0.0,1.0,1.0,0.0
12,20260712,RDHO,1.235572003030095,0.8189053363634283,0.4166666666666666,4.568905336363428,119.95976100706902,1.9791518182415468,2.252787534232143,0.3656574478382387,0.9340808541252557,0.5833333333333334,1,0.8929523856242392,1.0000000000000002,1,6.579600708000044,10232,1.2584704775905835,0.0228984745604885,server_heterogeneity,heterogeneity_0.0,1.0,1.0,0.0
13,20260713,RDHO,0.936354702144898,0.6780213688115648,0.2583333333333333,3.003021368811565,76.27717416959861,1.668882013567856,1.9829371751288207,0.4641222101844088,0.9122675535473348,0.7416666666666667,1,0.7773554821757926,1.0000000000000002,1,6.679134999999974,10232,0.960052066451214,0.0236973643063159,server_heterogeneity,heterogeneity_0.0,1.0,1.0,0.0
14,20260714,RDHO,0.9699113423633704,0.6615780090300372,0.3083333333333333,3.4365780090300375,110.0229161714426,1.6423218153388544,1.9807523029716692,0.4366191922358824,0.9082533798287412,0.6916666666666667,1,0.8982113687359338,1.0000000000000002,1,6.576906249999979,10232,0.9760426210379164,0.0061312786745459,server_heterogeneity,heterogeneity_0.0,1.0,1.0,0.0
15,20260715,RDHO,1.0437721935107038,0.7604388601773705,0.2833333333333333,3.31043886017737,89.50870361628834,1.8717137484600883,2.136811364662956,0.4073836047152194,0.9401711567731136,0.7166666666666667,1,0.8033986177671054,1.0000000000000002,1,6.6875032909999845,10232,1.1118119282400047,0.0680397347293009,server_heterogeneity,heterogeneity_0.0,1.0,1.0,0.0
16,20260716,RDHO,0.9828136010554316,0.6994802677220983,0.2833333333333333,3.249480267722098,94.30116283575585,1.7533673747432097,2.032503022402698,0.4396090718550204,0.9420850048316788,0.7166666666666667,1,0.7720974322313076,1.0000000000000002,1,6.572550417000002,10232,0.9975487992606392,0.0147351982052076,server_heterogeneity,heterogeneity_0.0,1.0,1.0,0.0
17,20260717,RDHO,1.0881038121138786,0.7464371454472121,0.3416666666666667,3.821437145447212,101.85896258861833,2.0412277696422416,2.3558904626067245,0.4167861569308906,0.8971916455856371,0.6583333333333333,1,0.8922499618271295,1.0000000000000002,1,6.7332489589999795,10232,1.1119399007583772,0.0238360886444986,server_heterogeneity,heterogeneity_0.0,1.0,1.0,0.0
18,20260718,RDHO,0.8724627652796941,0.6307960986130274,0.2416666666666667,2.805796098613028,118.96314231563596,1.8983432463937744,2.250370457604818,0.4653528527852618,0.9216963048476556,0.7583333333333333,1,0.799389824570513,1.0000000000000002,1,6.692449084000032,10232,0.8789089828736694,0.0064462175939752,server_heterogeneity,heterogeneity_0.0,1.0,1.0,0.0
19,20260719,RDHO,0.9709793531719292,0.6876460198385959,0.2833333333333333,3.2376460198385955,97.30610535097524,1.660353333071761,1.9569198264814467,0.4509102576979876,0.8787568648459053,0.7166666666666667,1,0.7911865734166986,1.0,1,6.745254833999979,10232,0.9786388233572172,0.0076594701852878,server_heterogeneity,heterogeneity_0.0,1.0,1.0,0.0
20,20260720,RDHO,0.8634424529959976,0.6134424529959976,0.25,2.8634424529959976,90.20092611066757,1.7158978086101908,2.0418347248897377,0.4809373268649518,0.8974437562968429,0.75,1,0.837298049211544,1.0000000000000002,1,6.608067499999947,10232,0.8929223567799718,0.0294799037839741,server_heterogeneity,heterogeneity_0.0,1.0,1.0,0.0
21,20260721,RDHO,0.9992775015248004,0.7076108348581338,0.2916666666666666,3.3326108348581336,108.82665314542804,1.9889041132375287,2.3454144844961937,0.4212542926098282,0.9276417930828812,0.7083333333333334,1,0.8097927466689723,1.0000000000000002,1,6.771053584000015,10232,1.0217544180389204,0.0224769165141199,server_heterogeneity,heterogeneity_0.0,1.0,1.0,0.0
22,20260722,RDHO,0.7947668199041635,0.5781001532374969,0.2166666666666666,2.528100153237497,101.34322264549282,1.5765196613675312,1.9104772190181964,0.4884099317315888,0.9395182897289096,0.7833333333333333,1,0.8415186656574547,1.0000000000000002,1,6.61301904100003,10232,0.8094725148905507,0.0147056949863871,server_heterogeneity,heterogeneity_0.0,1.0,1.0,0.0
23,20260723,RDHO,0.7592363497056149,0.5759030163722816,0.1833333333333333,2.225903016372282,74.95184783514893,2.060822958681177,2.446325370819587,0.4910427458875803,0.954141634127444,0.8166666666666667,1,0.7810072082578835,1.0,1,6.548310958000002,10232,0.8255028820848934,0.0662665323792784,server_heterogeneity,heterogeneity_0.0,1.0,1.0,0.0
24,20260724,RDHO,0.9718236049465242,0.6884902716131909,0.2833333333333333,3.2384902716131907,58.09077352811848,1.904108937270895,2.183964807981211,0.443735394515223,0.910693918727164,0.7166666666666667,1,0.8084081223469648,1.0000000000000002,1,6.593348917000071,10232,1.0070699132889924,0.0352463083424682,server_heterogeneity,heterogeneity_0.0,1.0,1.0,0.0
25,20260725,RDHO,0.8913982650382272,0.6247315983715604,0.2666666666666667,3.024731598371561,68.00828898886257,2.163009077379325,2.5444974892069716,0.4575143393506561,0.9311779826377836,0.7333333333333333,1,0.8174720436343036,1.0,1,6.569961041999932,10232,0.936147137402841,0.0447488723646137,server_heterogeneity,heterogeneity_0.0,1.0,1.0,0.0
26,20260726,RDHO,1.0399302703170927,0.7315969369837594,0.3083333333333333,3.50659693698376,105.71246388136652,2.0625848742988055,2.4017860932509487,0.4356018346458406,0.8991832383380103,0.6916666666666667,1,0.7856953386401674,1.0000000000000002,1,6.621433415999945,10232,1.0843592865982734,0.0444290162811806,server_heterogeneity,heterogeneity_0.0,1.0,1.0,0.0
27,20260727,RDHO,0.8366478009245432,0.6199811342578765,0.2166666666666666,2.5699811342578767,131.52934127232658,1.9423103908284152,2.310034002333049,0.4585370820850167,0.9485352735102252,0.7833333333333333,1,0.7954802943323859,1.0000000000000002,1,6.621252750000053,10232,0.8458289889738412,0.009181188049298,server_heterogeneity,heterogeneity_0.0,1.0,1.0,0.0
28,20260728,RDHO,0.9296517854089372,0.6713184520756039,0.2583333333333333,2.9963184520756037,67.01339406506294,1.6779610729318706,1.9954895450061705,0.4470528599807491,0.9185623982475448,0.7416666666666667,1,0.8670942280594636,1.0000000000000002,1,6.4543979169999375,10232,0.9756413269548267,0.0459895415458895,server_heterogeneity,heterogeneity_0.0,1.0,1.0,0.0
29,20260729,RDHO,1.0451952214233038,0.7451952214233039,0.3,3.445195221423304,124.16336345467067,2.028359629780086,2.3385848315023017,0.4068962080301415,0.8799891717668465,0.7,1,0.9061036942203952,1.0,1,6.605596834000039,10232,1.1003299540939413,0.0551347326706375,server_heterogeneity,heterogeneity_0.0,1.0,1.0,0.0
30,20260730,RDHO,1.057646946050704,0.757646946050704,0.3,3.457646946050704,133.7569011346519,2.202432608107101,2.5255856354018027,0.4227263326198314,0.958250990116598,0.7,1,0.7963879667447706,1.0000000000000002,1,6.695967125000038,10232,1.0887780148196031,0.0311310687688992,server_heterogeneity,heterogeneity_0.0,1.0,1.0,0.0
1,20260701,RDHO,1.108568434106899,0.7585684341068993,0.35,3.908568434106899,74.82231000942322,2.077367767445099,2.3703445268382586,0.4055901929117499,0.8981469852203793,0.65,1,0.8388950572562454,1.0000000000000002,1,6.685017625,10232,1.1934487678324863,0.0848803337255872,server_heterogeneity,heterogeneity_1.0,1.0,1.0,1.0
2,20260702,RDHO,1.042971259370508,0.7096379260371747,0.3333333333333333,3.7096379260371752,92.5467289252826,1.9317343032317391,2.2435325542327496,0.4252411484102329,0.9438029302531644,0.6666666666666666,1,0.8642210038280658,1.0,1,6.532041583000023,10232,1.0687336254960704,0.0257623661255623,server_heterogeneity,heterogeneity_1.0,1.0,1.0,1.0
3,20260703,RDHO,0.8308932791007381,0.6058932791007381,0.2249999999999999,2.630893279100738,58.63362486904609,1.6168846317221417,1.945406297403932,0.473792513367565,0.9356745123851102,0.775,1,0.7968452417119734,1.0000000000000002,1,6.643765040999938,10232,0.9452257287509116,0.1143324496501736,server_heterogeneity,heterogeneity_1.0,1.0,1.0,1.0
4,20260704,RDHO,0.7792937629223804,0.5792937629223804,0.1999999999999999,2.37929376292238,84.79412936476712,1.8721399375022765,2.206859163545623,0.4834352409538747,0.9357058092379048,0.8,1,0.8572469003486489,1.0000000000000002,1,6.473083416000009,10232,0.8092318472328736,0.0299380843104931,server_heterogeneity,heterogeneity_1.0,1.0,1.0,1.0
5,20260705,RDHO,0.9383155996253232,0.65498226629199,0.2833333333333333,3.2049822662919896,93.53624100457512,2.038689261679705,2.377739952181744,0.4359456288266753,0.9277532731591402,0.7166666666666667,1,0.819792756438706,1.0000000000000002,1,6.7223407919999545,10232,0.9784161568099428,0.0401005571846194,server_heterogeneity,heterogeneity_1.0,1.0,1.0,1.0
6,20260706,RDHO,0.99676381013413,0.7134304768007967,0.2833333333333333,3.2634304768007967,99.48863903818724,1.8484317925132845,2.166708667232005,0.4241327295155524,0.9287150965213892,0.7166666666666667,1,0.8235622549285625,1.0000000000000002,1,6.634253540999907,10232,1.0461641934022687,0.0494003832681386,server_heterogeneity,heterogeneity_1.0,1.0,1.0,1.0
7,20260707,RDHO,1.1458476235507842,0.7875142902174509,0.3583333333333333,4.01251429021745,77.39625890994373,2.5124774419991063,2.846511381589038,0.4084501701463391,0.9123796205695444,0.6416666666666667,1,0.7880416488185666,1.0,1,6.546992124999974,10232,1.2196850813194904,0.0738374577687062,server_heterogeneity,heterogeneity_1.0,1.0,1.0,1.0
8,20260708,RDHO,1.024393291400052,0.6993932914000521,0.3249999999999999,3.624393291400052,83.58764787814688,2.0614622704390517,2.3815677705201743,0.4283301329435506,0.9359433004822648,0.675,1,0.8273141573584951,1.0000000000000002,1,6.686127499999998,10232,1.0619731012072533,0.0375798098072013,server_heterogeneity,heterogeneity_1.0,1.0,1.0,1.0
9,20260709,RDHO,0.8998726704889334,0.6582060038222667,0.2416666666666667,2.833206003822267,123.1969786819626,1.7369778982217468,2.081494141464744,0.4585189896617808,0.9454807093712666,0.7583333333333333,1,0.7772485003183004,1.0000000000000002,1,6.551683207999986,10232,0.907539621912801,0.0076669514238676,server_heterogeneity,heterogeneity_1.0,1.0,1.0,1.0
10,20260710,RDHO,1.0050386449966089,0.6883719783299422,0.3166666666666666,3.538371978329942,113.71442453112336,1.7179993629198882,1.9999360228063072,0.4303061930099098,0.9021348804980855,0.6833333333333333,1,0.867509119261818,1.0000000000000002,1,6.741850874999955,10232,1.0401511687528897,0.0351125237562808,server_heterogeneity,heterogeneity_1.0,1.0,1.0,1.0
11,20260711,RDHO,0.7009073212620613,0.5259073212620613,0.175,2.1009073212620617,61.888668587217545,1.5408853028156062,1.878296222437872,0.5188498263820505,0.9206055638063376,0.825,1,0.8308072956000643,1.0,1,6.485068917000035,10232,0.7211710677814924,0.020263746519431,server_heterogeneity,heterogeneity_1.0,1.0,1.0,1.0
12,20260712,RDHO,1.227377186838595,0.8107105201719285,0.4166666666666666,4.560710520171928,118.62320799981154,1.968677228523936,2.2423129445145316,0.3697487766435571,0.9367273880479274,0.5833333333333334,1,0.9208711653127412,1.0000000000000002,1,6.562500666000005,10232,1.2525048849178022,0.0251276980792072,server_heterogeneity,heterogeneity_1.0,1.0,1.0,1.0
13,20260713,RDHO,0.908612967495084,0.6502796341617508,0.2583333333333333,2.9752796341617507,71.62782919589671,1.623058713729294,1.937113875290258,0.4644426310932727,0.9137112181547106,0.7416666666666667,1,0.7633512051862251,1.0000000000000002,1,6.817478791999974,10232,1.011788654832946,0.1031756873378618,server_heterogeneity,heterogeneity_1.0,1.0,1.0,1.0
14,20260714,RDHO,0.9517035760858804,0.668370242752547,0.2833333333333333,3.2183702427525467,132.98035710362268,1.5610343147238277,1.8994648023566425,0.4453020890595699,0.920440484236812,0.7166666666666667,1,0.8910026630154445,1.0,1,6.668221125000059,10232,0.9876855947002184,0.0359820186143382,server_heterogeneity,heterogeneity_1.0,1.0,1.0,1.0
15,20260715,RDHO,1.004157954999794,0.7124912883331275,0.2916666666666666,3.337491288333127,93.41649191871136,1.680918718504018,1.946016334706885,0.4198814674125798,0.9375198428391324,0.7083333333333334,1,0.7840874569528854,1.0,1,6.782847208000021,10232,1.0772736136797922,0.0731156586799981,server_heterogeneity,heterogeneity_1.0,1.0,1.0,1.0
16,20260716,RDHO,0.9539209570091088,0.6622542903424422,0.2916666666666666,3.2872542903424415,72.57322050837479,1.731895893302109,2.0110315409615973,0.4420069900100353,0.9419988914533122,0.7083333333333334,1,0.7607597149186152,1.0000000000000002,1,6.680945167000004,10232,0.97078593804401,0.0168649810349013,server_heterogeneity,heterogeneity_1.0,1.0,1.0,1.0
17,20260717,RDHO,1.0796669523916411,0.7296669523916414,0.35,3.8796669523916414,112.15696100770872,1.94795695764932,2.2626196506138023,0.4190657402721016,0.8967766442787752,0.65,1,0.8520104077715128,1.0000000000000002,1,6.769965292000052,10232,1.1015891002842464,0.021922147892605,server_heterogeneity,heterogeneity_1.0,1.0,1.0,1.0
18,20260718,RDHO,0.8526816972011985,0.6276816972011985,0.2249999999999999,2.6526816972011984,105.2085612776022,1.9604579265363848,2.312485137747428,0.4688495458438041,0.9276425755227586,0.775,1,0.7860223657652284,1.0000000000000002,1,6.725843749999967,10232,0.8738909671450994,0.0212092699439009,server_heterogeneity,heterogeneity_1.0,1.0,1.0,1.0
19,20260719,RDHO,0.9344612368818764,0.6761279035485432,0.2583333333333333,3.001127903548543,102.62208614973828,1.6723790560216418,1.9689455494313273,0.4618118941188203,0.8844702984536618,0.7416666666666667,1,0.8049322299549273,1.0000000000000002,1,6.825972875000048,10232,0.988960035829355,0.0544987989474784,server_heterogeneity,heterogeneity_1.0,1.0,1.0,1.0
20,20260720,RDHO,0.8506510710663095,0.6089844043996429,0.2416666666666667,2.783984404399643,80.57553581852677,1.7110957568993872,2.037032673178934,0.4823406620955833,0.8962081420564082,0.7583333333333333,1,0.8194666111103562,1.0,1,6.667121458999986,10232,0.8791176759204962,0.0284666048541866,server_heterogeneity,heterogeneity_1.0,1.0,1.0,1.0
21,20260721,RDHO,0.982271240870291,0.6906045742036244,0.2916666666666666,3.315604574203624,110.92790390080422,1.9300258904408032,2.286536261699468,0.4257526742553282,0.9266068239212468,0.7083333333333334,1,0.8213192192737055,1.0000000000000002,1,6.7706442080000215,10232,1.0125388609152506,0.0302676200449595,server_heterogeneity,heterogeneity_1.0,1.0,1.0,1.0
22,20260722,RDHO,0.7667012770112257,0.550034610344559,0.2166666666666666,2.500034610344559,97.81959272248044,1.4669512704325822,1.800908828083248,0.5031635692800241,0.9475867792650676,0.7833333333333333,1,0.8172586597052255,1.0,1,6.687390166,10232,0.8005859713818054,0.0338846943705797,server_heterogeneity,heterogeneity_1.0,1.0,1.0,1.0
23,20260723,RDHO,0.7619846621626397,0.5703179954959731,0.1916666666666666,2.295317995495973,76.57131708651687,1.9943670989885256,2.3798695111269352,0.494499918095325,0.9534155450735508,0.8083333333333333,1,0.7663347557166371,1.0000000000000002,1,6.625904249999962,10232,0.8977681595035939,0.1357834973409541,server_heterogeneity,heterogeneity_1.0,1.0,1.0,1.0
24,20260724,RDHO,0.954010287549048,0.6706769542157146,0.2833333333333333,3.2206769542157145,56.80390159386371,1.806620477863508,2.086476348573824,0.4527645619628552,0.9114708941459152,0.7166666666666667,1,0.7635685924182168,1.0,1,6.688721875000056,10232,1.029700728203245,0.0756904406541973,server_heterogeneity,heterogeneity_1.0,1.0,1.0,1.0
25,20260725,RDHO,0.8831599788529992,0.6164933121863325,0.2666666666666667,3.016493312186333,69.77350317022176,2.137200323774766,2.5186887356024124,0.4612785356952739,0.936393581104898,0.7333333333333333,1,0.8213295557474631,1.0,1,6.526965249999989,10232,0.9749007456140424,0.0917407667610431,server_heterogeneity,heterogeneity_1.0,1.0,1.0,1.0
26,20260726,RDHO,1.0291269854807543,0.712460318814088,0.3166666666666666,3.562460318814088,106.49129755372547,1.9988471590645105,2.338048378016654,0.4405147189981867,0.900647195989114,0.6833333333333333,1,0.7507502983084943,1.0000000000000002,1,6.665588750000097,10232,1.054698810953648,0.0255718254728933,server_heterogeneity,heterogeneity_1.0,1.0,1.0,1.0
27,20260727,RDHO,0.8329626031917915,0.5996292698584582,0.2333333333333332,2.699629269858458,128.4179536425301,1.8476170299401615,2.215340641444795,0.4602948756405285,0.948643251583556,0.7666666666666667,1,0.7825166607155911,1.0,1,6.645639541999913,10232,0.8421509419468391,0.0091883387550476,server_heterogeneity,heterogeneity_1.0,1.0,1.0,1.0
28,20260728,RDHO,0.9010872696235122,0.6427539362901789,0.2583333333333333,2.967753936290179,64.08356682641654,1.6036561843353605,1.9211846564096595,0.4583267126092779,0.9248434650259856,0.7416666666666667,1,0.8550099894066665,1.0000000000000002,1,6.537022124999908,10232,0.9718624555932076,0.0707751859696953,server_heterogeneity,heterogeneity_1.0,1.0,1.0,1.0
29,20260729,RDHO,1.0372480902091166,0.7122480902091166,0.3249999999999999,3.637248090209116,128.10604458603353,1.885627038931819,2.1958522406540353,0.4111484363983468,0.8832921829706172,0.675,1,0.8976562707670034,1.0000000000000002,1,6.61451554100006,10232,1.0690991667663212,0.0318510765572046,server_heterogeneity,heterogeneity_1.0,1.0,1.0,1.0
30,20260730,RDHO,1.0265251430305788,0.7348584763639123,0.2916666666666666,3.359858476363912,145.02176009507122,1.9497676361928344,2.272920663487537,0.4311241853461879,0.9573707105736452,0.7083333333333334,1,0.8185513792512681,1.0000000000000002,1,6.751491416000022,10232,1.052615391459991,0.0260902484294121,server_heterogeneity,heterogeneity_1.0,1.0,1.0,1.0
1,20260701,RDHO,1.1006014074973154,0.7506014074973154,0.35,3.900601407497315,75.84517859815652,2.0794796010248477,2.372456360418007,0.4082409181194702,0.8995045721190985,0.65,1,0.8101317936611555,1.0000000000000002,1,6.761363167000013,10232,1.326457672671936,0.2258562651746207,server_heterogeneity,heterogeneity_1.5,1.0,1.0,1.5
2,20260702,RDHO,1.0290131827175275,0.6873465160508612,0.3416666666666667,3.7623465160508616,67.14963013791342,2.0377578016640556,2.349556052665066,0.4283737231893988,0.9433029118296676,0.6583333333333333,1,0.840545062565436,1.0,1,6.739156833000038,10232,1.0854140194230515,0.0564008367055237,server_heterogeneity,heterogeneity_1.5,1.0,1.0,1.5
3,20260703,RDHO,0.8574183276360918,0.6074183276360918,0.25,2.8574183276360916,69.43831185793542,1.5868018361438403,1.9153235018256305,0.4814219852345653,0.94920728125054,0.75,1,0.8017397998183886,1.0,1,6.7688623330000155,10232,1.166855334278179,0.309437006642087,server_heterogeneity,heterogeneity_1.5,1.0,1.0,1.5
4,20260704,RDHO,0.7702484614121443,0.586915128078811,0.1833333333333333,2.2369151280788113,87.39611111538338,1.965228316934138,2.299947542977485,0.4881232658260724,0.9371613267630734,0.8166666666666667,1,0.868570432452045,1.0,1,6.44623779199992,10232,0.8088499526899537,0.0386014912778094,server_heterogeneity,heterogeneity_1.5,1.0,1.0,1.5
5,20260705,RDHO,0.9367950679794916,0.6617950679794917,0.275,3.1367950679794916,109.87177950278286,1.9127306584534025,2.251781348955442,0.4412940659777634,0.9304611858604372,0.725,1,0.8192023671081237,1.0,1,6.770764708000115,10232,1.2421835921152775,0.3053885241357857,server_heterogeneity,heterogeneity_1.5,1.0,1.0,1.5
6,20260706,RDHO,0.9905771303096002,0.6905771303096001,0.3,3.3905771303096004,96.10206789531762,1.7724023806696938,2.090679255388414,0.4234876103306305,0.9257403304608736,0.7,1,0.8218358566662565,1.0,1,6.624410957999999,10232,1.0184143620057258,0.0278372316961256,server_heterogeneity,heterogeneity_1.5,1.0,1.0,1.5
7,20260707,RDHO,1.1501945464891403,0.8085278798224738,0.3416666666666667,3.883527879822474,91.6096765761194,2.428646730192118,2.76268066978205,0.4064979301408075,0.9069626182323696,0.6583333333333333,1,0.7910302613640523,1.0,1,6.574911542000109,10232,1.2696305547177598,0.1194360082286192,server_heterogeneity,heterogeneity_1.5,1.0,1.0,1.5
8,20260708,RDHO,1.0276884891514146,0.7026884891514147,0.3249999999999999,3.6276884891514145,87.85628556259576,2.0887224617413627,2.4088279618224853,0.4228020192467591,0.932678866547493,0.675,1,0.8204058377648457,1.0000000000000002,1,6.682655666000073,10232,1.0759331080288193,0.0482446188774046,server_heterogeneity,heterogeneity_1.5,1.0,1.0,1.5
9,20260709,RDHO,0.8792921495239245,0.6376254828572578,0.2416666666666667,2.812625482857258,110.1301723799927,1.781542604030382,2.12605884727338,0.4597943241706453,0.9494960813624788,0.7583333333333333,1,0.8180946955883787,1.0000000000000002,1,6.568649625000035,10232,0.8983265226762293,0.0190343731523047,server_heterogeneity,heterogeneity_1.5,1.0,1.0,1.5
10,20260710,RDHO,0.9892015538814132,0.6725348872147466,0.3166666666666666,3.5225348872147464,118.35070131688896,1.6530452162181386,1.9349818761045583,0.4332574864558922,0.9001570983846596,0.6833333333333333,1,0.8681624980799502,1.0,1,6.808794416999945,10232,1.0696525041785208,0.0804509502971074,server_heterogeneity,heterogeneity_1.5,1.0,1.0,1.5
11,20260711,RDHO,0.693488125723346,0.5268214590566793,0.1666666666666666,2.026821459056679,62.758923584363146,1.5421840133401568,1.8795949329624233,0.5240333023184492,0.9248610845924748,0.8333333333333334,1,0.8459453337202335,1.0,1,6.480781250000064,10232,0.7272764235939587,0.0337882978706127,server_heterogeneity,heterogeneity_1.5,1.0,1.0,1.5
12,20260712,RDHO,1.2154010554214794,0.8070677220881459,0.4083333333333333,4.4820677220881455,114.66715504643275,1.9873209067012496,2.2609566226918454,0.3756276080025509,0.9356524413345432,0.5916666666666667,1,0.8974254534721353,1.0000000000000002,1,6.613432833999923,10232,1.259138263056931,0.0437372076354516,server_heterogeneity,heterogeneity_1.5,1.0,1.0,1.5
13,20260713,RDHO,0.8960019012856187,0.629335234618952,0.2666666666666667,3.0293352346189524,57.34382132407188,1.5728376673948683,1.8868928289558329,0.4713030019119555,0.9186621673608062,0.7333333333333333,1,0.7369067447033268,1.0000000000000002,1,6.907501334000017,10232,1.1367210121916909,0.2407191109060721,server_heterogeneity,heterogeneity_1.5,1.0,1.0,1.5
14,20260714,RDHO,0.9436806091256044,0.6436806091256042,0.3,3.343680609125604,120.00775547543712,1.5458744099436776,1.884304897576492,0.4522741466155786,0.9187752491887704,0.7,1,0.8604388013174551,1.0000000000000002,1,6.614897540999891,10232,0.9592923623473708,0.0156117532217664,server_heterogeneity,heterogeneity_1.5,1.0,1.0,1.5
15,20260715,RDHO,1.0012330111468215,0.7345663444801548,0.2666666666666667,3.134566344480155,97.36623829478802,1.6388986938146046,1.9039963100174724,0.4190479014004256,0.9358996305906396,0.7333333333333333,1,0.7886415560207183,1.0000000000000002,1,6.760014875000024,10232,1.0534142940035598,0.0521812828567382,server_heterogeneity,heterogeneity_1.5,1.0,1.0,1.5
16,20260716,RDHO,0.9206631152559108,0.6289964485892441,0.2916666666666666,3.253996448589244,69.63060963660092,1.5874282852660486,1.866563932925537,0.4539382261334787,0.9502210786885422,0.7083333333333334,1,0.7725795687707369,1.0000000000000002,1,6.692446000000018,10232,0.9585069895273352,0.0378438742714244,server_heterogeneity,heterogeneity_1.5,1.0,1.0,1.5
17,20260717,RDHO,1.1086630699361213,0.7336630699361212,0.375,4.108663069936121,115.27045753886644,1.9337373211889215,2.248400014153404,0.4250200356684548,0.904313344409307,0.625,1,0.9094548270195808,1.0000000000000002,1,6.838331041999936,10232,1.387455236500385,0.2787921665642636,server_heterogeneity,heterogeneity_1.5,1.0,1.0,1.5
18,20260718,RDHO,0.835087252265663,0.6184205855989964,0.2166666666666666,2.568420585598997,102.85643647611737,1.921392328846078,2.273419540057121,0.4713400223725003,0.927463745615489,0.7833333333333333,1,0.789123243973716,1.0000000000000002,1,6.690650499999947,10232,0.8542474337745466,0.0191601815088835,server_heterogeneity,heterogeneity_1.5,1.0,1.0,1.5
19,20260719,RDHO,0.9191446816675232,0.6691446816675233,0.25,2.9191446816675235,110.1571690459262,1.5578051564726965,1.854371649882382,0.4620101479583057,0.8853789674571322,0.75,1,0.8018558180597306,1.0,1,6.836848375000045,10232,1.0903865353961804,0.171241853728657,server_heterogeneity,heterogeneity_1.5,1.0,1.0,1.5
20,20260720,RDHO,0.8586030949336687,0.6002697616003354,0.2583333333333333,2.925269761600335,79.72909134047171,1.6820742187162132,2.0080111349957597,0.4871326302855146,0.8945375325001333,0.7416666666666667,1,0.8266987864934928,1.0,1,6.708371209000006,10232,0.8734978360085168,0.0148947410748481,server_heterogeneity,heterogeneity_1.5,1.0,1.0,1.5
21,20260721,RDHO,0.9813077445501036,0.6896410778834369,0.2916666666666666,3.3146410778834365,109.04066060658484,1.9424530714616133,2.2989634427202783,0.4279847895031397,0.9273461165411846,0.7083333333333334,1,0.8091250989009633,1.0000000000000002,1,6.8180379580001045,10232,1.0124935425215136,0.03118579797141,server_heterogeneity,heterogeneity_1.5,1.0,1.0,1.5
22,20260722,RDHO,0.7530247445355795,0.5363580778689129,0.2166666666666666,2.486358077868913,86.05724288910876,1.4935482591474982,1.8275058167981633,0.5079407771194765,0.9474571125473726,0.7833333333333333,1,0.7869111086172896,1.0,1,6.66327829099987,10232,0.7894618681764379,0.0364371236408583,server_heterogeneity,heterogeneity_1.5,1.0,1.0,1.5
23,20260723,RDHO,0.7588481072013362,0.5671814405346696,0.1916666666666666,2.2921814405346694,75.04565068224326,2.0670699153068464,2.452572327445256,0.4998858932501542,0.9526347723409476,0.8083333333333333,1,0.7881011687154569,1.0000000000000002,1,6.759057083000016,10232,1.0210140155647625,0.2621659083634262,server_heterogeneity,heterogeneity_1.5,1.0,1.0,1.5
24,20260724,RDHO,0.941795978235376,0.666795978235376,0.275,3.141795978235376,77.42913471582088,1.6473681064862435,1.92722397719656,0.4568483431576788,0.9123029283246036,0.725,1,0.7910310837835067,1.0000000000000002,1,6.735145458000034,10232,1.0216798181286115,0.0798838398932355,server_heterogeneity,heterogeneity_1.5,1.0,1.0,1.5
25,20260725,RDHO,0.8928331680366817,0.6094998347033483,0.2833333333333333,3.159499834703348,74.09108751593041,2.0601029576212886,2.441591369448935,0.462956583678683,0.9359710323344712,0.7166666666666667,1,0.8468090679801318,1.0000000000000002,1,6.599002917000007,10232,1.158631680724163,0.2657985126874813,server_heterogeneity,heterogeneity_1.5,1.0,1.0,1.5
26,20260726,RDHO,0.9953413006635696,0.7120079673302362,0.2833333333333333,3.262007967330236,112.78802420193144,1.9310425712316763,2.27024379018382,0.4454531566723516,0.9054359308993531,0.7166666666666667,1,0.757618300639415,1.0000000000000002,1,6.695707082999888,10232,1.0126557495269142,0.0173144488633446,server_heterogeneity,heterogeneity_1.5,1.0,1.0,1.5
27,20260727,RDHO,0.8314901926342994,0.6064901926342994,0.2249999999999999,2.631490192634299,132.2478368494861,1.9028497038715777,2.27057331537621,0.4595924577430761,0.9504543633511412,0.775,1,0.7768598974493748,1.0,1,6.675702250000086,10232,0.8449783185813656,0.0134881259470662,server_heterogeneity,heterogeneity_1.5,1.0,1.0,1.5
28,20260728,RDHO,0.8890894732677522,0.6307561399344189,0.2583333333333333,2.9557561399344188,72.74292211456628,1.5447716420062994,1.862300114080599,0.4618712242904217,0.9267846277775424,0.7416666666666667,1,0.8434897062974523,1.0000000000000002,1,6.5568616250000105,10232,0.914593963750218,0.0255044904824657,server_heterogeneity,heterogeneity_1.5,1.0,1.0,1.5
29,20260729,RDHO,1.0408043068306911,0.7241376401640244,0.3166666666666666,3.574137640164024,134.3583201244115,1.8461897434785777,2.1564149452007935,0.4141474721831156,0.8866352538731047,0.6833333333333333,1,0.9044008653190088,1.0,1,6.7708536249999725,10232,1.2431980804375748,0.2023937736068837,server_heterogeneity,heterogeneity_1.5,1.0,1.0,1.5
30,20260730,RDHO,1.0188640916894534,0.71053075835612,0.3083333333333333,3.4855307583561204,143.20075055551052,1.8698110925912863,2.192964119885988,0.4349026376064882,0.9542370656945716,0.6916666666666667,1,0.8523551986270537,1.0000000000000002,1,6.797639249999975,10232,1.0414109752356049,0.0225468835461513,server_heterogeneity,heterogeneity_1.5,1.0,1.0,1.5
