run_id,seed,algorithm,fitness,base_objective,penalty,search_fitness,energy,delay,aoi,qoe,fairness,csr,hard_feasible,capacity_utilisation_mean,capacity_utilisation_max,assignment_unique,runtime,nfe,pre_refinement_fitness,local_refinement_gain,experiment,setting,description,utility_weights,u_delay,u_energy,u_aoi
1,20260701,RDHO,1.108568434106899,0.7585684341068993,0.35,3.908568434106899,74.82231000942322,2.077367767445099,2.3703445268382586,0.4055901929117499,0.8981469852203793,0.65,1,0.8388950572562454,1.0000000000000002,1,6.942100708,10232,1.1934487678324863,0.0848803337255872,utility_weight,U1,Canonical task-utility coefficients,"(0.450, 0.300, 0.250)",0.45,0.3,0.25
2,20260702,RDHO,1.042971259370508,0.7096379260371747,0.3333333333333333,3.7096379260371752,92.5467289252826,1.9317343032317391,2.2435325542327496,0.4252411484102329,0.9438029302531644,0.6666666666666666,1,0.8642210038280658,1.0,1,6.752166875,10232,1.0687336254960704,0.0257623661255623,utility_weight,U1,Canonical task-utility coefficients,"(0.450, 0.300, 0.250)",0.45,0.3,0.25
3,20260703,RDHO,0.8308932791007381,0.6058932791007381,0.2249999999999999,2.630893279100738,58.63362486904609,1.6168846317221417,1.945406297403932,0.473792513367565,0.9356745123851102,0.775,1,0.7968452417119734,1.0000000000000002,1,6.812303332999999,10232,0.9452257287509116,0.1143324496501736,utility_weight,U1,Canonical task-utility coefficients,"(0.450, 0.300, 0.250)",0.45,0.3,0.25
4,20260704,RDHO,0.7792937629223804,0.5792937629223804,0.1999999999999999,2.37929376292238,84.79412936476712,1.8721399375022765,2.206859163545623,0.4834352409538747,0.9357058092379048,0.8,1,0.8572469003486489,1.0000000000000002,1,6.630285208,10232,0.8092318472328736,0.0299380843104931,utility_weight,U1,Canonical task-utility coefficients,"(0.450, 0.300, 0.250)",0.45,0.3,0.25
5,20260705,RDHO,0.9383155996253232,0.65498226629199,0.2833333333333333,3.2049822662919896,93.53624100457512,2.038689261679705,2.377739952181744,0.4359456288266753,0.9277532731591402,0.7166666666666667,1,0.819792756438706,1.0000000000000002,1,6.9163317909999975,10232,0.9784161568099428,0.0401005571846194,utility_weight,U1,Canonical task-utility coefficients,"(0.450, 0.300, 0.250)",0.45,0.3,0.25
6,20260706,RDHO,0.99676381013413,0.7134304768007967,0.2833333333333333,3.2634304768007967,99.48863903818724,1.8484317925132845,2.166708667232005,0.4241327295155524,0.9287150965213892,0.7166666666666667,1,0.8235622549285625,1.0000000000000002,1,6.784594792,10232,1.0461641934022687,0.0494003832681386,utility_weight,U1,Canonical task-utility coefficients,"(0.450, 0.300, 0.250)",0.45,0.3,0.25
7,20260707,RDHO,1.1458476235507842,0.7875142902174509,0.3583333333333333,4.01251429021745,77.39625890994373,2.5124774419991063,2.846511381589038,0.4084501701463391,0.9123796205695444,0.6416666666666667,1,0.7880416488185666,1.0,1,6.692081166000001,10232,1.2196850813194904,0.0738374577687062,utility_weight,U1,Canonical task-utility coefficients,"(0.450, 0.300, 0.250)",0.45,0.3,0.25
8,20260708,RDHO,1.024393291400052,0.6993932914000521,0.3249999999999999,3.624393291400052,83.58764787814688,2.0614622704390517,2.3815677705201743,0.4283301329435506,0.9359433004822648,0.675,1,0.8273141573584951,1.0000000000000002,1,6.872623624999996,10232,1.0619731012072533,0.0375798098072013,utility_weight,U1,Canonical task-utility coefficients,"(0.450, 0.300, 0.250)",0.45,0.3,0.25
9,20260709,RDHO,0.8998726704889334,0.6582060038222667,0.2416666666666667,2.833206003822267,123.1969786819626,1.7369778982217468,2.081494141464744,0.4585189896617808,0.9454807093712666,0.7583333333333333,1,0.7772485003183004,1.0000000000000002,1,6.740054666000006,10232,0.907539621912801,0.0076669514238676,utility_weight,U1,Canonical task-utility coefficients,"(0.450, 0.300, 0.250)",0.45,0.3,0.25
10,20260710,RDHO,1.0050386449966089,0.6883719783299422,0.3166666666666666,3.538371978329942,113.71442453112336,1.7179993629198882,1.9999360228063072,0.4303061930099098,0.9021348804980855,0.6833333333333333,1,0.867509119261818,1.0000000000000002,1,6.944259665999994,10232,1.0401511687528897,0.0351125237562808,utility_weight,U1,Canonical task-utility coefficients,"(0.450, 0.300, 0.250)",0.45,0.3,0.25
11,20260711,RDHO,0.7009073212620613,0.5259073212620613,0.175,2.1009073212620617,61.888668587217545,1.5408853028156062,1.878296222437872,0.5188498263820505,0.9206055638063376,0.825,1,0.8308072956000643,1.0,1,6.677989457999999,10232,0.7211710677814924,0.020263746519431,utility_weight,U1,Canonical task-utility coefficients,"(0.450, 0.300, 0.250)",0.45,0.3,0.25
12,20260712,RDHO,1.227377186838595,0.8107105201719285,0.4166666666666666,4.560710520171928,118.62320799981154,1.968677228523936,2.2423129445145316,0.3697487766435571,0.9367273880479274,0.5833333333333334,1,0.9208711653127412,1.0000000000000002,1,6.790195459000003,10232,1.2525048849178022,0.0251276980792072,utility_weight,U1,Canonical task-utility coefficients,"(0.450, 0.300, 0.250)",0.45,0.3,0.25
13,20260713,RDHO,0.908612967495084,0.6502796341617508,0.2583333333333333,2.9752796341617507,71.62782919589671,1.623058713729294,1.937113875290258,0.4644426310932727,0.9137112181547106,0.7416666666666667,1,0.7633512051862251,1.0000000000000002,1,6.930220625000004,10232,1.011788654832946,0.1031756873378618,utility_weight,U1,Canonical task-utility coefficients,"(0.450, 0.300, 0.250)",0.45,0.3,0.25
14,20260714,RDHO,0.9517035760858804,0.668370242752547,0.2833333333333333,3.2183702427525467,132.98035710362268,1.5610343147238277,1.8994648023566425,0.4453020890595699,0.920440484236812,0.7166666666666667,1,0.8910026630154445,1.0,1,6.607857124999995,10232,0.9876855947002184,0.0359820186143382,utility_weight,U1,Canonical task-utility coefficients,"(0.450, 0.300, 0.250)",0.45,0.3,0.25
15,20260715,RDHO,1.004157954999794,0.7124912883331275,0.2916666666666666,3.337491288333127,93.41649191871136,1.680918718504018,1.946016334706885,0.4198814674125798,0.9375198428391324,0.7083333333333334,1,0.7840874569528854,1.0,1,6.807269667,10232,1.0772736136797922,0.0731156586799981,utility_weight,U1,Canonical task-utility coefficients,"(0.450, 0.300, 0.250)",0.45,0.3,0.25
16,20260716,RDHO,0.9539209570091088,0.6622542903424422,0.2916666666666666,3.2872542903424415,72.57322050837479,1.731895893302109,2.0110315409615973,0.4420069900100353,0.9419988914533122,0.7083333333333334,1,0.7607597149186152,1.0000000000000002,1,6.683682583000007,10232,0.97078593804401,0.0168649810349013,utility_weight,U1,Canonical task-utility coefficients,"(0.450, 0.300, 0.250)",0.45,0.3,0.25
17,20260717,RDHO,1.0796669523916411,0.7296669523916414,0.35,3.8796669523916414,112.15696100770872,1.94795695764932,2.2626196506138023,0.4190657402721016,0.8967766442787752,0.65,1,0.8520104077715128,1.0000000000000002,1,6.724706209000004,10232,1.1015891002842464,0.021922147892605,utility_weight,U1,Canonical task-utility coefficients,"(0.450, 0.300, 0.250)",0.45,0.3,0.25
18,20260718,RDHO,0.8526816972011985,0.6276816972011985,0.2249999999999999,2.6526816972011984,105.2085612776022,1.9604579265363848,2.312485137747428,0.4688495458438041,0.9276425755227586,0.775,1,0.7860223657652284,1.0000000000000002,1,6.751427707999994,10232,0.8738909671450994,0.0212092699439009,utility_weight,U1,Canonical task-utility coefficients,"(0.450, 0.300, 0.250)",0.45,0.3,0.25
19,20260719,RDHO,0.9344612368818764,0.6761279035485432,0.2583333333333333,3.001127903548543,102.62208614973828,1.6723790560216418,1.9689455494313273,0.4618118941188203,0.8844702984536618,0.7416666666666667,1,0.8049322299549273,1.0000000000000002,1,6.897836124999998,10232,0.988960035829355,0.0544987989474784,utility_weight,U1,Canonical task-utility coefficients,"(0.450, 0.300, 0.250)",0.45,0.3,0.25
20,20260720,RDHO,0.8506510710663095,0.6089844043996429,0.2416666666666667,2.783984404399643,80.57553581852677,1.7110957568993872,2.037032673178934,0.4823406620955833,0.8962081420564082,0.7583333333333333,1,0.8194666111103562,1.0,1,6.673319540999984,10232,0.8791176759204962,0.0284666048541866,utility_weight,U1,Canonical task-utility coefficients,"(0.450, 0.300, 0.250)",0.45,0.3,0.25
21,20260721,RDHO,0.982271240870291,0.6906045742036244,0.2916666666666666,3.315604574203624,110.92790390080422,1.9300258904408032,2.286536261699468,0.4257526742553282,0.9266068239212468,0.7083333333333334,1,0.8213192192737055,1.0000000000000002,1,6.7603140420000045,10232,1.0125388609152506,0.0302676200449595,utility_weight,U1,Canonical task-utility coefficients,"(0.450, 0.300, 0.250)",0.45,0.3,0.25
22,20260722,RDHO,0.7667012770112257,0.550034610344559,0.2166666666666666,2.500034610344559,97.81959272248044,1.4669512704325822,1.800908828083248,0.5031635692800241,0.9475867792650676,0.7833333333333333,1,0.8172586597052255,1.0,1,6.6706996249999975,10232,0.8005859713818054,0.0338846943705797,utility_weight,U1,Canonical task-utility coefficients,"(0.450, 0.300, 0.250)",0.45,0.3,0.25
23,20260723,RDHO,0.7619846621626397,0.5703179954959731,0.1916666666666666,2.295317995495973,76.57131708651687,1.9943670989885256,2.3798695111269352,0.494499918095325,0.9534155450735508,0.8083333333333333,1,0.7663347557166371,1.0000000000000002,1,6.629823082999991,10232,0.8977681595035939,0.1357834973409541,utility_weight,U1,Canonical task-utility coefficients,"(0.450, 0.300, 0.250)",0.45,0.3,0.25
24,20260724,RDHO,0.954010287549048,0.6706769542157146,0.2833333333333333,3.2206769542157145,56.80390159386371,1.806620477863508,2.086476348573824,0.4527645619628552,0.9114708941459152,0.7166666666666667,1,0.7635685924182168,1.0,1,6.6601049159999945,10232,1.029700728203245,0.0756904406541973,utility_weight,U1,Canonical task-utility coefficients,"(0.450, 0.300, 0.250)",0.45,0.3,0.25
25,20260725,RDHO,0.8831599788529992,0.6164933121863325,0.2666666666666667,3.016493312186333,69.77350317022176,2.137200323774766,2.5186887356024124,0.4612785356952739,0.936393581104898,0.7333333333333333,1,0.8213295557474631,1.0,1,6.538404041999996,10232,0.9749007456140424,0.0917407667610431,utility_weight,U1,Canonical task-utility coefficients,"(0.450, 0.300, 0.250)",0.45,0.3,0.25
26,20260726,RDHO,1.0291269854807543,0.712460318814088,0.3166666666666666,3.562460318814088,106.49129755372547,1.9988471590645105,2.338048378016654,0.4405147189981867,0.900647195989114,0.6833333333333333,1,0.7507502983084943,1.0000000000000002,1,6.689983333000015,10232,1.054698810953648,0.0255718254728933,utility_weight,U1,Canonical task-utility coefficients,"(0.450, 0.300, 0.250)",0.45,0.3,0.25
27,20260727,RDHO,0.8329626031917915,0.5996292698584582,0.2333333333333332,2.699629269858458,128.4179536425301,1.8476170299401615,2.215340641444795,0.4602948756405285,0.948643251583556,0.7666666666666667,1,0.7825166607155911,1.0,1,6.641132624999983,10232,0.8421509419468391,0.0091883387550476,utility_weight,U1,Canonical task-utility coefficients,"(0.450, 0.300, 0.250)",0.45,0.3,0.25
28,20260728,RDHO,0.9010872696235122,0.6427539362901789,0.2583333333333333,2.967753936290179,64.08356682641654,1.6036561843353605,1.9211846564096595,0.4583267126092779,0.9248434650259856,0.7416666666666667,1,0.8550099894066665,1.0000000000000002,1,6.553382792000008,10232,0.9718624555932076,0.0707751859696953,utility_weight,U1,Canonical task-utility coefficients,"(0.450, 0.300, 0.250)",0.45,0.3,0.25
29,20260729,RDHO,1.0372480902091166,0.7122480902091166,0.3249999999999999,3.637248090209116,128.10604458603353,1.885627038931819,2.1958522406540353,0.4111484363983468,0.8832921829706172,0.675,1,0.8976562707670034,1.0000000000000002,1,6.701429040999983,10232,1.0690991667663212,0.0318510765572046,utility_weight,U1,Canonical task-utility coefficients,"(0.450, 0.300, 0.250)",0.45,0.3,0.25
30,20260730,RDHO,1.0265251430305788,0.7348584763639123,0.2916666666666666,3.359858476363912,145.02176009507122,1.9497676361928344,2.272920663487537,0.4311241853461879,0.9573707105736452,0.7083333333333334,1,0.8185513792512681,1.0000000000000002,1,6.73247087499999,10232,1.052615391459991,0.0260902484294121,utility_weight,U1,Canonical task-utility coefficients,"(0.450, 0.300, 0.250)",0.45,0.3,0.25
1,20260701,RDHO,1.096747606189893,0.7550809395232263,0.3416666666666667,3.8300809395232265,79.12741863109274,2.0514487578558116,2.344425517248971,0.414988957689728,0.9122361758314638,0.6583333333333333,1,0.818722881725407,1.0000000000000002,1,6.676052249999998,10232,1.1888767925898098,0.0921291863999167,utility_weight,U2,Equal task-utility coefficients,"(0.333, 0.333, 0.333)",0.3333333333333333,0.3333333333333333,0.3333333333333333
2,20260702,RDHO,1.0418645313310133,0.70853119799768,0.3333333333333333,3.70853119799768,94.22425238716583,1.9423539812552064,2.2541522322562164,0.42660561493877,0.9484704412207724,0.6666666666666666,1,0.8692646580850564,1.0000000000000002,1,6.5899396249999995,10232,1.0624947687968764,0.0206302374658631,utility_weight,U2,Equal task-utility coefficients,"(0.333, 0.333, 0.333)",0.3333333333333333,0.3333333333333333,0.3333333333333333
3,20260703,RDHO,0.836259222995573,0.6029258896622397,0.2333333333333332,2.7029258896622395,59.65233418176776,1.59728394413367,1.9258056098154603,0.4792705472644022,0.934430168653818,0.7666666666666667,1,0.8278421383799138,1.0000000000000002,1,6.6200048750000065,10232,0.9521343337079812,0.1158751107124083,utility_weight,U2,Equal task-utility coefficients,"(0.333, 0.333, 0.333)",0.3333333333333333,0.3333333333333333,0.3333333333333333
4,20260704,RDHO,0.7847868351636014,0.576453501830268,0.2083333333333333,2.4514535018302683,84.80625516949401,1.870985484227014,2.205704710270361,0.4853486534670319,0.9333213506962889,0.7916666666666666,1,0.8480196571607252,1.0,1,6.424772208000007,10232,0.8024754441190034,0.017688608955402,utility_weight,U2,Equal task-utility coefficients,"(0.333, 0.333, 0.333)",0.3333333333333333,0.3333333333333333,0.3333333333333333
5,20260705,RDHO,0.9526152302586992,0.6692818969253659,0.2833333333333333,3.2192818969253656,95.66196223887904,2.0511631731049897,2.390213863607029,0.4392308038883239,0.9324307555561302,0.7166666666666667,1,0.821590058246569,1.0000000000000002,1,6.834954500000009,10232,1.0183296586355706,0.0657144283768713,utility_weight,U2,Equal task-utility coefficients,"(0.333, 0.333, 0.333)",0.3333333333333333,0.3333333333333333,0.3333333333333333
6,20260706,RDHO,0.9841938286214172,0.6925271619547505,0.2916666666666666,3.31752716195475,94.86539146887242,1.7829779647564148,2.1012548394751356,0.4243570845916865,0.9278162710913894,0.7083333333333334,1,0.8324656764176481,1.0000000000000002,1,6.602940208000007,10232,1.0143625312754767,0.0301687026540595,utility_weight,U2,Equal task-utility coefficients,"(0.333, 0.333, 0.333)",0.3333333333333333,0.3333333333333333,0.3333333333333333
7,20260707,RDHO,1.1564352156643667,0.7897685489977,0.3666666666666667,4.0897685489977,75.11223047360083,2.5314412919131564,2.865475231503088,0.4176487511489484,0.9185260893201797,0.6333333333333333,1,0.8137888603071033,1.0000000000000002,1,6.480381874999978,10232,1.2161460139051283,0.0597107982407616,utility_weight,U2,Equal task-utility coefficients,"(0.333, 0.333, 0.333)",0.3333333333333333,0.3333333333333333,0.3333333333333333
8,20260708,RDHO,1.0166741704697393,0.6916741704697392,0.3249999999999999,3.616674170469739,85.70229212862705,2.059761683439501,2.3798671835206235,0.4311676960893076,0.9400757420190556,0.675,1,0.8394410368540525,1.0000000000000002,1,6.638902625000014,10232,1.0560433933564304,0.039369222886691,utility_weight,U2,Equal task-utility coefficients,"(0.333, 0.333, 0.333)",0.3333333333333333,0.3333333333333333,0.3333333333333333
9,20260709,RDHO,0.9001496894143002,0.6501496894143002,0.25,2.9001496894143,107.75053861002712,1.824192924417678,2.1687091676606753,0.4566104104067931,0.9482547452497868,0.75,1,0.814529944468981,1.0000000000000002,1,6.596440584000021,10232,0.9111283319031034,0.0109786424888032,utility_weight,U2,Equal task-utility coefficients,"(0.333, 0.333, 0.333)",0.3333333333333333,0.3333333333333333,0.3333333333333333
10,20260710,RDHO,0.996825596188923,0.6884922628555896,0.3083333333333333,3.46349226285559,143.0614146054888,1.5601059932372234,1.842042653123643,0.4347724796935475,0.9110490248490828,0.6916666666666667,1,0.8990646448778502,1.0,1,6.675564624999993,10232,1.0336055262951818,0.0367799301062587,utility_weight,U2,Equal task-utility coefficients,"(0.333, 0.333, 0.333)",0.3333333333333333,0.3333333333333333,0.3333333333333333
11,20260711,RDHO,0.6985890277568357,0.5319223610901691,0.1666666666666666,2.0319223610901687,65.41310822275237,1.5932237228001056,1.930634642422372,0.5234204977351722,0.92670467618163,0.8333333333333334,1,0.8397332603277695,1.0,1,6.45423041600003,10232,0.7245850056367749,0.0259959778799391,utility_weight,U2,Equal task-utility coefficients,"(0.333, 0.333, 0.333)",0.3333333333333333,0.3333333333333333,0.3333333333333333
12,20260712,RDHO,1.2233092837183053,0.8066426170516385,0.4166666666666666,4.556642617051638,117.43950218077477,1.959175861230173,2.2328115772207693,0.3766443829104024,0.925834594426158,0.5833333333333334,1,0.8942076143327524,1.0000000000000002,1,6.549817207999979,10232,1.255383450414005,0.0320741666956996,utility_weight,U2,Equal task-utility coefficients,"(0.333, 0.333, 0.333)",0.3333333333333333,0.3333333333333333,0.3333333333333333
13,20260713,RDHO,0.9070157759780332,0.6403491093113666,0.2666666666666667,3.040349109311367,64.56526350731552,1.6237464850809131,1.9378016466418777,0.4667284179046068,0.9181067328501662,0.7333333333333333,1,0.7516087706473559,1.0000000000000002,1,6.7841910409999855,10232,0.9879588207886326,0.0809430448105993,utility_weight,U2,Equal task-utility coefficients,"(0.333, 0.333, 0.333)",0.3333333333333333,0.3333333333333333,0.3333333333333333
14,20260714,RDHO,0.9428896492443852,0.6595563159110519,0.2833333333333333,3.2095563159110516,129.9929044705566,1.592144905515037,1.930575393147851,0.4464405956757462,0.9250850509843336,0.7166666666666667,1,0.8878636039157521,1.0,1,6.664320040999996,10232,0.9843031189168968,0.0414134696725116,utility_weight,U2,Equal task-utility coefficients,"(0.333, 0.333, 0.333)",0.3333333333333333,0.3333333333333333,0.3333333333333333
15,20260715,RDHO,0.9995043322944156,0.7161709989610822,0.2833333333333333,3.266170998961082,94.55849441182528,1.6727858079774756,1.9378834241803429,0.4243372371070231,0.9389714339151216,0.7166666666666667,1,0.7755431661623367,1.0000000000000002,1,6.798390374999997,10232,1.061503601067323,0.0619992687729076,utility_weight,U2,Equal task-utility coefficients,"(0.333, 0.333, 0.333)",0.3333333333333333,0.3333333333333333,0.3333333333333333
16,20260716,RDHO,0.9629896531101484,0.6629896531101483,0.3,3.3629896531101484,74.93706259854844,1.727077584624076,2.0062132322835646,0.44586937530467,0.944506095248376,0.7,1,0.7729836139128781,1.0000000000000002,1,6.6309111250000115,10232,0.988579485483826,0.0255898323736776,utility_weight,U2,Equal task-utility coefficients,"(0.333, 0.333, 0.333)",0.3333333333333333,0.3333333333333333,0.3333333333333333
17,20260717,RDHO,1.0756735608374774,0.7340068941708109,0.3416666666666667,3.8090068941708113,114.05510115869689,1.9371465000932269,2.251809193057709,0.4220196011106366,0.9027126552063114,0.6583333333333333,1,0.8763380051353021,1.0000000000000002,1,6.750502333999975,10232,1.0976843563221437,0.022010795484666,utility_weight,U2,Equal task-utility coefficients,"(0.333, 0.333, 0.333)",0.3333333333333333,0.3333333333333333,0.3333333333333333
18,20260718,RDHO,0.8548085238459048,0.6298085238459048,0.2249999999999999,2.6548085238459045,114.36124226853676,1.9335141440633157,2.285541355274358,0.4702523059585063,0.930635378916062,0.775,1,0.8085606852545305,1.0,1,6.700389375000043,10232,0.8730201444184503,0.0182116205725455,utility_weight,U2,Equal task-utility coefficients,"(0.333, 0.333, 0.333)",0.3333333333333333,0.3333333333333333,0.3333333333333333
19,20260719,RDHO,0.931299882359172,0.6729665490258386,0.2583333333333333,2.9979665490258385,101.1240928621256,1.63277440548685,1.9293408988965353,0.463597803550119,0.8885523621942474,0.7416666666666667,1,0.7959380745065053,1.0,1,6.815153500000008,10232,0.9687388321490475,0.0374389497898757,utility_weight,U2,Equal task-utility coefficients,"(0.333, 0.333, 0.333)",0.3333333333333333,0.3333333333333333,0.3333333333333333
20,20260720,RDHO,0.8396007822817448,0.6062674489484116,0.2333333333333332,2.7062674489484113,81.27090293127294,1.7124198406272746,2.0383567569068215,0.4859302732327322,0.9061858043102088,0.7666666666666667,1,0.8405896102285734,1.0000000000000002,1,6.639602249999996,10232,0.8687258091436315,0.0291250268618866,utility_weight,U2,Equal task-utility coefficients,"(0.333, 0.333, 0.333)",0.3333333333333333,0.3333333333333333,0.3333333333333333
21,20260721,RDHO,0.9809503411232536,0.6892836744565871,0.2916666666666666,3.3142836744565867,109.69862958945843,1.9272814534996692,2.2837918247583344,0.4286485518332124,0.9316190051781784,0.7083333333333334,1,0.8185043806702683,1.0000000000000002,1,6.750872167000011,10232,1.0151831554352937,0.0342328143120397,utility_weight,U2,Equal task-utility coefficients,"(0.333, 0.333, 0.333)",0.3333333333333333,0.3333333333333333,0.3333333333333333
22,20260722,RDHO,0.7697909881702197,0.5531243215035531,0.2166666666666666,2.5031243215035532,100.86428669033654,1.4572800738611575,1.7912376315118226,0.5034421947518155,0.9478616773383468,0.7833333333333333,1,0.8467935582912781,1.0000000000000002,1,6.678613499999983,10232,0.8016862839528544,0.0318952957826346,utility_weight,U2,Equal task-utility coefficients,"(0.333, 0.333, 0.333)",0.3333333333333333,0.3333333333333333,0.3333333333333333
23,20260723,RDHO,0.7608737922772307,0.5692071256105641,0.1916666666666666,2.294207125610564,76.96527705059563,2.003028308535205,2.3885307206736144,0.5003957059496897,0.9565162077376236,0.8083333333333333,1,0.7903515891672244,1.0000000000000002,1,6.6032244169999785,10232,0.9146930902884618,0.153819298011231,utility_weight,U2,Equal task-utility coefficients,"(0.333, 0.333, 0.333)",0.3333333333333333,0.3333333333333333,0.3333333333333333
24,20260724,RDHO,0.9498706310388274,0.6665372977054941,0.2833333333333333,3.216537297705494,51.260270601736366,1.812598159128524,2.09245402983884,0.4578728566861688,0.9193076323050928,0.7166666666666667,1,0.7739242913610834,1.0,1,6.6822930829999905,10232,1.0167965720123022,0.0669259409734748,utility_weight,U2,Equal task-utility coefficients,"(0.333, 0.333, 0.333)",0.3333333333333333,0.3333333333333333,0.3333333333333333
25,20260725,RDHO,0.8874106356046652,0.6207439689379984,0.2666666666666667,3.0207439689379987,70.33871822767642,2.1102441497127593,2.4917325615404056,0.4679331940398933,0.938983251178634,0.7333333333333333,1,0.8274063710759896,1.0,1,6.51311020899999,10232,0.9287545233555397,0.0413438877508743,utility_weight,U2,Equal task-utility coefficients,"(0.333, 0.333, 0.333)",0.3333333333333333,0.3333333333333333,0.3333333333333333
26,20260726,RDHO,1.04480211303157,0.7198021130315702,0.3249999999999999,3.64480211303157,92.92803749240264,2.1073441422331083,2.446545361185252,0.4355278897153243,0.9013723543806124,0.675,1,0.7643346719690517,1.0,1,6.558510082999987,10232,1.0567433024460762,0.011941189414506,utility_weight,U2,Equal task-utility coefficients,"(0.333, 0.333, 0.333)",0.3333333333333333,0.3333333333333333,0.3333333333333333
27,20260727,RDHO,0.8325768643657673,0.6159101976991006,0.2166666666666666,2.565910197699101,128.44266996434965,1.9637760863694615,2.331499697874095,0.4590559416634026,0.95093184944162,0.7833333333333333,1,0.7831305981929678,1.0000000000000002,1,6.670478374999959,10232,0.8461993353487336,0.0136224709829663,utility_weight,U2,Equal task-utility coefficients,"(0.333, 0.333, 0.333)",0.3333333333333333,0.3333333333333333,0.3333333333333333
28,20260728,RDHO,0.9073044316689216,0.640637765002255,0.2666666666666667,3.0406377650022556,71.01908497030874,1.5700897153636144,1.8876181874379143,0.4612195460813071,0.9303391251552416,0.7333333333333333,1,0.8351827018841936,1.0000000000000002,1,6.586487832999978,10232,0.9770171815695472,0.0697127499006253,utility_weight,U2,Equal task-utility coefficients,"(0.333, 0.333, 0.333)",0.3333333333333333,0.3333333333333333,0.3333333333333333
29,20260729,RDHO,1.0202161120177684,0.7035494453511019,0.3166666666666666,3.5535494453511016,121.62414962457916,1.8707037923430967,2.180928994065313,0.4154482130539406,0.8851577731554802,0.6833333333333333,1,0.8888385770070667,1.0,1,6.69909212500005,10232,1.0471135007784813,0.0268973887607129,utility_weight,U2,Equal task-utility coefficients,"(0.333, 0.333, 0.333)",0.3333333333333333,0.3333333333333333,0.3333333333333333
30,20260730,RDHO,1.0483955469203392,0.7317288802536726,0.3166666666666666,3.581728880253672,146.9452197811848,1.9145329909906923,2.237686018285394,0.4296968228395186,0.953497790423268,0.6833333333333333,1,0.826198695992277,1.0,1,6.739368999999954,10232,1.0674415697475554,0.0190460228272162,utility_weight,U2,Equal task-utility coefficients,"(0.333, 0.333, 0.333)",0.3333333333333333,0.3333333333333333,0.3333333333333333
1,20260701,RDHO,1.1143849196092002,0.7727182529425334,0.3416666666666667,3.8477182529425336,78.42008678136752,2.185126698306606,2.4781034576997656,0.3875143406372835,0.9013686548079948,0.6583333333333333,1,0.8139091452493761,1.0000000000000002,1,6.703849875000003,10232,1.1917956576928752,0.077410738083675,utility_weight,U3,Freshness-oriented task utility,"(0.300, 0.200, 0.500)",0.3,0.2,0.5
2,20260702,RDHO,1.046268350641808,0.7129350173084745,0.3333333333333333,3.712935017308475,92.40803310298382,1.936904046375993,2.2487022973770032,0.3972496475788962,0.9341917776436248,0.6666666666666666,1,0.8910326178628443,1.0,1,6.555271958999981,10232,1.0598705352882216,0.0136021846464136,utility_weight,U3,Freshness-oriented task utility,"(0.300, 0.200, 0.500)",0.3,0.2,0.5
3,20260703,RDHO,0.873964498954977,0.623964498954977,0.25,2.873964498954977,57.553995848707615,1.656256710345292,1.9847783760270823,0.4420677644403934,0.9264370334022068,0.75,1,0.8229300522232971,1.0000000000000002,1,6.56987379200001,10232,1.006468008033046,0.1325035090780691,utility_weight,U3,Freshness-oriented task utility,"(0.300, 0.200, 0.500)",0.3,0.2,0.5
4,20260704,RDHO,0.7608812489860931,0.5858812489860931,0.175,2.160881248986094,91.69683855906231,1.8135749242451955,2.1482941502885424,0.4619692469572379,0.9495804898425306,0.825,1,0.8518050547104279,1.0,1,6.447483917,10232,0.8189690618566138,0.0580878128705206,utility_weight,U3,Freshness-oriented task utility,"(0.300, 0.200, 0.500)",0.3,0.2,0.5
5,20260705,RDHO,0.9382591473229386,0.6715924806562719,0.2666666666666667,3.071592480656272,89.27663630012336,2.152921826538858,2.491972517040897,0.4166400772081168,0.9372006182017112,0.7333333333333333,1,0.7948469996258761,1.0000000000000002,1,6.727561792000017,10232,1.0360656702982456,0.097806522975307,utility_weight,U3,Freshness-oriented task utility,"(0.300, 0.200, 0.500)",0.3,0.2,0.5
6,20260706,RDHO,1.0052939860345569,0.7052939860345566,0.3,3.405293986034557,99.05296076241318,1.782772522874981,2.101049397593702,0.3965762574721147,0.9248783957961082,0.7,1,0.8244524524738295,1.0000000000000002,1,6.512457083000015,10232,1.0440164727638486,0.0387224867292919,utility_weight,U3,Freshness-oriented task utility,"(0.300, 0.200, 0.500)",0.3,0.2,0.5
7,20260707,RDHO,1.151936197790412,0.7936028644570786,0.3583333333333333,4.018602864457078,86.67995146653979,2.4647931488332313,2.798827088423163,0.3740497598629381,0.9047646974152976,0.6416666666666667,1,0.8250283436301272,1.0,1,6.506153167000036,10232,1.2430836968834642,0.0911474990930523,utility_weight,U3,Freshness-oriented task utility,"(0.300, 0.200, 0.500)",0.3,0.2,0.5
8,20260708,RDHO,1.030052225766596,0.6967188924332627,0.3333333333333333,3.696718892433263,84.52706979411983,2.0224957212233816,2.342601221304504,0.3981629330073646,0.9345615383861952,0.6666666666666666,1,0.8130452217274176,1.0000000000000002,1,6.715010291999988,10232,1.0726323995369715,0.0425801737703754,utility_weight,U3,Freshness-oriented task utility,"(0.300, 0.200, 0.500)",0.3,0.2,0.5
9,20260709,RDHO,0.8973110021606912,0.6556443354940245,0.2416666666666667,2.830644335494025,102.87178380211364,1.8373444220846575,2.1818606653276555,0.4282232640156928,0.9395293636716344,0.7583333333333333,1,0.8081685317266631,1.0,1,6.570019207999962,10232,0.9083569946811844,0.0110459925204933,utility_weight,U3,Freshness-oriented task utility,"(0.300, 0.200, 0.500)",0.3,0.2,0.5
10,20260710,RDHO,0.9943871117836932,0.68605377845036,0.3083333333333333,3.4610537784503603,143.66956950876624,1.5904699497647754,1.872406609651195,0.4130967051552822,0.9324892398096132,0.6916666666666667,1,0.894343644761474,1.0000000000000002,1,6.690916083000047,10232,1.0367029580382146,0.0423158462545212,utility_weight,U3,Freshness-oriented task utility,"(0.300, 0.200, 0.500)",0.3,0.2,0.5
11,20260711,RDHO,0.7112521618765848,0.5362521618765848,0.175,2.111252161876586,71.18404586345562,1.5277936122369762,1.8652045318592425,0.5004302096900621,0.9304049255310236,0.825,1,0.8254614983762313,1.0000000000000002,1,6.471213207999995,10232,0.722941844605137,0.0116896827285521,utility_weight,U3,Freshness-oriented task utility,"(0.300, 0.200, 0.500)",0.3,0.2,0.5
12,20260712,RDHO,1.2329143586510063,0.8162476919843398,0.4166666666666666,4.566247691984339,117.39610834043478,1.977572085882355,2.25120780187295,0.3428783396437821,0.9328765399015532,0.5833333333333334,1,0.8758302301765056,1.0000000000000002,1,6.513236000000006,10232,1.2628053713935927,0.0298910127425864,utility_weight,U3,Freshness-oriented task utility,"(0.300, 0.200, 0.500)",0.3,0.2,0.5
13,20260713,RDHO,0.9105034654504172,0.652170132117084,0.2583333333333333,2.9771701321170836,70.14218777276332,1.5966662431095358,1.9107214046705003,0.441623401118221,0.9097234463224844,0.7416666666666667,1,0.775752007948612,1.0000000000000002,1,6.7946070419999955,10232,1.003117607855811,0.0926141424053937,utility_weight,U3,Freshness-oriented task utility,"(0.300, 0.200, 0.500)",0.3,0.2,0.5
14,20260714,RDHO,0.9586857791080592,0.6836857791080593,0.275,3.158685779108059,133.37209048224537,1.5707512441668177,1.909181731799632,0.4256212010781397,0.931544146852299,0.725,1,0.8809028771894593,1.0,1,6.621735290999993,10232,1.0381964081614925,0.0795106290534332,utility_weight,U3,Freshness-oriented task utility,"(0.300, 0.200, 0.500)",0.3,0.2,0.5
15,20260715,RDHO,0.9981889858338294,0.7148556525004961,0.2833333333333333,3.264855652500496,94.06053669674108,1.6861806338798817,1.951278250082749,0.3978412197719712,0.9409054385004384,0.7166666666666667,1,0.8161740830977152,1.0,1,6.719816084000001,10232,1.0211273018991158,0.0229383160652864,utility_weight,U3,Freshness-oriented task utility,"(0.300, 0.200, 0.500)",0.3,0.2,0.5
16,20260716,RDHO,0.974663372975775,0.6829967063091084,0.2916666666666666,3.307996706309108,94.22864203302126,1.6951079872472488,1.974243634906737,0.4085901659364289,0.9452395301250716,0.7083333333333334,1,0.7533809544125798,1.0,1,6.670701457999996,10232,0.9944786325787858,0.0198152596030107,utility_weight,U3,Freshness-oriented task utility,"(0.300, 0.200, 0.500)",0.3,0.2,0.5
17,20260717,RDHO,1.0902725576320518,0.7402725576320517,0.35,3.890272557632051,108.62085170644012,1.9908206596464069,2.3054833526108895,0.3946184566006435,0.9003740695302453,0.65,1,0.842053933423016,1.0000000000000002,1,6.703424415999962,10232,1.1267831283926322,0.0365105707605803,utility_weight,U3,Freshness-oriented task utility,"(0.300, 0.200, 0.500)",0.3,0.2,0.5
18,20260718,RDHO,0.8590537330915221,0.6257203997581888,0.2333333333333332,2.7257203997581883,105.73937747931308,1.8984929895360665,2.250520200747109,0.449851490555002,0.9276942618954404,0.7666666666666667,1,0.7963508977882935,1.0000000000000002,1,6.7246296249999205,10232,0.875342682959995,0.0162889498684728,utility_weight,U3,Freshness-oriented task utility,"(0.300, 0.200, 0.500)",0.3,0.2,0.5
19,20260719,RDHO,0.9417143951366715,0.6750477284700049,0.2666666666666667,3.0750477284700053,106.38263760012548,1.630827099480785,1.9273935928904704,0.4397262487848739,0.8977917591408656,0.7333333333333333,1,0.8002476581501471,1.0,1,6.824309749999998,10232,0.9908984724554304,0.0491840773187588,utility_weight,U3,Freshness-oriented task utility,"(0.300, 0.200, 0.500)",0.3,0.2,0.5
20,20260720,RDHO,0.8547254420113928,0.6130587753447261,0.2416666666666667,2.7880587753447266,81.07776285139943,1.7182247983034635,2.044161714583011,0.4611747125552023,0.9089328066136062,0.7583333333333333,1,0.8072884942050744,1.0000000000000002,1,6.720441708000067,10232,0.8856333208418184,0.0309078788304256,utility_weight,U3,Freshness-oriented task utility,"(0.300, 0.200, 0.500)",0.3,0.2,0.5
21,20260721,RDHO,0.9869478074083788,0.6952811407417122,0.2916666666666666,3.3202811407417117,109.50693939768202,1.929994519527488,2.2865048907861536,0.4080046126808696,0.9236469487626868,0.7083333333333334,1,0.8057777414326222,1.0,1,6.7228355830000055,10232,1.0110359815698282,0.0240881741614493,utility_weight,U3,Freshness-oriented task utility,"(0.300, 0.200, 0.500)",0.3,0.2,0.5
22,20260722,RDHO,0.7751247832997282,0.5584581166330616,0.2166666666666666,2.5084581166330615,102.06687151868212,1.459074730215867,1.793032287866532,0.4811143634136457,0.9447580894032004,0.7833333333333333,1,0.8349614342288237,1.0,1,6.686753959000043,10232,0.8045796642802304,0.0294548809805021,utility_weight,U3,Freshness-oriented task utility,"(0.300, 0.200, 0.500)",0.3,0.2,0.5
23,20260723,RDHO,0.7713375303510042,0.5796708636843375,0.1916666666666666,2.304670863684337,76.9990813615959,1.999767818060521,2.3852702301989313,0.4652063041465675,0.9536489068930512,0.8083333333333333,1,0.7690575841914462,1.0,1,6.662672415999964,10232,0.9726337310299282,0.201296200678924,utility_weight,U3,Freshness-oriented task utility,"(0.300, 0.200, 0.500)",0.3,0.2,0.5
24,20260724,RDHO,0.9517721257271406,0.6767721257271406,0.275,3.151772125727141,54.137929753327555,1.8494390508327867,2.129294921543103,0.4295618162392667,0.9132315178094894,0.725,1,0.7941183253147646,1.0000000000000002,1,6.661145667000028,10232,0.99549626039075,0.0437241346636094,utility_weight,U3,Freshness-oriented task utility,"(0.300, 0.200, 0.500)",0.3,0.2,0.5
25,20260725,RDHO,0.9000909788522827,0.6250909788522827,0.275,3.1000909788522826,68.49479730777631,2.1559712167377514,2.537459628565398,0.4353544613080888,0.9343630773011292,0.725,1,0.8188403454684435,1.0,1,6.537918541999943,10232,0.9850016910573612,0.0849107122050784,utility_weight,U3,Freshness-oriented task utility,"(0.300, 0.200, 0.500)",0.3,0.2,0.5
26,20260726,RDHO,1.0266638110997368,0.7183304777664035,0.3083333333333333,3.4933304777664036,112.74498705571612,1.988253414225142,2.327454633177285,0.4112316622912731,0.9062218943333392,0.6916666666666667,1,0.7559048545824324,1.0,1,6.642015750000041,10232,1.0542866790404102,0.0276228679406733,utility_weight,U3,Freshness-oriented task utility,"(0.300, 0.200, 0.500)",0.3,0.2,0.5
27,20260727,RDHO,0.8381243146310414,0.6047909812977081,0.2333333333333332,2.704790981297708,132.55673439429853,1.836508133419926,2.2042317449245594,0.4417653987609815,0.9530849792341618,0.7666666666666667,1,0.7900328734827856,1.0000000000000002,1,6.656431375000011,10232,0.8468665739100446,0.0087422592790031,utility_weight,U3,Freshness-oriented task utility,"(0.300, 0.200, 0.500)",0.3,0.2,0.5
28,20260728,RDHO,0.9089673878467016,0.6506340545133684,0.2583333333333333,2.9756340545133684,69.16757785973077,1.5991661784335125,1.916694650507812,0.4292859725110328,0.9215891911677964,0.7416666666666667,1,0.8377476076604758,1.0000000000000002,1,6.526793416000032,10232,0.9780611998597684,0.0690938120130667,utility_weight,U3,Freshness-oriented task utility,"(0.300, 0.200, 0.500)",0.3,0.2,0.5
29,20260729,RDHO,1.0358836444174817,0.7108836444174816,0.3249999999999999,3.635883644417482,125.55377377188154,1.8703687514470624,2.1805939531692786,0.4039288276742314,0.8863779538199584,0.675,1,0.914853957212243,1.0,1,6.640114333000042,10232,1.0962790768235422,0.0603954324060604,utility_weight,U3,Freshness-oriented task utility,"(0.300, 0.200, 0.500)",0.3,0.2,0.5
30,20260730,RDHO,1.0475684488329255,0.7225684488329255,0.3249999999999999,3.647568448832925,138.38062506882858,1.9302205354797144,2.2533735627744167,0.4075353527496712,0.9603740119599704,0.675,1,0.8276587954030757,1.0,1,6.766835333000017,10232,1.070281437912957,0.0227129890800314,utility_weight,U3,Freshness-oriented task utility,"(0.300, 0.200, 0.500)",0.3,0.2,0.5
