run_id,seed,algorithm,fitness,base_objective,penalty,search_fitness,energy,delay,aoi,qoe,fairness,csr,hard_feasible,capacity_utilisation_mean,capacity_utilisation_max,assignment_unique,runtime,nfe,pre_refinement_fitness,local_refinement_gain,experiment,setting,description,weights,w_energy,w_delay,w_aoi,w_qoe,w_fairness
1,20260701,RDHO,1.108568434106899,0.7585684341068993,0.35,3.908568434106899,74.82231000942322,2.077367767445099,2.3703445268382586,0.4055901929117499,0.8981469852203793,0.65,1,0.8388950572562454,1.0000000000000002,1,7.620766874999999,10232,1.1934487678324863,0.0848803337255872,objective_weight,S1,Original setting,"(0.150, 0.150, 0.200, 0.250, 0.250)",0.15,0.15,0.2,0.25,0.25
2,20260702,RDHO,1.042971259370508,0.7096379260371747,0.3333333333333333,3.7096379260371752,92.5467289252826,1.9317343032317391,2.2435325542327496,0.4252411484102329,0.9438029302531644,0.6666666666666666,1,0.8642210038280658,1.0,1,7.494374916,10232,1.0687336254960704,0.0257623661255623,objective_weight,S1,Original setting,"(0.150, 0.150, 0.200, 0.250, 0.250)",0.15,0.15,0.2,0.25,0.25
3,20260703,RDHO,0.8308932791007381,0.6058932791007381,0.2249999999999999,2.630893279100738,58.63362486904609,1.6168846317221417,1.945406297403932,0.473792513367565,0.9356745123851102,0.775,1,0.7968452417119734,1.0000000000000002,1,7.6512298749999985,10232,0.9452257287509116,0.1143324496501736,objective_weight,S1,Original setting,"(0.150, 0.150, 0.200, 0.250, 0.250)",0.15,0.15,0.2,0.25,0.25
4,20260704,RDHO,0.7792937629223804,0.5792937629223804,0.1999999999999999,2.37929376292238,84.79412936476712,1.8721399375022765,2.206859163545623,0.4834352409538747,0.9357058092379048,0.8,1,0.8572469003486489,1.0000000000000002,1,7.665651874999998,10232,0.8092318472328736,0.0299380843104931,objective_weight,S1,Original setting,"(0.150, 0.150, 0.200, 0.250, 0.250)",0.15,0.15,0.2,0.25,0.25
5,20260705,RDHO,0.9383155996253232,0.65498226629199,0.2833333333333333,3.2049822662919896,93.53624100457512,2.038689261679705,2.377739952181744,0.4359456288266753,0.9277532731591402,0.7166666666666667,1,0.819792756438706,1.0000000000000002,1,8.027839375,10232,0.9784161568099428,0.0401005571846194,objective_weight,S1,Original setting,"(0.150, 0.150, 0.200, 0.250, 0.250)",0.15,0.15,0.2,0.25,0.25
6,20260706,RDHO,0.99676381013413,0.7134304768007967,0.2833333333333333,3.2634304768007967,99.48863903818724,1.8484317925132845,2.166708667232005,0.4241327295155524,0.9287150965213892,0.7166666666666667,1,0.8235622549285625,1.0000000000000002,1,7.902750124999997,10232,1.0461641934022687,0.0494003832681386,objective_weight,S1,Original setting,"(0.150, 0.150, 0.200, 0.250, 0.250)",0.15,0.15,0.2,0.25,0.25
7,20260707,RDHO,1.1458476235507842,0.7875142902174509,0.3583333333333333,4.01251429021745,77.39625890994373,2.5124774419991063,2.846511381589038,0.4084501701463391,0.9123796205695444,0.6416666666666667,1,0.7880416488185666,1.0,1,7.793199249999994,10232,1.2196850813194904,0.0738374577687062,objective_weight,S1,Original setting,"(0.150, 0.150, 0.200, 0.250, 0.250)",0.15,0.15,0.2,0.25,0.25
8,20260708,RDHO,1.024393291400052,0.6993932914000521,0.3249999999999999,3.624393291400052,83.58764787814688,2.0614622704390517,2.3815677705201743,0.4283301329435506,0.9359433004822648,0.675,1,0.8273141573584951,1.0000000000000002,1,7.984349417000004,10232,1.0619731012072533,0.0375798098072013,objective_weight,S1,Original setting,"(0.150, 0.150, 0.200, 0.250, 0.250)",0.15,0.15,0.2,0.25,0.25
9,20260709,RDHO,0.8998726704889334,0.6582060038222667,0.2416666666666667,2.833206003822267,123.1969786819626,1.7369778982217468,2.081494141464744,0.4585189896617808,0.9454807093712666,0.7583333333333333,1,0.7772485003183004,1.0000000000000002,1,7.874459999999999,10232,0.907539621912801,0.0076669514238676,objective_weight,S1,Original setting,"(0.150, 0.150, 0.200, 0.250, 0.250)",0.15,0.15,0.2,0.25,0.25
10,20260710,RDHO,1.0050386449966089,0.6883719783299422,0.3166666666666666,3.538371978329942,113.71442453112336,1.7179993629198882,1.9999360228063072,0.4303061930099098,0.9021348804980855,0.6833333333333333,1,0.867509119261818,1.0000000000000002,1,8.097397458000003,10232,1.0401511687528897,0.0351125237562808,objective_weight,S1,Original setting,"(0.150, 0.150, 0.200, 0.250, 0.250)",0.15,0.15,0.2,0.25,0.25
11,20260711,RDHO,0.7009073212620613,0.5259073212620613,0.175,2.1009073212620617,61.888668587217545,1.5408853028156062,1.878296222437872,0.5188498263820505,0.9206055638063376,0.825,1,0.8308072956000643,1.0,1,7.727854042000004,10232,0.7211710677814924,0.020263746519431,objective_weight,S1,Original setting,"(0.150, 0.150, 0.200, 0.250, 0.250)",0.15,0.15,0.2,0.25,0.25
12,20260712,RDHO,1.227377186838595,0.8107105201719285,0.4166666666666666,4.560710520171928,118.62320799981154,1.968677228523936,2.2423129445145316,0.3697487766435571,0.9367273880479274,0.5833333333333334,1,0.9208711653127412,1.0000000000000002,1,7.865518958999999,10232,1.2525048849178022,0.0251276980792072,objective_weight,S1,Original setting,"(0.150, 0.150, 0.200, 0.250, 0.250)",0.15,0.15,0.2,0.25,0.25
13,20260713,RDHO,0.908612967495084,0.6502796341617508,0.2583333333333333,2.9752796341617507,71.62782919589671,1.623058713729294,1.937113875290258,0.4644426310932727,0.9137112181547106,0.7416666666666667,1,0.7633512051862251,1.0000000000000002,1,8.123434708000005,10232,1.011788654832946,0.1031756873378618,objective_weight,S1,Original setting,"(0.150, 0.150, 0.200, 0.250, 0.250)",0.15,0.15,0.2,0.25,0.25
14,20260714,RDHO,0.9517035760858804,0.668370242752547,0.2833333333333333,3.2183702427525467,132.98035710362268,1.5610343147238277,1.8994648023566425,0.4453020890595699,0.920440484236812,0.7166666666666667,1,0.8910026630154445,1.0,1,7.963319915999989,10232,0.9876855947002184,0.0359820186143382,objective_weight,S1,Original setting,"(0.150, 0.150, 0.200, 0.250, 0.250)",0.15,0.15,0.2,0.25,0.25
15,20260715,RDHO,1.004157954999794,0.7124912883331275,0.2916666666666666,3.337491288333127,93.41649191871136,1.680918718504018,1.946016334706885,0.4198814674125798,0.9375198428391324,0.7083333333333334,1,0.7840874569528854,1.0,1,8.157607166000005,10232,1.0772736136797922,0.0731156586799981,objective_weight,S1,Original setting,"(0.150, 0.150, 0.200, 0.250, 0.250)",0.15,0.15,0.2,0.25,0.25
16,20260716,RDHO,0.9539209570091088,0.6622542903424422,0.2916666666666666,3.2872542903424415,72.57322050837479,1.731895893302109,2.0110315409615973,0.4420069900100353,0.9419988914533122,0.7083333333333334,1,0.7607597149186152,1.0000000000000002,1,7.886185334000004,10232,0.97078593804401,0.0168649810349013,objective_weight,S1,Original setting,"(0.150, 0.150, 0.200, 0.250, 0.250)",0.15,0.15,0.2,0.25,0.25
17,20260717,RDHO,1.0796669523916411,0.7296669523916414,0.35,3.8796669523916414,112.15696100770872,1.94795695764932,2.2626196506138023,0.4190657402721016,0.8967766442787752,0.65,1,0.8520104077715128,1.0000000000000002,1,8.109805041000001,10232,1.1015891002842464,0.021922147892605,objective_weight,S1,Original setting,"(0.150, 0.150, 0.200, 0.250, 0.250)",0.15,0.15,0.2,0.25,0.25
18,20260718,RDHO,0.8526816972011985,0.6276816972011985,0.2249999999999999,2.6526816972011984,105.2085612776022,1.9604579265363848,2.312485137747428,0.4688495458438041,0.9276425755227586,0.775,1,0.7860223657652284,1.0000000000000002,1,8.06915562499998,10232,0.8738909671450994,0.0212092699439009,objective_weight,S1,Original setting,"(0.150, 0.150, 0.200, 0.250, 0.250)",0.15,0.15,0.2,0.25,0.25
19,20260719,RDHO,0.9344612368818764,0.6761279035485432,0.2583333333333333,3.001127903548543,102.62208614973828,1.6723790560216418,1.9689455494313273,0.4618118941188203,0.8844702984536618,0.7416666666666667,1,0.8049322299549273,1.0000000000000002,1,8.166321415999988,10232,0.988960035829355,0.0544987989474784,objective_weight,S1,Original setting,"(0.150, 0.150, 0.200, 0.250, 0.250)",0.15,0.15,0.2,0.25,0.25
20,20260720,RDHO,0.8506510710663095,0.6089844043996429,0.2416666666666667,2.783984404399643,80.57553581852677,1.7110957568993872,2.037032673178934,0.4823406620955833,0.8962081420564082,0.7583333333333333,1,0.8194666111103562,1.0,1,7.9748448340000095,10232,0.8791176759204962,0.0284666048541866,objective_weight,S1,Original setting,"(0.150, 0.150, 0.200, 0.250, 0.250)",0.15,0.15,0.2,0.25,0.25
21,20260721,RDHO,0.982271240870291,0.6906045742036244,0.2916666666666666,3.315604574203624,110.92790390080422,1.9300258904408032,2.286536261699468,0.4257526742553282,0.9266068239212468,0.7083333333333334,1,0.8213192192737055,1.0000000000000002,1,8.082419875,10232,1.0125388609152506,0.0302676200449595,objective_weight,S1,Original setting,"(0.150, 0.150, 0.200, 0.250, 0.250)",0.15,0.15,0.2,0.25,0.25
22,20260722,RDHO,0.7667012770112257,0.550034610344559,0.2166666666666666,2.500034610344559,97.81959272248044,1.4669512704325822,1.800908828083248,0.5031635692800241,0.9475867792650676,0.7833333333333333,1,0.8172586597052255,1.0,1,7.956591666999998,10232,0.8005859713818054,0.0338846943705797,objective_weight,S1,Original setting,"(0.150, 0.150, 0.200, 0.250, 0.250)",0.15,0.15,0.2,0.25,0.25
23,20260723,RDHO,0.7619846621626397,0.5703179954959731,0.1916666666666666,2.295317995495973,76.57131708651687,1.9943670989885256,2.3798695111269352,0.494499918095325,0.9534155450735508,0.8083333333333333,1,0.7663347557166371,1.0000000000000002,1,7.9392702909999855,10232,0.8977681595035939,0.1357834973409541,objective_weight,S1,Original setting,"(0.150, 0.150, 0.200, 0.250, 0.250)",0.15,0.15,0.2,0.25,0.25
24,20260724,RDHO,0.954010287549048,0.6706769542157146,0.2833333333333333,3.2206769542157145,56.80390159386371,1.806620477863508,2.086476348573824,0.4527645619628552,0.9114708941459152,0.7166666666666667,1,0.7635685924182168,1.0,1,7.958410874999998,10232,1.029700728203245,0.0756904406541973,objective_weight,S1,Original setting,"(0.150, 0.150, 0.200, 0.250, 0.250)",0.15,0.15,0.2,0.25,0.25
25,20260725,RDHO,0.8831599788529992,0.6164933121863325,0.2666666666666667,3.016493312186333,69.77350317022176,2.137200323774766,2.5186887356024124,0.4612785356952739,0.936393581104898,0.7333333333333333,1,0.8213295557474631,1.0,1,7.721813792000006,10232,0.9749007456140424,0.0917407667610431,objective_weight,S1,Original setting,"(0.150, 0.150, 0.200, 0.250, 0.250)",0.15,0.15,0.2,0.25,0.25
26,20260726,RDHO,1.0291269854807543,0.712460318814088,0.3166666666666666,3.562460318814088,106.49129755372547,1.9988471590645105,2.338048378016654,0.4405147189981867,0.900647195989114,0.6833333333333333,1,0.7507502983084943,1.0000000000000002,1,7.951881499999985,10232,1.054698810953648,0.0255718254728933,objective_weight,S1,Original setting,"(0.150, 0.150, 0.200, 0.250, 0.250)",0.15,0.15,0.2,0.25,0.25
27,20260727,RDHO,0.8329626031917915,0.5996292698584582,0.2333333333333332,2.699629269858458,128.4179536425301,1.8476170299401615,2.215340641444795,0.4602948756405285,0.948643251583556,0.7666666666666667,1,0.7825166607155911,1.0,1,7.955824166000013,10232,0.8421509419468391,0.0091883387550476,objective_weight,S1,Original setting,"(0.150, 0.150, 0.200, 0.250, 0.250)",0.15,0.15,0.2,0.25,0.25
28,20260728,RDHO,0.9010872696235122,0.6427539362901789,0.2583333333333333,2.967753936290179,64.08356682641654,1.6036561843353605,1.9211846564096595,0.4583267126092779,0.9248434650259856,0.7416666666666667,1,0.8550099894066665,1.0000000000000002,1,7.803556000000015,10232,0.9718624555932076,0.0707751859696953,objective_weight,S1,Original setting,"(0.150, 0.150, 0.200, 0.250, 0.250)",0.15,0.15,0.2,0.25,0.25
29,20260729,RDHO,1.0372480902091166,0.7122480902091166,0.3249999999999999,3.637248090209116,128.10604458603353,1.885627038931819,2.1958522406540353,0.4111484363983468,0.8832921829706172,0.675,1,0.8976562707670034,1.0000000000000002,1,7.887755542000008,10232,1.0690991667663212,0.0318510765572046,objective_weight,S1,Original setting,"(0.150, 0.150, 0.200, 0.250, 0.250)",0.15,0.15,0.2,0.25,0.25
30,20260730,RDHO,1.0265251430305788,0.7348584763639123,0.2916666666666666,3.359858476363912,145.02176009507122,1.9497676361928344,2.272920663487537,0.4311241853461879,0.9573707105736452,0.7083333333333334,1,0.8185513792512681,1.0000000000000002,1,8.260673500000024,10232,1.052615391459991,0.0260902484294121,objective_weight,S1,Original setting,"(0.150, 0.150, 0.200, 0.250, 0.250)",0.15,0.15,0.2,0.25,0.25
1,20260701,RDHO,1.1777003392297754,0.8360336725631087,0.3416666666666667,3.911033672563109,70.75843170817714,2.1479416125407127,2.440918371933872,0.410678450650152,0.9005590049726196,0.6583333333333333,1,0.818603018652307,1.0,1,8.865626375000005,10232,1.2753395314008236,0.0976391921710482,objective_weight,S2,Equal weighting,"(0.200, 0.200, 0.200, 0.200, 0.200)",0.2,0.2,0.2,0.2,0.2
2,20260702,RDHO,1.1075071642506338,0.7491738309173005,0.3583333333333333,3.9741738309173,71.89272570448762,1.9669215489459717,2.278719799946982,0.4229868672967439,0.93289477012101,0.6416666666666667,1,0.8708275792693791,1.0,1,8.513050667000016,10232,1.1432191761915402,0.0357120119409064,objective_weight,S2,Equal weighting,"(0.200, 0.200, 0.200, 0.200, 0.200)",0.2,0.2,0.2,0.2,0.2
3,20260703,RDHO,0.8921064288817507,0.6671064288817508,0.2249999999999999,2.6921064288817504,55.83903033749931,1.6763079622701944,2.0048296279519846,0.4759917827251103,0.936393980078424,0.775,1,0.8068712312990891,1.0000000000000002,1,8.845376791999968,10232,1.0867149463044896,0.1946085174227388,objective_weight,S2,Equal weighting,"(0.200, 0.200, 0.200, 0.200, 0.200)",0.2,0.2,0.2,0.2,0.2
4,20260704,RDHO,0.8255942015314385,0.6422608681981051,0.1833333333333333,2.292260868198105,87.08387450810358,1.9393440906678512,2.2740633167111985,0.4833020762019069,0.936731988383373,0.8166666666666667,1,0.8583996905533438,1.0,1,8.656978249999952,10232,0.8530918442141812,0.0274976426827426,objective_weight,S2,Equal weighting,"(0.200, 0.200, 0.200, 0.200, 0.200)",0.2,0.2,0.2,0.2,0.2
5,20260705,RDHO,0.9992291969174182,0.7158958635840849,0.2833333333333333,3.2658958635840847,96.47179587289337,2.060702086280267,2.3997527767823064,0.4351175980489564,0.924634751562328,0.7166666666666667,1,0.8003632830023671,1.0000000000000002,1,9.01788966700002,10232,1.0488821676808382,0.04965297076342,objective_weight,S2,Equal weighting,"(0.200, 0.200, 0.200, 0.200, 0.200)",0.2,0.2,0.2,0.2,0.2
6,20260706,RDHO,1.0728531149813851,0.7645197816480518,0.3083333333333333,3.5395197816480524,93.27003757187065,1.8324392067078483,2.1507160814265696,0.4220474312610076,0.9232186337250682,0.6916666666666667,1,0.8246162716431992,1.0000000000000002,1,8.82959575000001,10232,1.10976446894308,0.0369113539616949,objective_weight,S2,Equal weighting,"(0.200, 0.200, 0.200, 0.200, 0.200)",0.2,0.2,0.2,0.2,0.2
7,20260707,RDHO,1.2150535733445476,0.8567202400112142,0.3583333333333333,4.081720240011213,77.51072283175856,2.480392277035495,2.8144262166254266,0.408779683978529,0.9054412527070812,0.6416666666666667,1,0.7901979080126784,1.0000000000000002,1,8.598989667000012,10232,1.306927102498854,0.0918735291543064,objective_weight,S2,Equal weighting,"(0.200, 0.200, 0.200, 0.200, 0.200)",0.2,0.2,0.2,0.2,0.2
8,20260708,RDHO,1.1029841262048792,0.7696507928715458,0.3333333333333333,3.769650792871546,82.87836728748394,2.069217659920696,2.3893231600018185,0.4248337935437002,0.9313674011419631,0.6666666666666666,1,0.8173557415952311,1.0000000000000002,1,8.713535875000048,10232,1.137652847252173,0.0346687210472937,objective_weight,S2,Equal weighting,"(0.200, 0.200, 0.200, 0.200, 0.200)",0.2,0.2,0.2,0.2,0.2
9,20260709,RDHO,0.9502763099503037,0.7086096432836368,0.2416666666666667,2.883609643283637,87.46478984571982,1.9380044164665096,2.2825206597095073,0.4527805360371931,0.9388793530566124,0.7583333333333333,1,0.7896824022369067,1.0,1,8.665120874999957,10232,0.9642170565653024,0.0139407466149988,objective_weight,S2,Equal weighting,"(0.200, 0.200, 0.200, 0.200, 0.200)",0.2,0.2,0.2,0.2,0.2
10,20260710,RDHO,1.0606418101985409,0.7273084768652075,0.3333333333333333,3.727308476865208,92.9169991443147,1.7235678428639871,2.0055045027504064,0.4248384982463462,0.8823737060928722,0.6666666666666666,1,0.8502817641926178,1.0,1,8.960042499999986,10232,1.1085089400251724,0.0478671298266315,objective_weight,S2,Equal weighting,"(0.200, 0.200, 0.200, 0.200, 0.200)",0.2,0.2,0.2,0.2,0.2
11,20260711,RDHO,0.744339870601895,0.569339870601895,0.175,2.1443398706018955,62.31374414380402,1.5484902913661338,1.8859012109884008,0.5187284158672366,0.9202423701942422,0.825,1,0.8591787924996728,1.0,1,8.598334958999999,10232,0.7664700041658771,0.022130133563982,objective_weight,S2,Equal weighting,"(0.200, 0.200, 0.200, 0.200, 0.200)",0.2,0.2,0.2,0.2,0.2
12,20260712,RDHO,1.3093820152884632,0.90104868195513,0.4083333333333333,4.57604868195513,116.92066619421522,1.9811390705116496,2.254774786502246,0.3728657385752442,0.927141784115238,0.5916666666666667,1,0.8845749291859377,1.0000000000000002,1,8.75341129200001,10232,1.340208006598599,0.0308259913101358,objective_weight,S2,Equal weighting,"(0.200, 0.200, 0.200, 0.200, 0.200)",0.2,0.2,0.2,0.2,0.2
13,20260713,RDHO,0.9682433079325776,0.7015766412659109,0.2666666666666667,3.101576641265911,57.56756881080121,1.6880121804000154,2.00206734196098,0.4645860555306705,0.9100709374332016,0.7333333333333333,1,0.729243379986636,1.0000000000000002,1,8.875397583000051,10232,1.1249568430499852,0.1567135351174076,objective_weight,S2,Equal weighting,"(0.200, 0.200, 0.200, 0.200, 0.200)",0.2,0.2,0.2,0.2,0.2
14,20260714,RDHO,1.0228423674662224,0.7228423674662223,0.3,3.4228423674662225,118.80244664158232,1.5843274827828868,1.9227579704157016,0.4428467254797934,0.914217041312433,0.7,1,0.8516541978439507,1.0000000000000002,1,8.852791749999994,10232,1.1448213860249692,0.1219790185587468,objective_weight,S2,Equal weighting,"(0.200, 0.200, 0.200, 0.200, 0.200)",0.2,0.2,0.2,0.2,0.2
15,20260715,RDHO,1.0669572929067992,0.7919572929067991,0.275,3.266957292906799,91.3132435899017,1.716895651950055,1.9819932681529215,0.420746912404205,0.9392002945625212,0.725,1,0.7852000367642277,1.0000000000000002,1,9.043547708000006,10232,1.1492210468671806,0.0822637539603814,objective_weight,S2,Equal weighting,"(0.200, 0.200, 0.200, 0.200, 0.200)",0.2,0.2,0.2,0.2,0.2
16,20260716,RDHO,1.0214860714677003,0.7131527381343672,0.3083333333333333,3.4881527381343673,69.80248290918554,1.7264979687452031,2.0056336164046917,0.442587232072291,0.942425023715161,0.6916666666666667,1,0.7710091836912496,1.0000000000000002,1,8.910722458999999,10232,1.0226835413553172,0.0011974698876167,objective_weight,S2,Equal weighting,"(0.200, 0.200, 0.200, 0.200, 0.200)",0.2,0.2,0.2,0.2,0.2
17,20260717,RDHO,1.147442880030023,0.8057762133633561,0.3416666666666667,3.880776213363356,107.53553129227984,1.9916725718822752,2.306335264846758,0.4199547362707974,0.8999054438856963,0.6583333333333333,1,0.8461257715825756,1.0,1,9.018155332999982,10232,1.1837573011442473,0.0363144211142243,objective_weight,S2,Equal weighting,"(0.200, 0.200, 0.200, 0.200, 0.200)",0.2,0.2,0.2,0.2,0.2
18,20260718,RDHO,0.8968990133907905,0.6802323467241238,0.2166666666666666,2.630232346724124,105.38136844603984,1.9573747160601576,2.3094019272712005,0.4665010227856476,0.923837220615877,0.7833333333333333,1,0.797292978198139,1.0000000000000002,1,8.93167570899999,10232,0.9157220009691812,0.0188229875783906,objective_weight,S2,Equal weighting,"(0.200, 0.200, 0.200, 0.200, 0.200)",0.2,0.2,0.2,0.2,0.2
19,20260719,RDHO,1.005490750215552,0.7388240835488852,0.2666666666666667,3.1388240835488856,105.19781029423469,1.5973812954750777,1.8939477888847631,0.4587955100449258,0.8844693339982415,0.7333333333333333,1,0.7921975970419265,1.0,1,9.121344375000035,10232,1.0276542174859364,0.0221634672703845,objective_weight,S2,Equal weighting,"(0.200, 0.200, 0.200, 0.200, 0.200)",0.2,0.2,0.2,0.2,0.2
20,20260720,RDHO,0.9059315440453296,0.6642648773786629,0.2416666666666667,2.839264877378663,74.79781280557411,1.7622118872819872,2.0881488035615345,0.4818539814353448,0.8918939995575482,0.7583333333333333,1,0.7836003366701925,1.0,1,8.858288000000016,10232,0.9460947987843332,0.0401632547390037,objective_weight,S2,Equal weighting,"(0.200, 0.200, 0.200, 0.200, 0.200)",0.2,0.2,0.2,0.2,0.2
21,20260721,RDHO,1.0546484289431055,0.7629817622764392,0.2916666666666666,3.3879817622764388,101.75378815825816,1.9967675126500353,2.3532778839087003,0.4250585641368504,0.9266802999973384,0.7083333333333334,1,0.780687829165742,1.0,1,9.088393666999991,10232,1.071753430020268,0.0171050010771622,objective_weight,S2,Equal weighting,"(0.200, 0.200, 0.200, 0.200, 0.200)",0.2,0.2,0.2,0.2,0.2
22,20260722,RDHO,0.818806745289733,0.593806745289733,0.2249999999999999,2.618806745289733,87.1190072615057,1.5344098826256165,1.8683674402762815,0.5021171147689386,0.94562690664522,0.775,1,0.8022588784720296,1.0,1,8.49486354100003,10232,0.8504450571702836,0.0316383118805506,objective_weight,S2,Equal weighting,"(0.200, 0.200, 0.200, 0.200, 0.200)",0.2,0.2,0.2,0.2,0.2
23,20260723,RDHO,0.8135731784769641,0.6052398451436307,0.2083333333333333,2.480239845143631,69.9066379862494,2.0595645349832408,2.44506694712165,0.4916782182431936,0.9534274253667018,0.7916666666666666,1,0.7483369443522494,1.0000000000000002,1,7.943387125000015,10232,1.0797479568263273,0.2661747783493632,objective_weight,S2,Equal weighting,"(0.200, 0.200, 0.200, 0.200, 0.200)",0.2,0.2,0.2,0.2,0.2
24,20260724,RDHO,1.0156468386905306,0.7323135053571974,0.2833333333333333,3.2823135053571972,48.276979941975064,1.8610215344443983,2.140877405154715,0.4524499005010151,0.90859966799761,0.7166666666666667,1,0.7693037644781977,1.0000000000000002,1,8.047431750000044,10232,1.0837804358844334,0.0681335971939027,objective_weight,S2,Equal weighting,"(0.200, 0.200, 0.200, 0.200, 0.200)",0.2,0.2,0.2,0.2,0.2
25,20260725,RDHO,0.948241307216568,0.6899079738832348,0.2583333333333333,3.0149079738832345,74.30802148546208,2.116403043567142,2.497891455394788,0.4599663799902258,0.9363776291864744,0.7416666666666667,1,0.8262292154006019,1.0000000000000002,1,7.895741874999999,10232,1.0005841994067168,0.0523428921901487,objective_weight,S2,Equal weighting,"(0.200, 0.200, 0.200, 0.200, 0.200)",0.2,0.2,0.2,0.2,0.2
26,20260726,RDHO,1.0874915143036397,0.7791581809703063,0.3083333333333333,3.5541581809703064,105.60371330283256,2.0047110548106413,2.343912273762785,0.4405068534227869,0.902067761224138,0.6916666666666667,1,0.7449315402584992,1.0,1,7.916824125000005,10232,1.1082702990217044,0.0207787847180647,objective_weight,S2,Equal weighting,"(0.200, 0.200, 0.200, 0.200, 0.200)",0.2,0.2,0.2,0.2,0.2
27,20260727,RDHO,0.8954437170283861,0.6621103836950528,0.2333333333333332,2.7621103836950525,131.1242381521034,1.8671917626737815,2.2349153741784145,0.4590008223119827,0.949590774848498,0.7666666666666667,1,0.7818374680589814,1.0,1,7.981216542000027,10232,0.901517669285291,0.0060739522569048,objective_weight,S2,Equal weighting,"(0.200, 0.200, 0.200, 0.200, 0.200)",0.2,0.2,0.2,0.2,0.2
28,20260728,RDHO,0.961237382706752,0.6945707160400852,0.2666666666666667,3.0945707160400855,64.8369688590536,1.6075353456953796,1.9250638177696793,0.4576047151282824,0.923378805911694,0.7333333333333333,1,0.8363005619607801,1.0000000000000002,1,7.882237583000005,10232,1.0148448238540522,0.0536074411473002,objective_weight,S2,Equal weighting,"(0.200, 0.200, 0.200, 0.200, 0.200)",0.2,0.2,0.2,0.2,0.2
29,20260729,RDHO,1.0935301291306323,0.7768634624639658,0.3166666666666666,3.6268634624639655,119.47415558031356,1.8690981684010772,2.1793233701232935,0.4127134214616723,0.882636165570879,0.6833333333333333,1,0.8849114075469945,1.0,1,8.028042833999962,10232,1.161676661692066,0.0681465325614336,objective_weight,S2,Equal weighting,"(0.200, 0.200, 0.200, 0.200, 0.200)",0.2,0.2,0.2,0.2,0.2
30,20260730,RDHO,1.0999383938489276,0.7582717271822608,0.3416666666666667,3.833271727182261,96.22145051111627,2.1126025054757127,2.435755532770415,0.4239684544008435,0.9339663659601242,0.6583333333333333,1,0.7899417732527638,1.0,1,8.10126091699999,10232,1.1267138469142015,0.0267754530652741,objective_weight,S2,Equal weighting,"(0.200, 0.200, 0.200, 0.200, 0.200)",0.2,0.2,0.2,0.2,0.2
1,20260701,RDHO,1.251006057306312,0.8843393906396452,0.3666666666666667,4.1843393906396456,65.22808215276049,2.113790127679412,2.4067668870725707,0.4047882759851403,0.8928598817226727,0.6333333333333333,1,0.784084211708382,1.0,1,7.987431000000015,10232,1.354633068647455,0.103627011341143,objective_weight,S3,Energy-delay priority,"(0.250, 0.250, 0.200, 0.150, 0.150)",0.25,0.25,0.2,0.15,0.15
2,20260702,RDHO,1.1564188795541832,0.8147522128875164,0.3416666666666667,3.8897522128875166,68.3219820395708,2.028461756382682,2.340260007383693,0.4226772581551147,0.93415108383682,0.6583333333333333,1,0.8529301573301126,1.0,1,7.882113458999981,10232,1.1939798338861558,0.0375609543319725,objective_weight,S3,Energy-delay priority,"(0.250, 0.250, 0.200, 0.150, 0.150)",0.25,0.25,0.2,0.15,0.15
3,20260703,RDHO,0.953665998473192,0.7119993318065253,0.2416666666666667,2.8869993318065257,51.7564273847962,1.740835268859804,2.0693569345415943,0.4758120926599837,0.9375341055796872,0.7583333333333333,1,0.8092381852899264,1.0,1,7.903644374999999,10232,1.0052510364152385,0.0515850379420462,objective_weight,S3,Energy-delay priority,"(0.250, 0.250, 0.200, 0.150, 0.150)",0.25,0.25,0.2,0.15,0.15
4,20260704,RDHO,0.8748721397862129,0.6832054731195463,0.1916666666666666,2.408205473119546,82.80138562219562,1.9080806025178887,2.2427998285612354,0.4830876313862543,0.9379797049090788,0.8083333333333333,1,0.8313417602221382,1.0,1,7.773365166000076,10232,0.9031798783656828,0.02830773857947,objective_weight,S3,Energy-delay priority,"(0.250, 0.250, 0.200, 0.150, 0.150)",0.25,0.25,0.2,0.15,0.15
5,20260705,RDHO,1.0460377074309324,0.7793710407642657,0.2666666666666667,3.179371040764266,94.48110545215806,2.0361796770667153,2.3752303675687543,0.4370701366159835,0.9271671116281496,0.7333333333333333,1,0.8039299793558781,1.0000000000000002,1,8.064179875000036,10232,1.1393777110602636,0.0933400036293312,objective_weight,S3,Energy-delay priority,"(0.250, 0.250, 0.200, 0.150, 0.150)",0.25,0.25,0.2,0.15,0.15
6,20260706,RDHO,1.1262466355929155,0.8179133022595825,0.3083333333333333,3.592913302259583,95.50805693709682,1.761008082146099,2.07928495686482,0.4208481404333708,0.9234905988192108,0.6916666666666667,1,0.8196907262039972,1.0000000000000002,1,7.872469749999936,10232,1.1605871367557292,0.0343405011628135,objective_weight,S3,Energy-delay priority,"(0.250, 0.250, 0.200, 0.150, 0.150)",0.25,0.25,0.2,0.15,0.15
7,20260707,RDHO,1.2884506664903017,0.9301173331569682,0.3583333333333333,4.1551173331569675,77.5060148377085,2.4740571600849295,2.808091099674862,0.4092995828574414,0.9067051592795488,0.6416666666666667,1,0.7893036185854939,1.0000000000000002,1,7.803138999999987,10232,1.373274622640193,0.0848239561498915,objective_weight,S3,Energy-delay priority,"(0.250, 0.250, 0.200, 0.150, 0.150)",0.25,0.25,0.2,0.15,0.15
8,20260708,RDHO,1.1640879844988898,0.822421317832223,0.3416666666666667,3.8974213178322232,84.02909026567684,2.058661846672543,2.378767346753665,0.4235254360471583,0.9289066852272284,0.6583333333333333,1,0.8160263023210204,1.0000000000000002,1,8.050744542000075,10232,1.2052759523514098,0.0411879678525199,objective_weight,S3,Energy-delay priority,"(0.250, 0.250, 0.200, 0.150, 0.150)",0.25,0.25,0.2,0.15,0.15
9,20260709,RDHO,1.0065791341624175,0.764912467495751,0.2416666666666667,2.939912467495751,71.59337539109671,1.9964165304233212,2.3409327736663195,0.4558929796871591,0.9375584405492112,0.7583333333333333,1,0.7520585566508124,1.0000000000000002,1,7.804059041999949,10232,1.0136230302745697,0.0070438961121517,objective_weight,S3,Energy-delay priority,"(0.250, 0.250, 0.200, 0.150, 0.150)",0.25,0.25,0.2,0.15,0.15
10,20260710,RDHO,1.1253648573808643,0.792031524047531,0.3333333333333333,3.7920315240475313,92.39614454400284,1.7617695741942203,2.04370623408064,0.4247658978342014,0.8820577638072549,0.6666666666666666,1,0.8240760124095109,1.0,1,8.141406207999921,10232,1.1671248462401131,0.0417599888592488,objective_weight,S3,Energy-delay priority,"(0.250, 0.250, 0.200, 0.150, 0.150)",0.25,0.25,0.2,0.15,0.15
11,20260711,RDHO,0.7831031680283276,0.6081031680283275,0.175,2.183103168028328,58.14667859563153,1.568630653841088,1.9060415734633545,0.5176852706757223,0.9193721077193672,0.825,1,0.8420296218050489,1.0,1,7.743692624999994,10232,0.8086235398229774,0.0255203717946498,objective_weight,S3,Energy-delay priority,"(0.250, 0.250, 0.200, 0.150, 0.150)",0.25,0.25,0.2,0.15,0.15
12,20260712,RDHO,1.3919525492522342,0.9752858825855676,0.4166666666666666,4.725285882585567,104.04660924276432,1.99965292810669,2.2732886440972857,0.3718075466173115,0.9180358211725934,0.5833333333333334,1,0.8687357268025038,1.0000000000000002,1,7.898290959000064,10232,1.4548043425221002,0.062851793269866,objective_weight,S3,Energy-delay priority,"(0.250, 0.250, 0.200, 0.150, 0.150)",0.25,0.25,0.2,0.15,0.15
13,20260713,RDHO,1.0268446525766768,0.7685113192433434,0.2583333333333333,3.093511319243343,53.96256524957171,1.6895434929080193,2.003598654468983,0.4700997885901835,0.912924379110258,0.7416666666666667,1,0.7404828194861233,1.0000000000000002,1,8.185224457999993,10232,1.1516191081660074,0.1247744555893306,objective_weight,S3,Energy-delay priority,"(0.250, 0.250, 0.200, 0.150, 0.150)",0.25,0.25,0.2,0.15,0.15
14,20260714,RDHO,1.0817110170821702,0.773377683748837,0.3083333333333333,3.5483776837488374,111.26380681219308,1.6120761013856275,1.9505065890184423,0.4440054428924436,0.9092760901476562,0.6916666666666667,1,0.8413221708081311,1.0,1,8.03547279199995,10232,1.2810140224159152,0.199303005333745,objective_weight,S3,Energy-delay priority,"(0.250, 0.250, 0.200, 0.150, 0.150)",0.25,0.25,0.2,0.15,0.15
15,20260715,RDHO,1.1357375314107423,0.8524041980774089,0.2833333333333333,3.4024041980774085,92.87793660588731,1.6896526641822578,1.9547502803851249,0.4189188838677464,0.938516459316624,0.7166666666666667,1,0.789949957971905,1.0000000000000002,1,8.172975165999901,10232,1.2155750289794196,0.0798374975686773,objective_weight,S3,Energy-delay priority,"(0.250, 0.250, 0.200, 0.150, 0.150)",0.25,0.25,0.2,0.15,0.15
16,20260716,RDHO,1.0687299088971096,0.7687299088971096,0.3,3.4687299088971097,68.14742048421732,1.7530810671401198,2.0322167147996084,0.4425102169153215,0.9435396131713316,0.7,1,0.7386196065808406,1.0000000000000002,1,8.030820791999986,10232,1.0929724335219269,0.0242425246248172,objective_weight,S3,Energy-delay priority,"(0.250, 0.250, 0.200, 0.150, 0.150)",0.25,0.25,0.2,0.15,0.15
17,20260717,RDHO,1.2128621725328,0.8795288391994667,0.3333333333333333,3.879528839199467,92.46369740177008,2.0901457511986217,2.404808444163105,0.4204447798562316,0.8951169703346379,0.6666666666666666,1,0.8366069093762412,1.0000000000000002,1,8.150279666000074,10232,1.2580814211276432,0.0452192485948432,objective_weight,S3,Energy-delay priority,"(0.250, 0.250, 0.200, 0.150, 0.150)",0.25,0.25,0.2,0.15,0.15
18,20260718,RDHO,0.9567576751944228,0.7234243418610895,0.2333333333333332,2.823424341861089,105.15675109404124,1.9045490610453255,2.2565762722563685,0.4649411538748204,0.9243634501547,0.7666666666666667,1,0.7800528051945385,1.0000000000000002,1,8.197721749999914,10232,0.979089806425508,0.0223321312310851,objective_weight,S3,Energy-delay priority,"(0.250, 0.250, 0.200, 0.150, 0.150)",0.25,0.25,0.2,0.15,0.15
19,20260719,RDHO,1.072536929456211,0.8058702627895444,0.2666666666666667,3.205870262789545,90.42600920124416,1.7510650179885308,2.047631511398216,0.4600527480947847,0.8807657089965487,0.7333333333333333,1,0.7569296635153949,1.0000000000000002,1,8.150089583999943,10232,1.2061610855641474,0.1336241561079363,objective_weight,S3,Energy-delay priority,"(0.250, 0.250, 0.200, 0.150, 0.150)",0.25,0.25,0.2,0.15,0.15
20,20260720,RDHO,0.9530793230298912,0.6947459896965579,0.2583333333333333,3.0197459896965575,72.64258688067959,1.7601594571303536,2.0860963734099007,0.4825667285948471,0.8926673108364631,0.7416666666666667,1,0.760511934868548,1.0,1,8.01066400000002,10232,0.9860592031861424,0.0329798801562513,objective_weight,S3,Energy-delay priority,"(0.250, 0.250, 0.200, 0.150, 0.150)",0.25,0.25,0.2,0.15,0.15
21,20260721,RDHO,1.1190401309262157,0.8273734642595489,0.2916666666666666,3.4523734642595487,100.1078889677105,1.9969811930943009,2.3534915643529666,0.4241021108593639,0.9261178041313244,0.7083333333333334,1,0.7758563329914832,1.0000000000000002,1,8.042929125,10232,1.1425792650957245,0.0235391341695088,objective_weight,S3,Energy-delay priority,"(0.250, 0.250, 0.200, 0.150, 0.150)",0.25,0.25,0.2,0.15,0.15
22,20260722,RDHO,0.8607640943340807,0.6274307610007475,0.2333333333333332,2.727430761000747,67.90302743879035,1.574957688230485,1.9089152458811505,0.5040182205396991,0.9445470348183346,0.7666666666666667,1,0.7611729364503916,1.0,1,8.020439500000066,10232,0.8861795129425746,0.0254154186084938,objective_weight,S3,Energy-delay priority,"(0.250, 0.250, 0.200, 0.150, 0.150)",0.25,0.25,0.2,0.15,0.15
23,20260723,RDHO,0.8607563633479883,0.6440896966813217,0.2166666666666666,2.594089696681322,67.64115276754099,2.03276160368972,2.4182640158281297,0.4959444345574501,0.9544454547748538,0.7833333333333333,1,0.7433473801645458,1.0000000000000002,1,7.949437333999981,10232,1.121102139920815,0.2603457765728266,objective_weight,S3,Energy-delay priority,"(0.250, 0.250, 0.200, 0.150, 0.150)",0.25,0.25,0.2,0.15,0.15
24,20260724,RDHO,1.0650394338694773,0.7900394338694773,0.275,3.2650394338694775,46.97184204010138,1.8875421624063435,2.1673980331166596,0.4532288777911925,0.909152736455073,0.725,1,0.7599525131346442,1.0000000000000002,1,7.443874124999979,10232,1.173765794458608,0.1087263605891306,objective_weight,S3,Energy-delay priority,"(0.250, 0.250, 0.200, 0.150, 0.150)",0.25,0.25,0.2,0.15,0.15
25,20260725,RDHO,0.996677497077733,0.7300108304110663,0.2666666666666667,3.1300108304110665,70.12349953443099,2.123405306335522,2.504893718163168,0.460436322676631,0.9366789939636366,0.7333333333333333,1,0.8194672319711844,1.0,1,6.741629832999934,10232,1.0842442182122118,0.0875667211344788,objective_weight,S3,Energy-delay priority,"(0.250, 0.250, 0.200, 0.150, 0.150)",0.25,0.25,0.2,0.15,0.15
26,20260726,RDHO,1.1514356442134943,0.818102310880161,0.3333333333333333,3.8181023108801617,81.94372037153735,2.1209796444097675,2.4601808633619107,0.4368073177820493,0.894045584710444,0.6666666666666666,1,0.7190180318299665,1.0000000000000002,1,6.973721082999987,10232,1.1599550366957936,0.0085193924822992,objective_weight,S3,Energy-delay priority,"(0.250, 0.250, 0.200, 0.150, 0.150)",0.25,0.25,0.2,0.15,0.15
27,20260727,RDHO,0.9501012942924046,0.7251012942924047,0.2249999999999999,2.750101294292405,126.69664098173806,1.9338419398101123,2.301565551314746,0.4621071160408566,0.9469344880253144,0.775,1,0.7761632786509921,1.0000000000000002,1,7.034079333000022,10232,0.9650383430205888,0.014937048728184,objective_weight,S3,Energy-delay priority,"(0.250, 0.250, 0.200, 0.150, 0.150)",0.25,0.25,0.2,0.15,0.15
28,20260728,RDHO,1.015297296813911,0.7486306301472438,0.2666666666666667,3.1486306301472444,66.23221750117712,1.5916806432254966,1.9092091152997963,0.4572377140269556,0.9235755806013646,0.7333333333333333,1,0.8367257120346318,1.0000000000000002,1,6.949270875000025,10232,1.0707647374401734,0.0554674406262627,objective_weight,S3,Energy-delay priority,"(0.250, 0.250, 0.200, 0.150, 0.150)",0.25,0.25,0.2,0.15,0.15
29,20260729,RDHO,1.1947643291508987,0.8697643291508986,0.3249999999999999,3.7947643291508983,120.67588431841986,1.948978451718272,2.259203653440488,0.4086453942445737,0.8709973642381867,0.675,1,0.8698704188699379,1.0,1,7.011854582999945,10232,1.264019620370873,0.0692552912199742,objective_weight,S3,Energy-delay priority,"(0.250, 0.250, 0.200, 0.150, 0.150)",0.25,0.25,0.2,0.15,0.15
30,20260730,RDHO,1.1821549633595954,0.8404882966929288,0.3416666666666667,3.9154882966929287,89.33016245028986,2.157325587575623,2.480478614870325,0.4232063216945635,0.9284059584202182,0.6583333333333333,1,0.7649993458592419,1.0000000000000002,1,7.111880250000013,10232,1.198533766383071,0.0163788030234757,objective_weight,S3,Energy-delay priority,"(0.250, 0.250, 0.200, 0.150, 0.150)",0.25,0.25,0.2,0.15,0.15
1,20260701,RDHO,0.9720279739348544,0.6470279739348543,0.3249999999999999,3.572027973934854,83.42809358251603,2.119815686489433,2.4127924458825927,0.4117049792258844,0.9044451023963216,0.675,1,0.8382937250891835,1.0,1,7.026010167000095,10232,1.0671254333292022,0.0950974593943478,objective_weight,S4,QoE-fairness priority,"(0.100, 0.100, 0.150, 0.325, 0.325)",0.1,0.1,0.15,0.325,0.325
2,20260702,RDHO,0.9199610333226024,0.5949610333226025,0.3249999999999999,3.5199610333226024,93.31641997872217,1.9765632923773824,2.288361543378393,0.4291670944844667,0.946513782554199,0.675,1,0.8671707618660323,1.0,1,6.878756000000067,10232,0.9495675739603888,0.0296065406377864,objective_weight,S4,QoE-fairness priority,"(0.100, 0.100, 0.150, 0.325, 0.325)",0.1,0.1,0.15,0.325,0.325
3,20260703,RDHO,0.7589210994308374,0.5255877660975041,0.2333333333333332,2.625587766097504,67.50148477613968,1.6446044147290997,1.9731260804108903,0.4826490594346182,0.951174182344684,0.7666666666666667,1,0.8036569201300371,1.0,1,6.8835553750000145,10232,0.8310148584529488,0.0720937590221113,objective_weight,S4,QoE-fairness priority,"(0.100, 0.100, 0.150, 0.325, 0.325)",0.1,0.1,0.15,0.325,0.325
4,20260704,RDHO,0.6982285945747467,0.5065619279080801,0.1916666666666666,2.23156192790808,92.74649434658342,1.9586434331548663,2.2933626591982135,0.4843186447398451,0.9366860916117442,0.8083333333333333,1,0.8569945232102727,1.0000000000000002,1,6.766620167000042,10232,0.7156237801146468,0.0173951855399,objective_weight,S4,QoE-fairness priority,"(0.100, 0.100, 0.150, 0.325, 0.325)",0.1,0.1,0.15,0.325,0.325
5,20260705,RDHO,0.8290757837203396,0.5707424503870063,0.2583333333333333,2.895742450387006,114.97051622282086,1.994440810041715,2.3334915005437535,0.4377873524822286,0.9353870991279498,0.7416666666666667,1,0.8446642589687414,1.0000000000000002,1,6.9957904169999665,10232,0.8954339435210633,0.0663581598007236,objective_weight,S4,QoE-fairness priority,"(0.100, 0.100, 0.150, 0.325, 0.325)",0.1,0.1,0.15,0.325,0.325
6,20260706,RDHO,0.8838994748502977,0.6005661415169644,0.2833333333333333,3.1505661415169643,103.94231175675152,1.8427142700164487,2.1609911447351697,0.4241870635305402,0.932505508265584,0.7166666666666667,1,0.8460797930417052,1.0000000000000002,1,6.779874249999921,10232,0.9398314096767648,0.0559319348264669,objective_weight,S4,QoE-fairness priority,"(0.100, 0.100, 0.150, 0.325, 0.325)",0.1,0.1,0.15,0.325,0.325
7,20260707,RDHO,1.0356093096860892,0.6772759763527559,0.3583333333333333,3.902275976352755,101.50298950895883,2.5806970662105373,2.914731005800469,0.4034997713620438,0.9130960942436802,0.6416666666666667,1,0.8205758811487655,1.0000000000000002,1,6.802585625000006,10232,1.0836469844265777,0.0480376747404884,objective_weight,S4,QoE-fairness priority,"(0.100, 0.100, 0.150, 0.325, 0.325)",0.1,0.1,0.15,0.325,0.325
8,20260708,RDHO,0.9118350974503072,0.5868350974503073,0.3249999999999999,3.511835097450307,83.58517089318515,2.066385605392351,2.386491105473474,0.4260263241834875,0.9474778567825942,0.675,1,0.7628227244387832,1.0000000000000002,1,6.977261917000078,10232,0.9440605228035605,0.0322254253532531,objective_weight,S4,QoE-fairness priority,"(0.100, 0.100, 0.150, 0.325, 0.325)",0.1,0.1,0.15,0.325,0.325
9,20260709,RDHO,0.7796162666056347,0.5546162666056347,0.2249999999999999,2.5796162666056346,124.4689593107002,1.7266354874940304,2.0711517307370277,0.4584707317959344,0.9483167100867984,0.775,1,0.7736317982893524,1.0000000000000002,1,6.897529874999918,10232,0.8003051673497104,0.0206889007440757,objective_weight,S4,QoE-fairness priority,"(0.100, 0.100, 0.150, 0.325, 0.325)",0.1,0.1,0.15,0.325,0.325
10,20260710,RDHO,0.8901411735820938,0.5818078402487604,0.3083333333333333,3.3568078402487607,161.31769982814103,1.5455748112971155,1.827511471183535,0.4265134008580268,0.9196690923850424,0.6916666666666667,1,0.9214839813832684,1.0,1,6.97819129100003,10232,0.9263024418010104,0.0361612682189165,objective_weight,S4,QoE-fairness priority,"(0.100, 0.100, 0.150, 0.325, 0.325)",0.1,0.1,0.15,0.325,0.325
11,20260711,RDHO,0.628850270391704,0.4621836037250374,0.1666666666666666,1.962183603725037,72.36771809540016,1.571740449231125,1.9091513688533912,0.5231754312297898,0.9323117376402464,0.8333333333333334,1,0.8583483530069366,1.0,1,6.739249875000041,10232,0.6392119420537608,0.0103616716620567,objective_weight,S4,QoE-fairness priority,"(0.100, 0.100, 0.150, 0.325, 0.325)",0.1,0.1,0.15,0.325,0.325
12,20260712,RDHO,1.0909455297083754,0.6992788630417088,0.3916666666666667,4.224278863041709,133.8597418007034,1.9532641006363172,2.2268998166269127,0.375091379517094,0.9460188491930108,0.6083333333333333,1,0.9245248133979904,1.0000000000000002,1,6.897047124999972,10232,1.1165480296784285,0.025602499970053,objective_weight,S4,QoE-fairness priority,"(0.100, 0.100, 0.150, 0.325, 0.325)",0.1,0.1,0.15,0.325,0.325
13,20260713,RDHO,0.8088005354140215,0.5504672020806882,0.2583333333333333,2.8754672020806877,69.39266500190675,1.621621576348248,1.9356767379092124,0.4643136011077551,0.9174725663462856,0.7416666666666667,1,0.7426426099225482,1.0000000000000002,1,7.120731040999999,10232,0.9295460736213804,0.1207455382073587,objective_weight,S4,QoE-fairness priority,"(0.100, 0.100, 0.150, 0.325, 0.325)",0.1,0.1,0.15,0.325,0.325
14,20260714,RDHO,0.836716934554175,0.5617169345541749,0.275,3.036716934554175,129.78081355552715,1.5593610130728528,1.8977915007056676,0.4447188404544294,0.922584491580143,0.725,1,0.8872436131412171,1.0000000000000002,1,6.912495165999985,10232,0.9165327498573386,0.0798158153031636,objective_weight,S4,QoE-fairness priority,"(0.100, 0.100, 0.150, 0.325, 0.325)",0.1,0.1,0.15,0.325,0.325
15,20260715,RDHO,0.8790250170134225,0.6123583503467558,0.2666666666666667,3.012358350346756,97.20200683386057,1.7110596717811255,1.9761572879839928,0.4191355567564583,0.939162350704994,0.7333333333333333,1,0.7944995183479127,1.0,1,6.944422165999981,10232,0.9061505450920104,0.027125528078588,objective_weight,S4,QoE-fairness priority,"(0.100, 0.100, 0.150, 0.325, 0.325)",0.1,0.1,0.15,0.325,0.325
16,20260716,RDHO,0.8425678935891837,0.5675678935891837,0.275,3.042567893589184,99.93456139393123,1.670584822841375,1.9497204705008635,0.4395013976651424,0.9466452494777606,0.725,1,0.7952296438988995,1.0000000000000002,1,6.97291462499993,10232,0.8548928182860972,0.0123249246969134,objective_weight,S4,QoE-fairness priority,"(0.100, 0.100, 0.150, 0.325, 0.325)",0.1,0.1,0.15,0.325,0.325
17,20260717,RDHO,0.971325530144138,0.6213255301441382,0.35,3.771325530144138,126.88120509446026,1.8678118223126383,2.182474515277121,0.4181348797937323,0.9145953557978972,0.65,1,0.9166294939735206,1.0000000000000002,1,7.028706333000059,10232,1.0568059837908563,0.0854804536467181,objective_weight,S4,QoE-fairness priority,"(0.100, 0.100, 0.150, 0.325, 0.325)",0.1,0.1,0.15,0.325,0.325
18,20260718,RDHO,0.749904480723101,0.549904480723101,0.1999999999999999,2.349904480723101,128.6186518783599,2.009528969891627,2.36155618110267,0.4674583411956874,0.9279390972023494,0.8,1,0.7815431910257207,1.0000000000000002,1,6.992503332999945,10232,0.7686164838210152,0.0187120030979142,objective_weight,S4,QoE-fairness priority,"(0.100, 0.100, 0.150, 0.325, 0.325)",0.1,0.1,0.15,0.325,0.325
19,20260719,RDHO,0.8301397576158278,0.5801397576158278,0.25,2.830139757615828,108.60762831292102,1.7466318311496238,2.0431983245593095,0.4596700771049611,0.8917521492954461,0.75,1,0.8076432497913856,1.0,1,7.043401457999948,10232,0.8463677105739981,0.0162279529581702,objective_weight,S4,QoE-fairness priority,"(0.100, 0.100, 0.150, 0.325, 0.325)",0.1,0.1,0.15,0.325,0.325
20,20260720,RDHO,0.7633282539068609,0.5216615872401942,0.2416666666666667,2.6966615872401944,84.75244225648069,1.6834943254875026,2.0094312417670492,0.4806388234185719,0.9036006439100795,0.7583333333333333,1,0.8615796755643217,1.0,1,6.876606166999977,10232,0.7863788648600518,0.0230506109531909,objective_weight,S4,QoE-fairness priority,"(0.100, 0.100, 0.150, 0.325, 0.325)",0.1,0.1,0.15,0.325,0.325
21,20260721,RDHO,0.8657207849956267,0.5907207849956266,0.275,3.0657207849956265,110.36960683081244,1.9415544895858432,2.2980648608445087,0.4277095417907678,0.9292439325487912,0.725,1,0.8094597676438815,1.0000000000000002,1,7.030826792000084,10232,0.9091055110937902,0.0433847260981635,objective_weight,S4,QoE-fairness priority,"(0.100, 0.100, 0.150, 0.325, 0.325)",0.1,0.1,0.15,0.325,0.325
22,20260722,RDHO,0.688484061592301,0.4718173949256343,0.2166666666666666,2.4218173949256343,98.80202521136988,1.487779384565527,1.821736942216192,0.5023746443210586,0.9488110489640156,0.7833333333333333,1,0.8531595761084652,1.0,1,6.974466542000073,10232,0.7152448266012483,0.0267607650089473,objective_weight,S4,QoE-fairness priority,"(0.100, 0.100, 0.150, 0.325, 0.325)",0.1,0.1,0.15,0.325,0.325
23,20260723,RDHO,0.6768312949625521,0.4851646282958855,0.1916666666666666,2.2101646282958853,75.72315206523666,2.0346398312093803,2.42014224334779,0.4952942665122128,0.954767334343408,0.8083333333333333,1,0.7762956288666886,1.0000000000000002,1,7.011512874999994,10232,0.8822445917113275,0.2054132967487754,objective_weight,S4,QoE-fairness priority,"(0.100, 0.100, 0.150, 0.325, 0.325)",0.1,0.1,0.15,0.325,0.325
24,20260724,RDHO,0.8573940735656491,0.5823940735656491,0.275,3.057394073565649,67.41314644540633,1.828429477222548,2.1082853479328643,0.4542242733942827,0.9121366938682276,0.725,1,0.8159185164151527,1.0000000000000002,1,6.96766608300004,10232,0.9282167384626564,0.0708226648970071,objective_weight,S4,QoE-fairness priority,"(0.100, 0.100, 0.150, 0.325, 0.325)",0.1,0.1,0.15,0.325,0.325
25,20260725,RDHO,0.7952347943438063,0.5452347943438063,0.25,2.7952347943438065,91.45444943426396,2.1345080611105205,2.5159964729381668,0.4659357612260543,0.9427490280714071,0.75,1,0.803326232851591,1.0000000000000002,1,6.825535124999988,10232,0.8238756657319619,0.0286408713881556,objective_weight,S4,QoE-fairness priority,"(0.100, 0.100, 0.150, 0.325, 0.325)",0.1,0.1,0.15,0.325,0.325
26,20260726,RDHO,0.9052275586910736,0.6052275586910737,0.3,3.3052275586910738,101.05305547111242,2.0544122821890665,2.3936135011412096,0.4388119817112373,0.9128215719320992,0.7,1,0.7998484151313818,1.0000000000000002,1,6.917274042000031,10232,0.9256197408647078,0.020392182173634,objective_weight,S4,QoE-fairness priority,"(0.100, 0.100, 0.150, 0.325, 0.325)",0.1,0.1,0.15,0.325,0.325
27,20260727,RDHO,0.7316379069922084,0.5149712403255418,0.2166666666666666,2.464971240325542,129.36913879929853,1.9162122404077864,2.2839358519124193,0.4614641193328256,0.9503611854464438,0.7833333333333333,1,0.7829931362216294,1.0000000000000002,1,6.947991749999915,10232,0.7392766101605399,0.0076387031683314,objective_weight,S4,QoE-fairness priority,"(0.100, 0.100, 0.150, 0.325, 0.325)",0.1,0.1,0.15,0.325,0.325
28,20260728,RDHO,0.808935374663311,0.558935374663311,0.25,2.808935374663311,67.17677208938454,1.577613817073767,1.8951422891480667,0.4531373606071765,0.928564831633213,0.75,1,0.8690618937708686,1.0000000000000002,1,6.821256542000015,10232,0.8430641970975853,0.0341288224342742,objective_weight,S4,QoE-fairness priority,"(0.100, 0.100, 0.150, 0.325, 0.325)",0.1,0.1,0.15,0.325,0.325
29,20260729,RDHO,0.9135780496748206,0.621911383008154,0.2916666666666666,3.2469113830081535,134.15744832061287,1.9404865927702415,2.250711794492458,0.4137479270086322,0.8852291897019761,0.7083333333333334,1,0.8868992587418257,1.0000000000000002,1,7.040951082999982,10232,0.9923113564659546,0.078733306791134,objective_weight,S4,QoE-fairness priority,"(0.100, 0.100, 0.150, 0.325, 0.325)",0.1,0.1,0.15,0.325,0.325
30,20260730,RDHO,0.9133385569304447,0.6050052235971115,0.3083333333333333,3.380005223597112,145.1674794634421,1.946638716839844,2.2697917441345465,0.4260009938432657,0.9577425309626664,0.6916666666666667,1,0.7961769488692426,1.0000000000000002,1,7.061974666000083,10232,0.9238393405767468,0.0105007836463018,objective_weight,S4,QoE-fairness priority,"(0.100, 0.100, 0.150, 0.325, 0.325)",0.1,0.1,0.15,0.325,0.325
1,20260701,RDHO,1.1778807544154462,0.8362140877487794,0.3416666666666667,3.911214087748779,89.93789123045622,1.956735157060192,2.249711916453351,0.4113253170168826,0.90748122003345,0.6583333333333333,1,0.8777140718994733,1.0,1,6.833727000000067,10232,1.2898147645760254,0.1119340101605792,objective_weight,S5,AoI-freshness priority,"(0.125, 0.125, 0.350, 0.200, 0.200)",0.125,0.125,0.35,0.2,0.2
2,20260702,RDHO,1.1149689687749804,0.7899689687749805,0.3249999999999999,3.71496896877498,103.7366468412823,1.8982379675467524,2.2100362185477627,0.4266165744512735,0.944587907325096,0.675,1,0.9024178915099704,1.0000000000000002,1,6.7499537500000315,10232,1.1376480064616592,0.0226790376866787,objective_weight,S5,AoI-freshness priority,"(0.125, 0.125, 0.350, 0.200, 0.200)",0.125,0.125,0.35,0.2,0.2
3,20260703,RDHO,0.9744513228814724,0.7077846562148056,0.2666666666666667,3.1077846562148057,63.53436975440484,1.6676321229627906,1.996153788644581,0.4716363719866833,0.940561255329303,0.7333333333333333,1,0.8180663245068309,1.0000000000000002,1,6.643755208000016,10232,1.1912071648028988,0.2167558419214265,objective_weight,S5,AoI-freshness priority,"(0.125, 0.125, 0.350, 0.200, 0.200)",0.125,0.125,0.35,0.2,0.2
4,20260704,RDHO,0.8482958723257921,0.6566292056591254,0.1916666666666666,2.3816292056591255,95.14282002164838,1.8537039777668096,2.188423203810157,0.4841976317155466,0.9364484223654062,0.8083333333333333,1,0.868991084332441,1.0,1,6.489888791999988,10232,0.8646328756940733,0.0163370033682812,objective_weight,S5,AoI-freshness priority,"(0.125, 0.125, 0.350, 0.200, 0.200)",0.125,0.125,0.35,0.2,0.2
5,20260705,RDHO,1.0215078680083662,0.738174534675033,0.2833333333333333,3.288174534675033,118.54325348061508,1.8659845369982613,2.2050352275003005,0.4338822806651212,0.92982457637967,0.7166666666666667,1,0.883021615548517,1.0000000000000002,1,6.740711415999954,10232,1.099095464225674,0.0775875962173078,objective_weight,S5,AoI-freshness priority,"(0.125, 0.125, 0.350, 0.200, 0.200)",0.125,0.125,0.35,0.2,0.2
6,20260706,RDHO,1.1042764548398405,0.7959431215065073,0.3083333333333333,3.5709431215065077,102.0182491307396,1.7885382402591348,2.106815114977856,0.4199562574361364,0.9267173936322336,0.6916666666666667,1,0.8583018395065792,1.0000000000000002,1,6.550130207999928,10232,1.1279827938626257,0.0237063390227849,objective_weight,S5,AoI-freshness priority,"(0.125, 0.125, 0.350, 0.200, 0.200)",0.125,0.125,0.35,0.2,0.2
7,20260707,RDHO,1.2898968981917676,0.9065635648584344,0.3833333333333333,4.356563564858434,85.61735848271495,2.379851460160416,2.7138853997503483,0.40385748257991,0.9058290818059098,0.6166666666666667,1,0.8672500307183565,1.0000000000000002,1,6.517447166000011,10232,1.3342972081930828,0.0444003100013152,objective_weight,S5,AoI-freshness priority,"(0.125, 0.125, 0.350, 0.200, 0.200)",0.125,0.125,0.35,0.2,0.2
8,20260708,RDHO,1.1255340406591374,0.7838673739924709,0.3416666666666667,3.858867373992471,84.68850803299185,2.0012580862486855,2.321363586329808,0.4269325581036675,0.9317629078356252,0.6583333333333333,1,0.8403287952631976,1.0,1,6.716757332999919,10232,1.1664637359667602,0.0409296953076228,objective_weight,S5,AoI-freshness priority,"(0.125, 0.125, 0.350, 0.200, 0.200)",0.125,0.125,0.35,0.2,0.2
9,20260709,RDHO,0.9856972193917012,0.7440305527250345,0.2416666666666667,2.919030552725035,129.43083958976246,1.7014934249403872,2.046009668183385,0.4578138598468565,0.9470187191904164,0.7583333333333333,1,0.8374744650081648,1.0,1,6.632025624999983,10232,1.0045238942303996,0.0188266748386983,objective_weight,S5,AoI-freshness priority,"(0.125, 0.125, 0.350, 0.200, 0.200)",0.125,0.125,0.35,0.2,0.2
10,20260710,RDHO,1.0575391152443152,0.749205781910982,0.3083333333333333,3.5242057819109824,164.71456436022052,1.506209096420167,1.7881457563065866,0.432303524497777,0.9123811818986334,0.6916666666666667,1,0.92006875090342,1.0000000000000002,1,6.769854624999994,10232,1.1032311852871668,0.0456920700428515,objective_weight,S5,AoI-freshness priority,"(0.125, 0.125, 0.350, 0.200, 0.200)",0.125,0.125,0.35,0.2,0.2
11,20260711,RDHO,0.7637712074295341,0.588771207429534,0.175,2.1637712074295345,91.12096323497268,1.3388487385731682,1.6762596581954348,0.5217446815436745,0.9234972695485724,0.825,1,0.9247338509125612,1.0000000000000002,1,6.518660124999997,10232,0.780088141096441,0.0163169336669068,objective_weight,S5,AoI-freshness priority,"(0.125, 0.125, 0.350, 0.200, 0.200)",0.125,0.125,0.35,0.2,0.2
12,20260712,RDHO,1.343290690545856,0.9349573572125226,0.4083333333333333,4.609957357212522,139.6609757649567,1.9472426715591835,2.220878387549779,0.3740361391454828,0.9318072635170712,0.5916666666666667,1,0.9171600935124062,1.0000000000000002,1,6.624902665999912,10232,1.3779820072720734,0.0346913167262175,objective_weight,S5,AoI-freshness priority,"(0.125, 0.125, 0.350, 0.200, 0.200)",0.125,0.125,0.35,0.2,0.2
13,20260713,RDHO,0.9985541236519724,0.7318874569853057,0.2666666666666667,3.131887456985306,85.64512459609054,1.5414131136885083,1.8554682752494729,0.4640953813185657,0.9136704896322112,0.7333333333333333,1,0.7923345152669662,1.0000000000000002,1,6.809862041000088,10232,1.1533738776399245,0.1548197539879521,objective_weight,S5,AoI-freshness priority,"(0.125, 0.125, 0.350, 0.200, 0.200)",0.125,0.125,0.35,0.2,0.2
14,20260714,RDHO,1.02313195700851,0.7397986236751768,0.2833333333333333,3.2897986236751766,134.37935487078732,1.5469241986019766,1.8853546862347912,0.4429020141187891,0.9191445110937188,0.7166666666666667,1,0.9089013352465042,1.0000000000000002,1,6.677027749999979,10232,1.2073900434460936,0.1842580864375835,objective_weight,S5,AoI-freshness priority,"(0.125, 0.125, 0.350, 0.200, 0.200)",0.125,0.125,0.35,0.2,0.2
15,20260715,RDHO,1.085761138357766,0.7940944716910994,0.2916666666666666,3.419094471691099,100.12131245434294,1.6187816070808148,1.883879223283682,0.422927109616278,0.9406064816167292,0.7083333333333334,1,0.8288795478625187,1.0000000000000002,1,6.862809666999965,10232,1.1493664631733762,0.0636053248156103,objective_weight,S5,AoI-freshness priority,"(0.125, 0.125, 0.350, 0.200, 0.200)",0.125,0.125,0.35,0.2,0.2
16,20260716,RDHO,1.0543242136048394,0.7709908802715062,0.2833333333333333,3.320990880271506,96.51031513018845,1.6618232609624908,1.940958908621979,0.4425805724485372,0.9426527651303348,0.7166666666666667,1,0.782511772975793,1.0,1,6.670389124999929,10232,1.0642469003789778,0.0099226867741384,objective_weight,S5,AoI-freshness priority,"(0.125, 0.125, 0.350, 0.200, 0.200)",0.125,0.125,0.35,0.2,0.2
17,20260717,RDHO,1.169430428873445,0.8194304288734449,0.35,3.9694304288734448,120.63466114498902,1.8724709359066576,2.18713362887114,0.4190113361818581,0.8955549933951323,0.65,1,0.890629096565132,1.0000000000000002,1,6.780225499999915,10232,1.2243074355253074,0.0548770066518624,objective_weight,S5,AoI-freshness priority,"(0.125, 0.125, 0.350, 0.200, 0.200)",0.125,0.125,0.35,0.2,0.2
18,20260718,RDHO,0.9272557912273892,0.6855891245607224,0.2416666666666667,2.8605891245607227,114.49899009715696,1.8201148199645745,2.172142031175617,0.4644523562120712,0.9241839663761016,0.7583333333333333,1,0.8266810077934251,1.0,1,6.71522016699987,10232,0.9479655122178356,0.0207097209904464,objective_weight,S5,AoI-freshness priority,"(0.125, 0.125, 0.350, 0.200, 0.200)",0.125,0.125,0.35,0.2,0.2
19,20260719,RDHO,1.0181320250566126,0.7681320250566126,0.25,3.0181320250566124,112.0104933669679,1.6235833678182736,1.9201498612279593,0.4658404302258849,0.8957909803663646,0.75,1,0.8279054293520807,1.0,1,6.903902499999958,10232,1.06006185400929,0.0419298289526774,objective_weight,S5,AoI-freshness priority,"(0.125, 0.125, 0.350, 0.200, 0.200)",0.125,0.125,0.35,0.2,0.2
20,20260720,RDHO,0.9224075228459488,0.6890741895126156,0.2333333333333332,2.789074189512615,83.68813123289027,1.727707347263216,2.0536442635427634,0.481693970309411,0.8973007158196104,0.7666666666666667,1,0.8493744864379341,1.0000000000000002,1,6.6899697090000245,10232,0.953105435668953,0.0306979128230041,objective_weight,S5,AoI-freshness priority,"(0.125, 0.125, 0.350, 0.200, 0.200)",0.125,0.125,0.35,0.2,0.2
21,20260721,RDHO,1.0724241894687168,0.7724241894687167,0.3,3.472424189468717,115.88832624375956,1.901697035789644,2.25820740704831,0.4271303156136616,0.9276129062120094,0.7,1,0.8347346826004969,1.0000000000000002,1,6.782703874999925,10232,1.1190438728291623,0.0466196833604455,objective_weight,S5,AoI-freshness priority,"(0.125, 0.125, 0.350, 0.200, 0.200)",0.125,0.125,0.35,0.2,0.2
22,20260722,RDHO,0.8405191402339489,0.6321858069006155,0.2083333333333333,2.507185806900616,111.61611432526408,1.450983136512777,1.784940694163442,0.4969089225676287,0.9392621116985688,0.7916666666666666,1,0.8647876703168947,1.0,1,6.6665655839999545,10232,0.8782254914801608,0.0377063512462119,objective_weight,S5,AoI-freshness priority,"(0.125, 0.125, 0.350, 0.200, 0.200)",0.125,0.125,0.35,0.2,0.2
23,20260723,RDHO,0.8384918501879811,0.6468251835213145,0.1916666666666666,2.3718251835213144,79.00645620171801,1.9895005450877343,2.375002957226144,0.4982567438025829,0.954871524171616,0.8083333333333333,1,0.7990881309124228,1.0000000000000002,1,6.647340041999996,10232,1.000025014633925,0.1615331644459435,objective_weight,S5,AoI-freshness priority,"(0.125, 0.125, 0.350, 0.200, 0.200)",0.125,0.125,0.35,0.2,0.2
24,20260724,RDHO,1.0520270098966429,0.7686936765633096,0.2833333333333333,3.3186936765633095,55.844657137300736,1.8328002300280184,2.1126561007383344,0.4518670158497732,0.9132848517683232,0.7166666666666667,1,0.8132730913261091,1.0000000000000002,1,6.625386459000083,10232,1.115072444630898,0.063045434734255,objective_weight,S5,AoI-freshness priority,"(0.125, 0.125, 0.350, 0.200, 0.200)",0.125,0.125,0.35,0.2,0.2
25,20260725,RDHO,0.9813716196329662,0.6980382862996328,0.2833333333333333,3.2480382862996326,78.56015902607663,2.0664257647247952,2.447914176552442,0.4586629072549996,0.9363013756662286,0.7166666666666667,1,0.839274889528878,1.0,1,6.505325416999995,10232,1.0919481939787932,0.110576574345827,objective_weight,S5,AoI-freshness priority,"(0.125, 0.125, 0.350, 0.200, 0.200)",0.125,0.125,0.35,0.2,0.2
26,20260726,RDHO,1.1053109519564566,0.7969776186231233,0.3083333333333333,3.571977618623124,112.87043249743256,1.9147132921439105,2.253914511096054,0.4428247379817689,0.9071455098423352,0.6916666666666667,1,0.8120470600806414,1.0000000000000002,1,6.659490458999926,10232,1.137395424132455,0.0320844721759985,objective_weight,S5,AoI-freshness priority,"(0.125, 0.125, 0.350, 0.200, 0.200)",0.125,0.125,0.35,0.2,0.2
27,20260727,RDHO,0.8934703663259527,0.6601370329926194,0.2333333333333332,2.760137032992619,151.00170704641397,1.7220623121812246,2.089785923685857,0.4619239358045126,0.9503073704378844,0.7666666666666667,1,0.8236682724385689,1.0000000000000002,1,6.649609916999907,10232,0.922980971637169,0.0295106053112162,objective_weight,S5,AoI-freshness priority,"(0.125, 0.125, 0.350, 0.200, 0.200)",0.125,0.125,0.35,0.2,0.2
28,20260728,RDHO,0.9957006770036556,0.7373673436703222,0.2583333333333333,3.062367343670322,83.75107667833134,1.4699523737038924,1.7874808457781923,0.4526870231319692,0.9254650160246588,0.7416666666666667,1,0.8993231467790679,1.0000000000000002,1,6.496065208000118,10232,1.0599944039612448,0.0642937269575892,objective_weight,S5,AoI-freshness priority,"(0.125, 0.125, 0.350, 0.200, 0.200)",0.125,0.125,0.35,0.2,0.2
29,20260729,RDHO,1.1004991108068245,0.7588324441401576,0.3416666666666667,3.8338324441401577,126.10846914511154,1.746254817066529,2.056480018788745,0.4133564882298829,0.8799863989553687,0.6583333333333333,1,0.9205904444761832,1.0000000000000002,1,6.6852021249999325,10232,1.1635896380906114,0.0630905272837871,objective_weight,S5,AoI-freshness priority,"(0.125, 0.125, 0.350, 0.200, 0.200)",0.125,0.125,0.35,0.2,0.2
30,20260730,RDHO,1.1188118149592206,0.8104784816258872,0.3083333333333333,3.585478481625888,139.70525645256686,1.9098087936648296,2.232961820959532,0.4269579107441861,0.95815863623362,0.6916666666666667,1,0.8027359797229474,1.0000000000000002,1,6.793259665999813,10232,1.1376764192701816,0.018864604310961,objective_weight,S5,AoI-freshness priority,"(0.125, 0.125, 0.350, 0.200, 0.200)",0.125,0.125,0.35,0.2,0.2
1,20260701,RDHO,1.4827896752785887,1.1077896752785887,0.375,4.482789675278589,75.15570401102683,1.996713870669211,2.28969063006237,0.4057112147664248,0.8950215587121884,0.625,1,0.8425318469574957,1.0000000000000002,1,6.556847084,10232,1.6197091424442605,0.1369194671656717,objective_weight,S6,Physical terms only (E+D+A),"(0.300, 0.300, 0.400, 0.000, 0.000)",0.3,0.3,0.4,0.0,0.0
2,20260702,RDHO,1.3869523586601202,1.0202856919934535,0.3666666666666667,4.320285691993454,87.92040528685014,1.8383843818884489,2.1501826328894595,0.4227049040707153,0.9327882501302804,0.6333333333333333,1,0.8839840307400515,1.0000000000000002,1,6.489445249999999,10232,1.4374856461850554,0.0505332875249351,objective_weight,S6,Physical terms only (E+D+A),"(0.300, 0.300, 0.400, 0.000, 0.000)",0.3,0.3,0.4,0.0,0.0
3,20260703,RDHO,1.1532569315374006,0.911590264870734,0.2416666666666667,3.0865902648707344,59.84514962761623,1.6184569656429466,1.9469786313247373,0.4736811003120242,0.9343201693319296,0.7583333333333333,1,0.8224250665389742,1.0,1,6.430425208000001,10232,1.3384910349375516,0.185234103400151,objective_weight,S6,Physical terms only (E+D+A),"(0.300, 0.300, 0.400, 0.000, 0.000)",0.3,0.3,0.4,0.0,0.0
4,20260704,RDHO,1.0524712357754584,0.8608045691087918,0.1916666666666666,2.5858045691087916,85.8291143110605,1.876074361949518,2.210793587992865,0.4800116281385814,0.936554518302159,0.8083333333333333,1,0.8487775314414981,1.0000000000000002,1,6.318442333999997,10232,1.0745129753009848,0.0220417395255263,objective_weight,S6,Physical terms only (E+D+A),"(0.300, 0.300, 0.400, 0.000, 0.000)",0.3,0.3,0.4,0.0,0.0
5,20260705,RDHO,1.2641837407475824,0.9641837407475824,0.3,3.6641837407475824,94.94097821242022,1.916630806887745,2.255681497389784,0.4345072606095888,0.9233422906089908,0.7,1,0.8196221853384509,1.0000000000000002,1,6.597298542000001,10232,1.3301409556074673,0.0659572148598848,objective_weight,S6,Physical terms only (E+D+A),"(0.300, 0.300, 0.400, 0.000, 0.000)",0.3,0.3,0.4,0.0,0.0
6,20260706,RDHO,1.3661596959905444,1.0494930293238778,0.3166666666666666,3.899493029323877,94.00416737417206,1.8170816611711864,2.1353585358899076,0.4203011601661834,0.92465267096212,0.6833333333333333,1,0.8228366801161903,1.0000000000000002,1,6.558777458999998,10232,1.388449198727319,0.0222895027367748,objective_weight,S6,Physical terms only (E+D+A),"(0.300, 0.300, 0.400, 0.000, 0.000)",0.3,0.3,0.4,0.0,0.0
7,20260707,RDHO,1.5934908339883305,1.1934908339883306,0.4,4.793490833988331,76.55581105626341,2.3727963071622655,2.706830246752197,0.4046958445471142,0.8963824166132912,0.6,1,0.8463252569011983,1.0000000000000002,1,6.665123667000003,10232,1.6386559968903702,0.0451651629020397,objective_weight,S6,Physical terms only (E+D+A),"(0.300, 0.300, 0.400, 0.000, 0.000)",0.3,0.3,0.4,0.0,0.0
8,20260708,RDHO,1.3678736413619204,1.0178736413619205,0.35,4.16787364136192,80.19075442200477,2.00506291441617,2.3251684144972926,0.4238823131315608,0.9286392477850726,0.65,1,0.8250293623091293,1.0000000000000002,1,6.777450375000001,10232,1.4079863037999305,0.0401126624380101,objective_weight,S6,Physical terms only (E+D+A),"(0.300, 0.300, 0.400, 0.000, 0.000)",0.3,0.3,0.4,0.0,0.0
9,20260709,RDHO,1.230346189335754,0.9720128560024208,0.2583333333333333,3.297012856002421,81.9726958514364,1.9121945696132052,2.256710812856203,0.4542224239128358,0.9366028652678332,0.7416666666666667,1,0.7942682548089819,1.0000000000000002,1,6.628576458000005,10232,1.263987104407799,0.0336409150720449,objective_weight,S6,Physical terms only (E+D+A),"(0.300, 0.300, 0.400, 0.000, 0.000)",0.3,0.3,0.4,0.0,0.0
10,20260710,RDHO,1.339424303077227,0.989424303077227,0.35,4.139424303077227,112.85186283272064,1.5760382111865792,1.8579748710729984,0.4262460859982458,0.8825057907254498,0.65,1,0.8718336188911355,1.0,1,6.919507374999995,10232,1.3896995206318483,0.0502752175546215,objective_weight,S6,Physical terms only (E+D+A),"(0.300, 0.300, 0.400, 0.000, 0.000)",0.3,0.3,0.4,0.0,0.0
11,20260711,RDHO,0.9439443692947582,0.7606110359614249,0.1833333333333333,2.4106110359614252,65.65576375915055,1.4925335319037851,1.8299444515260517,0.5163292220417144,0.9177591115641114,0.8166666666666667,1,0.8729371752145716,1.0,1,6.636202041999994,10232,0.968216662772276,0.0242722934775179,objective_weight,S6,Physical terms only (E+D+A),"(0.300, 0.300, 0.400, 0.000, 0.000)",0.3,0.3,0.4,0.0,0.0
12,20260712,RDHO,1.6884916773135574,1.255158343980224,0.4333333333333333,5.155158343980224,106.96025385599695,1.9664992261017773,2.240134942092373,0.3701261308061767,0.9155775729620876,0.5666666666666667,1,0.8430958284409791,1.0000000000000002,1,6.757565166999996,10232,1.73360680649898,0.0451151291854226,objective_weight,S6,Physical terms only (E+D+A),"(0.300, 0.300, 0.400, 0.000, 0.000)",0.3,0.3,0.4,0.0,0.0
13,20260713,RDHO,1.2442491088488583,0.9692491088488582,0.275,3.444249108848858,60.21646855790978,1.6185382103270505,1.932593371888015,0.467782817980274,0.9123312538085308,0.725,1,0.7812572267504624,1.0000000000000002,1,7.02522429199999,10232,1.3610860618756515,0.1168369530267932,objective_weight,S6,Physical terms only (E+D+A),"(0.300, 0.300, 0.400, 0.000, 0.000)",0.3,0.3,0.4,0.0,0.0
14,20260714,RDHO,1.283446225540596,0.9751128922072628,0.3083333333333333,3.7501128922072633,113.48717434452116,1.569746080375948,1.9081765680087628,0.4402900812864703,0.9062475361368194,0.6916666666666667,1,0.8574411553481318,1.0000000000000002,1,6.766295917000008,10232,1.3160897331368469,0.0326435075962507,objective_weight,S6,Physical terms only (E+D+A),"(0.300, 0.300, 0.400, 0.000, 0.000)",0.3,0.3,0.4,0.0,0.0
15,20260715,RDHO,1.3782823162518227,1.0782823162518227,0.3,3.778282316251823,93.11141720866556,1.6066015044171114,1.8716991206199785,0.4213183165474145,0.9326190606283804,0.7,1,0.8009719979680531,1.0000000000000002,1,6.982449417000012,10232,1.4548003014278,0.0765179851759771,objective_weight,S6,Physical terms only (E+D+A),"(0.300, 0.300, 0.400, 0.000, 0.000)",0.3,0.3,0.4,0.0,0.0
16,20260716,RDHO,1.2834754410205351,0.975142107687202,0.3083333333333333,3.750142107687202,70.74823094617898,1.6323654225161408,1.9115010701756296,0.4445852489021458,0.9429216123194558,0.6916666666666667,1,0.7597089304884175,1.0000000000000002,1,6.8574375830000065,10232,1.3406352241267925,0.0571597831062569,objective_weight,S6,Physical terms only (E+D+A),"(0.300, 0.300, 0.400, 0.000, 0.000)",0.3,0.3,0.4,0.0,0.0
17,20260717,RDHO,1.469130761207695,1.1107974278743615,0.3583333333333333,4.335797427874361,109.73235819539926,1.9316278956287831,2.246290588593266,0.4178544534437133,0.8933325506412122,0.6416666666666667,1,0.8917537339644886,1.0000000000000002,1,7.0006090830000005,10232,1.5297237701831523,0.0605930089754576,objective_weight,S6,Physical terms only (E+D+A),"(0.300, 0.300, 0.400, 0.000, 0.000)",0.3,0.3,0.4,0.0,0.0
18,20260718,RDHO,1.142161108117731,0.892161108117731,0.25,3.142161108117731,110.523663449717,1.7935619464876296,2.145589157698672,0.4640276239375815,0.9204131996503778,0.75,1,0.8125007761558339,1.0000000000000002,1,6.906433667000002,10232,1.1806196300477445,0.0384585219300133,objective_weight,S6,Physical terms only (E+D+A),"(0.300, 0.300, 0.400, 0.000, 0.000)",0.3,0.3,0.4,0.0,0.0
19,20260719,RDHO,1.303269780250707,0.9949364469173736,0.3083333333333333,3.7699364469173737,100.06329051334852,1.5715855794856248,1.8681520728953105,0.4606540067945702,0.8801563003311249,0.6916666666666667,1,0.8108509318097847,1.0000000000000002,1,6.985192375000011,10232,1.3965674772760648,0.0932976970253578,objective_weight,S6,Physical terms only (E+D+A),"(0.300, 0.300, 0.400, 0.000, 0.000)",0.3,0.3,0.4,0.0,0.0
20,20260720,RDHO,1.1476337121868232,0.8809670455201566,0.2666666666666667,3.280967045520157,80.2995739577922,1.7426314267552327,2.06856834303478,0.4813934860062007,0.8922105140910215,0.7333333333333333,1,0.8130474610256203,1.0,1,6.964358875000016,10232,1.1628124846517478,0.0151787724649246,objective_weight,S6,Physical terms only (E+D+A),"(0.300, 0.300, 0.400, 0.000, 0.000)",0.3,0.3,0.4,0.0,0.0
21,20260721,RDHO,1.3478420034493244,1.014508670115991,0.3333333333333333,4.014508670115991,97.22001170823192,1.9469897700001744,2.30350014125884,0.4223997770056484,0.9234908434487558,0.6666666666666666,1,0.8160107596709365,1.0000000000000002,1,6.954831082999988,10232,1.3988806031054453,0.0510385996561209,objective_weight,S6,Physical terms only (E+D+A),"(0.300, 0.300, 0.400, 0.000, 0.000)",0.3,0.3,0.4,0.0,0.0
22,20260722,RDHO,1.039638438087083,0.7979717714204162,0.2416666666666667,2.9729717714204167,78.81491544839416,1.5130516368200266,1.8470091944706923,0.5029623676917182,0.9451675557826746,0.7583333333333333,1,0.7990590818678833,1.0000000000000002,1,6.9286955000000034,10232,1.0697398926734836,0.0301014545864006,objective_weight,S6,Physical terms only (E+D+A),"(0.300, 0.300, 0.400, 0.000, 0.000)",0.3,0.3,0.4,0.0,0.0
23,20260723,RDHO,1.0419569308977017,0.8252902642310347,0.2166666666666666,2.775290264231035,73.46020440752045,1.9596876347952503,2.34519004693366,0.494519826869821,0.9536912910137416,0.7833333333333333,1,0.7695720039003298,1.0000000000000002,1,6.8322552499999745,10232,1.3013600462753334,0.2594031153776319,objective_weight,S6,Physical terms only (E+D+A),"(0.300, 0.300, 0.400, 0.000, 0.000)",0.3,0.3,0.4,0.0,0.0
24,20260724,RDHO,1.304664758008431,1.0129980913417644,0.2916666666666666,3.637998091341764,47.7347035633948,1.8417550389845376,2.1216109096948537,0.4506729277153009,0.9075241694933144,0.7083333333333334,1,0.7630251363813606,1.0,1,6.883530917000002,10232,1.3977128062226174,0.0930480482141864,objective_weight,S6,Physical terms only (E+D+A),"(0.300, 0.300, 0.400, 0.000, 0.000)",0.3,0.3,0.4,0.0,0.0
25,20260725,RDHO,1.200914099299094,0.9259140992990936,0.275,3.4009140992990936,73.49928433719235,2.1371675259284935,2.51865593775614,0.4582300306384036,0.9364693239050668,0.725,1,0.8282311888887799,1.0,1,6.720365541000007,10232,1.3018503699912234,0.1009362706921295,objective_weight,S6,Physical terms only (E+D+A),"(0.300, 0.300, 0.400, 0.000, 0.000)",0.3,0.3,0.4,0.0,0.0
26,20260726,RDHO,1.4017922055663117,1.060125538899645,0.3416666666666667,4.135125538899645,119.42717856321764,1.9022713809530436,2.2414725999051868,0.4356802643386711,0.8962400533305531,0.6583333333333333,1,0.7849315167661736,1.0000000000000002,1,6.815234416999999,10232,1.4252847469456031,0.0234925413792916,objective_weight,S6,Physical terms only (E+D+A),"(0.300, 0.300, 0.400, 0.000, 0.000)",0.3,0.3,0.4,0.0,0.0
27,20260727,RDHO,1.1337244142261145,0.8920577475594476,0.2416666666666667,3.067057747559448,135.23119911118633,1.7937765283995233,2.161500139904156,0.4609196947774017,0.9471252648288404,0.7583333333333333,1,0.7988206395466462,1.0000000000000002,1,6.892216875000003,10232,1.153921108512375,0.0201966942862608,objective_weight,S6,Physical terms only (E+D+A),"(0.300, 0.300, 0.400, 0.000, 0.000)",0.3,0.3,0.4,0.0,0.0
28,20260728,RDHO,1.2294543621500562,0.954454362150056,0.275,3.4294543621500564,69.34502683805717,1.5850832566313906,1.9026117287056905,0.4506640554069444,0.9200454944886182,0.725,1,0.8859717002932203,1.0000000000000002,1,6.682222959000001,10232,1.2728299267703995,0.0433755646203433,objective_weight,S6,Physical terms only (E+D+A),"(0.300, 0.300, 0.400, 0.000, 0.000)",0.3,0.3,0.4,0.0,0.0
29,20260729,RDHO,1.3624547186784977,1.0207880520118309,0.3416666666666667,4.095788052011831,113.60666920332804,1.7812737308923772,2.0914989326145936,0.4110225503695878,0.8728690619958278,0.6583333333333333,1,0.8931652948939647,1.0,1,6.907202417000008,10232,1.5643511482157728,0.2018964295372751,objective_weight,S6,Physical terms only (E+D+A),"(0.300, 0.300, 0.400, 0.000, 0.000)",0.3,0.3,0.4,0.0,0.0
30,20260730,RDHO,1.3959177101839018,1.045917710183902,0.35,4.195917710183902,97.24123775339837,2.0683472564097607,2.3915002837044623,0.4242905509157113,0.9285015604655406,0.65,1,0.8075834180703473,1.0000000000000002,1,7.074045250000012,10232,1.4511805344705049,0.0552628242866028,objective_weight,S6,Physical terms only (E+D+A),"(0.300, 0.300, 0.400, 0.000, 0.000)",0.3,0.3,0.4,0.0,0.0
1,20260701,RDHO,1.3053303192027603,0.9719969858694272,0.3333333333333333,3.971996985869428,84.16713330669711,2.0244959729738663,2.3174727323670257,0.408739712169556,0.904250271321874,0.6666666666666666,1,0.8470822448226158,1.0000000000000002,1,6.90775662499999,10232,1.414656169036126,0.1093258498333655,objective_weight,S7,Physical terms and aggregate QoE (E+D+A+Q),"(0.200, 0.200, 0.250, 0.350, 0.000)",0.2,0.2,0.25,0.35,0.0
2,20260702,RDHO,1.240928114423174,0.8825947810898407,0.3583333333333333,4.1075947810898406,76.72902655755296,1.9474176369533616,2.2592158879543724,0.421786818409143,0.9322316831606252,0.6416666666666667,1,0.85523662866392,1.0000000000000002,1,6.766441708000002,10232,1.262994874375908,0.0220667599527342,objective_weight,S7,Physical terms and aggregate QoE (E+D+A+Q),"(0.200, 0.200, 0.250, 0.350, 0.000)",0.2,0.2,0.25,0.35,0.0
3,20260703,RDHO,1.0109617322491666,0.7692950655824998,0.2416666666666667,2.9442950655825,59.10834179944456,1.606235346832155,1.9347570125139455,0.4749562301978309,0.9347961316083356,0.7583333333333333,1,0.8175289438298847,1.0,1,6.884114082999986,10232,1.0382614017419989,0.0272996694928322,objective_weight,S7,Physical terms and aggregate QoE (E+D+A+Q),"(0.200, 0.200, 0.250, 0.350, 0.000)",0.2,0.2,0.25,0.35,0.0
4,20260704,RDHO,0.941279102395572,0.741279102395572,0.1999999999999999,2.5412791023955714,84.31167465335989,1.87847780682057,2.213197032863917,0.4829590808677532,0.9359013460601996,0.8,1,0.8491241354053369,1.0,1,6.6481549589999815,10232,0.9867456751278436,0.0454665727322716,objective_weight,S7,Physical terms and aggregate QoE (E+D+A+Q),"(0.200, 0.200, 0.250, 0.350, 0.000)",0.2,0.2,0.25,0.35,0.0
5,20260705,RDHO,1.1187119340297296,0.8270452673630629,0.2916666666666666,3.4520452673630624,94.92875342583244,1.92737478270035,2.2664254732023883,0.4352930523074632,0.9219310808227676,0.7083333333333334,1,0.8218630343192517,1.0000000000000002,1,6.951346167000025,10232,1.2216662023436875,0.1029542683139579,objective_weight,S7,Physical terms and aggregate QoE (E+D+A+Q),"(0.200, 0.200, 0.250, 0.350, 0.000)",0.2,0.2,0.25,0.35,0.0
6,20260706,RDHO,1.190327375282064,0.890327375282064,0.3,3.5903273752820644,96.56589376482174,1.800480438879188,2.1187573135979085,0.4204649693983283,0.9245785938552944,0.7,1,0.8241761186899007,1.0000000000000002,1,6.802866458000011,10232,1.236030312247067,0.045702936965003,objective_weight,S7,Physical terms and aggregate QoE (E+D+A+Q),"(0.200, 0.200, 0.250, 0.350, 0.000)",0.2,0.2,0.25,0.35,0.0
7,20260707,RDHO,1.3621032810266258,0.9871032810266258,0.375,4.362103281026625,79.90221478218939,2.439721421993825,2.773755361583757,0.4081924223284926,0.9026379341265588,0.625,1,0.8062738030205349,1.0000000000000002,1,6.682505333000023,10232,1.460149633983738,0.098046352957112,objective_weight,S7,Physical terms and aggregate QoE (E+D+A+Q),"(0.200, 0.200, 0.250, 0.350, 0.000)",0.2,0.2,0.25,0.35,0.0
8,20260708,RDHO,1.2301460667477988,0.8884794000811322,0.3416666666666667,3.963479400081132,82.15352518068707,2.0445567385182684,2.364662238599391,0.4259236522027216,0.9295329117583964,0.6583333333333333,1,0.8131007003772265,1.0000000000000002,1,6.886035666999987,10232,1.2863425301394078,0.056196463391609,objective_weight,S7,Physical terms and aggregate QoE (E+D+A+Q),"(0.200, 0.200, 0.250, 0.350, 0.000)",0.2,0.2,0.25,0.35,0.0
9,20260709,RDHO,1.0924990788728226,0.8341657455394894,0.2583333333333333,3.159165745539489,86.91200027932219,1.911491742610329,2.2560079858533264,0.4527473366969361,0.9364670870059248,0.7416666666666667,1,0.7928330634780288,1.0,1,6.758847458000048,10232,1.1082163947848025,0.0157173159119798,objective_weight,S7,Physical terms and aggregate QoE (E+D+A+Q),"(0.200, 0.200, 0.250, 0.350, 0.000)",0.2,0.2,0.25,0.35,0.0
10,20260710,RDHO,1.1848457883800525,0.8515124550467191,0.3333333333333333,3.851512455046719,92.59924746602208,1.7239424205628695,2.005879080449289,0.4250154352732298,0.8829899933319184,0.6666666666666666,1,0.8525361912149968,1.0000000000000002,1,6.961872833999962,10232,1.221987830956428,0.0371420425763755,objective_weight,S7,Physical terms and aggregate QoE (E+D+A+Q),"(0.200, 0.200, 0.250, 0.350, 0.000)",0.2,0.2,0.25,0.35,0.0
11,20260711,RDHO,0.8517715886544255,0.6684382553210921,0.1833333333333333,2.3184382553210923,60.62005947765478,1.5419480819526608,1.879359001574927,0.5188618956232123,0.9187441940432548,0.8166666666666667,1,0.8707916968616434,1.0,1,6.663320791999979,10232,0.8685047122284584,0.0167331235740328,objective_weight,S7,Physical terms and aggregate QoE (E+D+A+Q),"(0.200, 0.200, 0.250, 0.350, 0.000)",0.2,0.2,0.25,0.35,0.0
12,20260712,RDHO,1.4595542380517683,1.0428875713851016,0.4166666666666666,4.792887571385101,118.71627065794598,1.9509971858336628,2.2246329018242585,0.3710628918672777,0.9214296986634464,0.5833333333333334,1,0.8923059881086473,1.0000000000000002,1,6.776367832999995,10232,1.4996332760432594,0.040079037991491,objective_weight,S7,Physical terms and aggregate QoE (E+D+A+Q),"(0.200, 0.200, 0.250, 0.350, 0.000)",0.2,0.2,0.25,0.35,0.0
13,20260713,RDHO,1.0851434905150752,0.8268101571817418,0.2583333333333333,3.1518101571817416,65.84742370590753,1.6100832631984716,1.924138424759436,0.4646097119972799,0.9142953384842832,0.7416666666666667,1,0.7956971060036117,1.0000000000000002,1,7.067824874999985,10232,1.2160001845439692,0.130856694028894,objective_weight,S7,Physical terms and aggregate QoE (E+D+A+Q),"(0.200, 0.200, 0.250, 0.350, 0.000)",0.2,0.2,0.25,0.35,0.0
14,20260714,RDHO,1.1560599721824607,0.8643933055157942,0.2916666666666666,3.4893933055157937,122.9657520809592,1.6702596297116463,2.0086901173444613,0.444736985385512,0.9161659596260828,0.7083333333333334,1,0.8634493010956649,1.0000000000000002,1,6.794510916999968,10232,1.170429461086256,0.0143694889037953,objective_weight,S7,Physical terms and aggregate QoE (E+D+A+Q),"(0.200, 0.200, 0.250, 0.350, 0.000)",0.2,0.2,0.25,0.35,0.0
15,20260715,RDHO,1.205190104929689,0.9301901049296888,0.275,3.405190104929689,91.45247261813122,1.724790292927287,1.9898879091301536,0.4185380139177531,0.9388951417802516,0.725,1,0.7939553059034815,1.0000000000000002,1,6.962144207999984,10232,1.283362019674032,0.0781719147443429,objective_weight,S7,Physical terms and aggregate QoE (E+D+A+Q),"(0.200, 0.200, 0.250, 0.350, 0.000)",0.2,0.2,0.25,0.35,0.0
16,20260716,RDHO,1.1420830474189685,0.8504163807523015,0.2916666666666666,3.475416380752301,70.87313289474474,1.7461810824237518,2.02531673008324,0.4442722293459105,0.942283805506868,0.7083333333333334,1,0.7598017156652874,1.0000000000000002,1,6.823583291999967,10232,1.156719478741691,0.0146364313227227,objective_weight,S7,Physical terms and aggregate QoE (E+D+A+Q),"(0.200, 0.200, 0.250, 0.350, 0.000)",0.2,0.2,0.25,0.35,0.0
17,20260717,RDHO,1.2971620157656816,0.9554953490990148,0.3416666666666667,4.030495349099015,117.08193576967652,1.931145205907106,2.2458078988715884,0.418192101049942,0.8930494031268832,0.6583333333333333,1,0.8919261626484992,1.0000000000000002,1,7.028304999999989,10232,1.3386635194466372,0.0415015036809556,objective_weight,S7,Physical terms and aggregate QoE (E+D+A+Q),"(0.200, 0.200, 0.250, 0.350, 0.000)",0.2,0.2,0.25,0.35,0.0
18,20260718,RDHO,1.0207082399999077,0.7957082399999076,0.2249999999999999,2.8207082399999077,112.2137980230381,1.8637491773777255,2.215776388588768,0.4689863448284206,0.923814193349388,0.775,1,0.8099563849078889,1.0,1,6.910338083999989,10232,1.047277865573962,0.0265696255740546,objective_weight,S7,Physical terms and aggregate QoE (E+D+A+Q),"(0.200, 0.200, 0.250, 0.350, 0.000)",0.2,0.2,0.25,0.35,0.0
19,20260719,RDHO,1.1295600480988752,0.8462267147655418,0.2833333333333333,3.3962267147655414,106.61894124485276,1.5606979861622543,1.8572644795719395,0.4575892854343039,0.8819890244667422,0.7166666666666667,1,0.797163818143907,1.0000000000000002,1,7.08009987500003,10232,1.1884025152569873,0.058842467158112,objective_weight,S7,Physical terms and aggregate QoE (E+D+A+Q),"(0.200, 0.200, 0.250, 0.350, 0.000)",0.2,0.2,0.25,0.35,0.0
20,20260720,RDHO,1.0123235028564057,0.7789901695230723,0.2333333333333332,2.878990169523072,80.51920494237514,1.7492583382277362,2.0751952545072836,0.4848279339063758,0.8935237488662847,0.7666666666666667,1,0.8097313613330172,1.0000000000000002,1,6.875058875000036,10232,1.0267098655384042,0.0143863626819984,objective_weight,S7,Physical terms and aggregate QoE (E+D+A+Q),"(0.200, 0.200, 0.250, 0.350, 0.000)",0.2,0.2,0.25,0.35,0.0
21,20260721,RDHO,1.1797374652509005,0.8880707985842335,0.2916666666666666,3.5130707985842333,108.01975757469997,1.9444926760230157,2.301003047281681,0.4252269719092155,0.9258265251026676,0.7083333333333334,1,0.8126027601334798,1.0,1,6.98847516699999,10232,1.2183677102205208,0.0386302449696205,objective_weight,S7,Physical terms and aggregate QoE (E+D+A+Q),"(0.200, 0.200, 0.250, 0.350, 0.000)",0.2,0.2,0.25,0.35,0.0
22,20260722,RDHO,0.9253825099294276,0.7003825099294277,0.2249999999999999,2.725382509929428,86.84040652082552,1.528624688495254,1.8625822461459192,0.5032549493807007,0.9451570308876506,0.775,1,0.7851209042281534,1.0,1,6.874677707999979,10232,0.9522297353736202,0.0268472254441924,objective_weight,S7,Physical terms and aggregate QoE (E+D+A+Q),"(0.200, 0.200, 0.250, 0.350, 0.000)",0.2,0.2,0.25,0.35,0.0
23,20260723,RDHO,0.929438155372448,0.7211048220391147,0.2083333333333333,2.5961048220391154,71.4820804227461,2.046561789167444,2.4320642013058538,0.4951958172830972,0.9537295110781054,0.7916666666666666,1,0.77000174436135,1.0,1,6.8642943340000215,10232,1.2322643311854216,0.3028261758129734,objective_weight,S7,Physical terms and aggregate QoE (E+D+A+Q),"(0.200, 0.200, 0.250, 0.350, 0.000)",0.2,0.2,0.25,0.35,0.0
24,20260724,RDHO,1.1326965090985566,0.8493631757652232,0.2833333333333333,3.399363175765223,50.20395665042332,1.8149003337299152,2.0947562044402313,0.4519923448191777,0.9082639674149584,0.7166666666666667,1,0.7687869356401823,1.0,1,6.899239625000007,10232,1.2024786575830415,0.0697821484844849,objective_weight,S7,Physical terms and aggregate QoE (E+D+A+Q),"(0.200, 0.200, 0.250, 0.350, 0.000)",0.2,0.2,0.25,0.35,0.0
25,20260725,RDHO,1.0677137794930425,0.7927137794930424,0.275,3.267713779493042,69.60466936599379,2.121765713324827,2.503254125152474,0.46173279196794,0.9360592575252769,0.725,1,0.812452272594504,1.0000000000000002,1,6.711991915999988,10232,1.1582079066640731,0.0904941271710306,objective_weight,S7,Physical terms and aggregate QoE (E+D+A+Q),"(0.200, 0.200, 0.250, 0.350, 0.000)",0.2,0.2,0.25,0.35,0.0
26,20260726,RDHO,1.2211472307179791,0.8878138973846457,0.3333333333333333,3.887813897384646,113.91570202837076,1.906002916795203,2.2452041357473465,0.4369493708361281,0.8975556531518337,0.6666666666666666,1,0.7746502927455391,1.0000000000000002,1,6.882180375000019,10232,1.2290794084290209,0.0079321777110417,objective_weight,S7,Physical terms and aggregate QoE (E+D+A+Q),"(0.200, 0.200, 0.250, 0.350, 0.000)",0.2,0.2,0.25,0.35,0.0
27,20260727,RDHO,1.0055475547109216,0.7722142213775884,0.2333333333333332,2.872214221377588,134.99255177684142,1.7920775914759168,2.1598012029805496,0.463011288536016,0.9497590207270696,0.7666666666666667,1,0.8031544046774022,1.0000000000000002,1,6.864293500000031,10232,1.0264403623019367,0.020892807591015,objective_weight,S7,Physical terms and aggregate QoE (E+D+A+Q),"(0.200, 0.200, 0.250, 0.350, 0.000)",0.2,0.2,0.25,0.35,0.0
28,20260728,RDHO,1.1226041499331438,0.8392708165998105,0.2833333333333333,3.38927081659981,68.67796117733495,1.6402763771581803,1.9578048492324804,0.4494477534627362,0.9193656894132278,0.7166666666666667,1,0.8043676946163616,1.0000000000000002,1,6.800185083999963,10232,1.151438458361551,0.0288343084284068,objective_weight,S7,Physical terms and aggregate QoE (E+D+A+Q),"(0.200, 0.200, 0.250, 0.350, 0.000)",0.2,0.2,0.25,0.35,0.0
29,20260729,RDHO,1.2168172978991696,0.8834839645658361,0.3333333333333333,3.883483964565837,127.8709477199208,1.7426558191114256,2.052881020833642,0.4117486612998344,0.8792681699908721,0.6666666666666666,1,0.9176519304743048,1.0,1,6.91360454200003,10232,1.4068351892129094,0.1900178913137398,objective_weight,S7,Physical terms and aggregate QoE (E+D+A+Q),"(0.200, 0.200, 0.250, 0.350, 0.000)",0.2,0.2,0.25,0.35,0.0
30,20260730,RDHO,1.2444456436634703,0.9027789769968037,0.3416666666666667,3.977778976996804,101.07076327373797,2.061874504490945,2.385027531785646,0.4214012896075034,0.9388137850254632,0.6583333333333333,1,0.814022024383656,1.0000000000000002,1,7.02624954099997,10232,1.271285555760477,0.0268399120970066,objective_weight,S7,Physical terms and aggregate QoE (E+D+A+Q),"(0.200, 0.200, 0.250, 0.350, 0.000)",0.2,0.2,0.25,0.35,0.0
