run_id,seed,scenario_id,replicate_id,scenario_seed,algorithm_seed,algorithm,fitness,reported_fitness,base_fitness,search_fitness,penalty_scale,report_penalty_scale,search_penalty,report_penalty,energy_norm,delay_norm,aoi_norm,energy,delay,aoi,qoe,fairness,csr,nfe_used,max_evaluations,runtime
1,684064704,1,1,684064704,2894690685,RDHO-core,1.1260217306820204,1.1260217306820204,0.7593550640153536,3.689038026978317,7.990044444444444,1.0,2.9296829629629633,0.3666666666666667,0.9111244545646227,1.2387587522805936,1.1583800358902274,104.2037182974893,1.8005229606872952,2.1133255677390705,0.30904884519558073,0.8701648515623165,0.6333333333333333,15010,15050,7.745209199842066
1,684064704,1,1,684064704,1673403119,RDHO-core w/o hybrid RIME-DBO fusion,1.1234165326772652,1.1234165326772652,0.7650831993439318,3.820376532677264,8.526399999999999,1.0,3.0552933333333323,0.3583333333333333,0.8662677307529159,1.3043164752236973,1.1886702259831234,105.95494277499509,1.7668800951814774,2.079682702233253,0.3121146023429925,0.8808393046537468,0.6416666666666667,15010,15050,7.770354799926281
1,684064704,1,1,684064704,3398770404,RDHO-core w/o dual-source initialization,1.20921448744662,1.20921448744662,0.8258811541132867,4.0645537467058785,8.44871111111111,1.0,3.238672592592592,0.3833333333333333,0.8145850273765294,1.537930388440404,1.3637531872563107,97.02933953201064,2.0705344521003317,2.3833370591521073,0.30607705730052154,0.8929101255415405,0.6166666666666667,15050,15050,7.720404299907386
1,684064704,1,1,684064704,1029051348,RDHO-core w/o adaptive role allocation,1.1094455513243786,1.1094455513243786,0.7511122179910454,3.0266722179910452,6.3504000000000005,1.0,2.27556,0.3583333333333333,0.8708281283047505,1.2328485886333087,1.1561194618783497,102.0148861218301,1.745587172113407,2.058389779165183,0.3106456691180374,0.8720070585832962,0.6416666666666667,15010,15050,7.980930499732494
1,684064704,1,1,684064704,719858731,RDHO-core w/o elite preservation,1.1145326577457335,1.1145326577457335,0.7561993244124002,3.8675519170049926,8.682844444444445,1.0,3.1113525925925924,0.3583333333333333,0.8057546058804246,1.2956363448500117,1.189019620344889,98.3031024664441,1.822177157437006,2.134979764488782,0.31084017286494914,0.876412796199623,0.6416666666666667,15010,15050,7.769633600022644
1,684064704,1,1,684064704,2901632714,RDHO-core w/o dynamic penalty,1.1128732189373056,1.1128732189373056,0.7462065522706389,1.1128732189373056,1.0,1.0,0.3666666666666667,0.3666666666666667,0.9269625830871668,1.1853467304691951,1.1215540819826857,107.71789581872557,1.7066361346682026,2.0194387417199784,0.3114321914797828,0.8683704531576275,0.6333333333333333,15010,15050,7.670085299760103
1,684064704,1,1,684064704,1754149809,RDHO-full,1.0967491020334603,1.0967491020334603,0.7550824353667935,3.8300824353667937,9.0,1.0,3.075,0.3416666666666667,0.8008056210790416,1.299376298439076,1.1932343491451376,95.39576915793772,1.777667573055225,2.0904701801070003,0.3133022685085985,0.8810646210512081,0.6583333333333333,15011,15050,7.743715200107545
2,686312795,2,1,686312795,2896938776,RDHO-core,0.9806922046555395,0.9806922046555395,0.6806922046555395,1.9786122046555399,4.3264000000000005,1.0,1.2979200000000004,0.30000000000000004,0.6274798946880231,1.122263565762316,1.0844553199052425,68.04167439946431,1.7964761993977532,2.132965667026501,0.3168754356162067,0.8777660779560332,0.7,15010,15050,7.670181800145656
2,686312795,2,1,686312795,1675651210,RDHO-core w/o hybrid RIME-DBO fusion,0.9680065683346208,0.9680065683346208,0.6846732350012875,3.1448124942605467,8.682844444444445,1.0,2.4601392592592592,0.2833333333333333,0.6526954875201297,1.1289000385052457,1.0860747050625599,74.43015166141473,1.7705598950809045,2.1070493627096525,0.3184156819350383,0.8807084577250849,0.7166666666666667,15010,15050,7.637958399951458
2,686312795,2,1,686312795,3401018495,RDHO-core w/o dual-source initialization,1.1213711394343782,1.1213711394343782,0.8047044727677116,3.334885213508452,7.990044444444444,1.0,2.5301807407407404,0.31666666666666665,0.5900431004091279,1.5111524200759099,1.4228009683317147,68.65517052730628,2.380281155940538,2.7167706235692854,0.30462242855108085,0.8755177673344668,0.6833333333333333,15050,15050,7.970345199573785
2,686312795,2,1,686312795,1031299439,RDHO-core w/o adaptive role allocation,0.9834753026884531,0.9834753026884531,0.6751419693551197,3.280161228614379,8.44871111111111,1.0,2.6050192592592594,0.30833333333333335,0.7059429702309904,1.072473461032064,1.0364715920524656,76.73960071012314,1.7206960605978598,2.057185528226608,0.3173893786530648,0.8782698763262617,0.6916666666666667,15010,15050,7.953629899770021
2,686312795,2,1,686312795,722106822,RDHO-core w/o elite preservation,0.9758856147766427,0.9758856147766427,0.6842189481099761,1.7005152444062723,3.4844444444444447,1.0,1.0162962962962963,0.29166666666666663,0.7199084704958101,1.0957984756927595,1.0586633808010733,81.9224337245914,1.7197214261043292,2.056210893733078,0.3182336712376153,0.881245408676481,0.7083333333333334,15010,15050,8.212948800064623
2,686312795,2,1,686312795,2903880805,RDHO-core w/o dynamic penalty,0.9845136822046062,0.9845136822046062,0.6761803488712729,0.9845136822046062,1.0,1.0,0.30833333333333335,0.30833333333333335,0.6769260727243291,1.0931786478968017,1.0475610878393846,73.76223749690328,1.7471057559343488,2.083595223563097,0.31795095813010466,0.87743934902899,0.6916666666666667,15010,15050,9.029536799993366
2,686312795,2,1,686312795,1756397900,RDHO-full,0.9562889294994444,0.9562889294994444,0.6812889294994444,3.1562889294994445,9.0,1.0,2.475,0.275,0.6272861314953372,1.1313561031257424,1.0851758814842571,71.04834375196796,1.78731797821735,2.123807445846098,0.31925751449374407,0.8789128134685317,0.725,15011,15050,7.834999099839479
3,688560886,3,1,688560886,2899186867,RDHO-core,0.8988217847063106,0.8988217847063106,0.6238217847063106,3.011604006928533,8.682844444444445,1.0,2.3877822222222225,0.275,0.7036608526463661,0.9293940759904746,0.9792740356265413,90.18548765246547,1.5636588646057867,1.87748794653427,0.34427264239032684,0.9236924044677688,0.725,15010,15050,7.77788840001449
3,688560886,3,1,688560886,1677899301,RDHO-core w/o hybrid RIME-DBO fusion,0.9054114461264252,0.9054114461264252,0.6220781127930919,2.9939684831634623,8.371377777777779,1.0,2.3718903703703704,0.2833333333333333,0.6604641538666065,0.9381873338868774,0.9928690840841113,83.76000399584753,1.6162732810268239,1.930102362955307,0.34248501517522,0.9226886935717918,0.7166666666666667,15010,15050,7.756442800164223
3,688560886,3,1,688560886,3403266586,RDHO-core w/o dual-source initialization,1.0184545049763762,1.0184545049763762,0.6934545049763763,2.30481894942082,4.958044444444444,1.0,1.6113644444444442,0.32499999999999996,0.5537313099320093,1.1797279783594548,1.2368914858068307,73.10275185369198,1.956157790890554,2.2699868728190373,0.3299575955233066,0.9258131461915314,0.675,15050,15050,7.984853399917483
3,688560886,3,1,688560886,1033547530,RDHO-core w/o adaptive role allocation,0.9157946586565578,0.9157946586565578,0.6241279919898912,2.417994658656558,6.1504,1.0,1.7938666666666665,0.29166666666666663,0.6760098648834612,0.933499723051179,0.9920560870204452,90.27697101590023,1.6001033162749212,1.9139323982034047,0.34250793693222403,0.9203307174853516,0.7083333333333334,15010,15050,7.739288700278848
3,688560886,3,1,688560886,724354913,RDHO-core w/o elite preservation,0.9010168566112787,0.9010168566112787,0.6260168566112787,2.7006657455001677,7.544177777777778,1.0,2.074648888888889,0.275,0.6909397348893077,0.9258978468978885,0.9956635565901454,92.10426660538832,1.5955954116670636,1.9094244935955467,0.34180068163065624,0.920765286268663,0.725,15010,15050,7.970942999701947
3,688560886,3,1,688560886,2906128896,RDHO-core w/o dynamic penalty,0.9008202583017414,0.9008202583017414,0.6258202583017414,0.9008202583017414,1.0,1.0,0.275,0.275,0.6597214825592237,0.9507405144032012,1.0028377644492736,84.99855978981482,1.620606823366898,1.9344359052953812,0.34319512479532815,0.9220712517345797,0.725,15010,15050,8.01972380001098
3,688560886,3,1,688560886,1758645991,RDHO-full,0.8830937614037424,0.8830937614037424,0.6164270947370757,3.016427094737076,9.0,1.0,2.4000000000000004,0.2666666666666667,0.679327186927837,0.9052975164160169,0.9735540590080699,91.1235264389137,1.5580137538827201,1.8718428358112036,0.34365684303375393,0.9202528472307115,0.7333333333333333,15011,15050,8.20802989974618
4,690808977,4,1,690808977,2901434958,RDHO-core,1.1563707410392778,1.1563707410392778,0.7397040743726113,4.357555926224463,8.682844444444445,1.0,3.6178518518518517,0.41666666666666663,0.8244978540183722,1.2157646472304697,1.1761268083481646,84.47007812196802,2.027140979419517,2.379042530651648,0.3113492875420262,0.8948933623953652,0.5833333333333334,15010,15050,7.976231299806386
4,690808977,4,1,690808977,1680147392,RDHO-core w/o hybrid RIME-DBO fusion,1.1379069167319176,1.1379069167319176,0.7379069167319177,4.211044694509695,8.682844444444445,1.0,3.473137777777778,0.4,0.8337842381438862,1.2058116732727555,1.1658991270009929,84.86550254200415,2.0052561192354883,2.357157670467619,0.3112774264710699,0.893571755052039,0.6,15010,15050,8.009291599970311
4,690808977,4,1,690808977,3405514677,RDHO-core w/o dual-source initialization,1.338489698805811,1.338489698805811,0.8968230321391444,4.662649698805811,8.526399999999999,1.0,3.765826666666666,0.44166666666666665,0.7655503135485711,1.706753313230612,1.5821345198117196,78.33304272517285,2.6190887019355054,2.9709902531676358,0.2966080815924007,0.8651895817679072,0.5583333333333333,15050,15050,7.851383499801159
4,690808977,4,1,690808977,1035795621,RDHO-core w/o adaptive role allocation,1.136028024269226,1.136028024269226,0.7443613576025593,2.901208765009967,5.506844444444445,1.0,2.1568474074074078,0.3916666666666667,0.8178923206386409,1.236563071934179,1.188738254752521,83.10828420485878,2.0522047870437214,2.4041063382758523,0.310835252532753,0.8953831564027187,0.6083333333333333,15010,15050,7.806797599885613
4,690808977,4,1,690808977,726603004,RDHO-core w/o elite preservation,1.1406422023710028,1.1406422023710028,0.7406422023710026,4.2137799801487805,8.682844444444445,1.0,3.473137777777778,0.4,0.8880776471038377,1.1921631525361431,1.1531416381809854,89.45845222958712,1.9825112839862544,2.334412835218385,0.311965492155265,0.8961234886895013,0.6,15010,15050,7.885311800055206
4,690808977,4,1,690808977,2908376987,RDHO-core w/o dynamic penalty,1.1410482012163015,1.1410482012163015,0.7410482012163014,1.1410482012163015,1.0,1.0,0.4,0.4,0.8084852899582312,1.2329647640941892,1.1820647585317612,81.40037651551246,2.045442900181281,2.3973444514134115,0.31103559635329264,0.8952934380383629,0.6,15010,15050,7.875188999809325
4,690808977,4,1,690808977,1760894082,RDHO-full,1.1345035477988588,1.1345035477988588,0.7345035477988586,4.3345035477988585,9.0,1.0,3.6,0.4,0.8177801369814051,1.2036435390099043,1.1637316701962555,83.60381533641623,2.007617849457694,2.359519400689824,0.31197103931538894,0.8938543112409667,0.6,15011,15050,7.884510399773717
5,693057068,5,1,693057068,2903683049,RDHO-core,0.7536543179254629,0.7536543179254629,0.5453209845921295,2.0120246882958335,7.040177777777778,1.0,1.466703703703704,0.20833333333333337,0.6186617502450374,0.7333950334357127,0.8188070832403019,73.69117260894159,1.4545614850589206,1.825879634690729,0.3541505864402482,0.9308452119919255,0.7916666666666666,15010,15050,7.789104599971324
5,693057068,5,1,693057068,1682395483,RDHO-core w/o hybrid RIME-DBO fusion,0.7460690089942494,0.7460690089942494,0.5460690089942495,2.282637897883138,8.682844444444445,1.0,1.7365688888888886,0.19999999999999996,0.5904295377427393,0.7487191666883006,0.8320347988040606,69.32329181501966,1.5013121399893712,1.87263028962118,0.3531371950158159,0.9317038307090584,0.8,15010,15050,7.889844799879938
5,693057068,5,1,693057068,3407762768,RDHO-core w/o dual-source initialization,0.815432656704096,0.815432656704096,0.5987659900374294,2.1860756196670597,7.326044444444446,1.0,1.58730962962963,0.21666666666666667,0.6081694323408071,0.8758306312014511,0.9641261514615053,73.48571824383637,1.7572268316842987,2.1285449813161077,0.3425047196471908,0.9241322794976511,0.7833333333333333,15050,15050,8.039438199717551
5,693057068,5,1,693057068,1038043712,RDHO-core w/o adaptive role allocation,0.7444912128304323,0.7444912128304323,0.5444912128304323,2.1727934350526543,8.141511111111113,1.0,1.628302222222222,0.19999999999999996,0.5907523279213551,0.7435983698521467,0.8268239525314579,70.40825148254065,1.479271966752798,1.8505901163846061,0.3540350826249127,0.9300696467426253,0.8,15010,15050,7.763859800063074
5,693057068,5,1,693057068,728851095,RDHO-core w/o elite preservation,0.7442924768232204,0.7442924768232204,0.5442924768232205,2.2651813657121096,8.604444444444447,1.0,1.720888888888889,0.19999999999999996,0.6368990340336141,0.7233151095470196,0.8086397098369691,75.66502830761428,1.4206778424635993,1.791995992095408,0.3541515017053849,0.9317188450196892,0.8,15010,15050,7.866405299864709
5,693057068,5,1,693057068,2910625078,RDHO-core w/o dynamic penalty,0.7492529319267252,0.7492529319267252,0.5492529319267252,0.7492529319267252,1.0,1.0,0.19999999999999996,0.19999999999999996,0.5684006820495737,0.7683399070881848,0.8500399616240559,68.82532750461445,1.5148624954737078,1.8861806451055163,0.35261376868803923,0.9324508263869601,0.8,15010,15050,7.847603800240904
5,693057068,5,1,693057068,1763142173,RDHO-full,0.7420640234352394,0.7420640234352394,0.5503973567685727,2.275397356768573,9.0,1.0,1.7249999999999999,0.19166666666666665,0.5768071424927881,0.7618869121021559,0.8579265251142955,68.68591334874591,1.523833872467502,1.8951520220993108,0.3555948561704777,0.9323733696036339,0.8083333333333333,15011,15050,7.867566999979317
6,695305159,6,1,695305159,2905931140,RDHO-core,0.8754036112421513,0.8754036112421513,0.6337369445754846,2.250691018649559,6.690844444444446,1.0,1.6169540740740747,0.2416666666666667,0.830390675981197,0.8703931836538811,0.9362699226072477,112.24615969841507,1.6300235010143431,2.0193318169505945,0.32496802015181786,0.9095704554130891,0.7583333333333333,15010,15050,7.979391799774021
6,695305159,6,1,695305159,1684643574,RDHO-core w/o hybrid RIME-DBO fusion,0.8726188661791057,0.8726188661791057,0.630952199512439,2.7103596069198472,8.604444444444447,1.0,2.079407407407408,0.2416666666666667,0.8408716372995959,0.8586810351555402,0.9227968242300921,114.11046183498586,1.6098538484674947,1.9991621644037465,0.3246977898847988,0.909462474922601,0.7583333333333333,15010,15050,7.828169800341129
6,695305159,6,1,695305159,3410010859,RDHO-core w/o dual-source initialization,1.0260384042214294,1.0260384042214294,0.7427050708880962,3.2028443301473555,8.682844444444445,1.0,2.4601392592592592,0.2833333333333333,0.6813559422021556,1.223418578367499,1.2989008881804156,91.88466738327371,2.191282550381262,2.5805908663175137,0.3160576881504974,0.8951074511832431,0.7166666666666667,15050,15050,7.884114000014961
6,695305159,6,1,695305159,1040291803,RDHO-core w/o adaptive role allocation,0.8870966554687916,0.8870966554687916,0.6370966554687916,2.379496655468791,6.969599999999998,1.0,1.7423999999999995,0.25,0.8007227090563266,0.9041091945608593,0.9559764196303272,108.25702652255826,1.6308541730024735,2.0201624889387255,0.3259434042809806,0.9133502517184262,0.75,15010,15050,7.984534400049597
6,695305159,6,1,695305159,731099186,RDHO-core w/o elite preservation,0.8765982459225938,0.8765982459225938,0.6349315792559271,2.3706782459225937,7.182399999999999,1.0,1.7357466666666665,0.2416666666666667,0.7698076674699882,0.8998510598886375,0.963926491580786,103.91287624032762,1.6745676973039558,2.063876013240207,0.32465106471927047,0.9085590479368254,0.7583333333333333,15010,15050,7.854159499984235
6,695305159,6,1,695305159,2912873169,RDHO-core w/o dynamic penalty,0.8702686915045905,0.8702686915045905,0.6286020248379238,0.8702686915045905,1.0,1.0,0.2416666666666667,0.2416666666666667,0.8393362431465722,0.8481269319090284,0.919287819628454,112.68837728304054,1.6112621503895475,2.0005704663257995,0.32653524422983343,0.9069648171545951,0.7583333333333333,15010,15050,7.7577338996343315
6,695305159,6,1,695305159,1765390264,RDHO-full,0.8664305899372011,0.8664305899372011,0.6330972566038678,2.7330972566038674,9.0,1.0,2.0999999999999996,0.23333333333333328,0.7597456054793839,0.9137136110294983,0.9610347402839239,105.14453866386526,1.6482183508553845,2.037526666791636,0.32904958651772287,0.911464709199274,0.7666666666666667,15011,15050,7.872704099863768
7,697553250,7,1,697553250,2908179231,RDHO-core,1.070568386287006,1.070568386287006,0.7289017196203392,3.615544682583302,8.44871111111111,1.0,2.886642962962963,0.3416666666666667,0.7233612125846656,1.2226253942454441,1.22325956128301,83.38743870305818,1.548487467966014,1.8448315047278583,0.3191171676484414,0.9114755669946751,0.6583333333333333,15010,15050,7.7396714999340475
7,697553250,7,1,697553250,1686891665,RDHO-core w/o hybrid RIME-DBO fusion,1.0755214235705215,1.0755214235705215,0.7171880902371881,3.7724814235705204,8.526399999999999,1.0,3.0552933333333323,0.3583333333333333,0.7461870717536874,1.1803526377158609,1.1743953754124765,84.5329517220764,1.523335949995131,1.819679986756975,0.31732009624152807,0.9093676688214292,0.6416666666666667,15010,15050,7.684708000160754
7,697553250,7,1,697553250,3412258950,RDHO-core w/o dual-source initialization,1.1685684624177262,1.1685684624177262,0.8102351290843929,3.9215877216769854,8.682844444444445,1.0,3.1113525925925924,0.3583333333333333,0.5210174844381515,1.5574968864376992,1.5078588887507955,63.06949688779807,1.945588642094922,2.241932678856766,0.30904517807654697,0.9034100391120282,0.6416666666666667,15050,15050,7.936064099892974
7,697553250,7,1,697553250,1042539894,RDHO-core w/o adaptive role allocation,1.0827119824336688,1.0827119824336688,0.7160453157670021,1.9217105009521875,3.2881777777777783,1.0,1.2056651851851854,0.3666666666666667,0.7793191211770811,1.1605039824324979,1.1608368707420935,86.42364957121093,1.483095391952737,1.7794394287145814,0.3181077902302484,0.9102743054611656,0.6333333333333333,15010,15050,7.7391435001045465
7,697553250,7,1,697553250,733347277,RDHO-core w/o elite preservation,1.0847600806528446,1.0847600806528446,0.7180934139861778,3.7875985991713637,8.371377777777779,1.0,3.069505185185186,0.3666666666666667,0.7257347511394886,1.1846656282943524,1.1932770193887248,83.329385273182,1.5170017484066576,1.8133457851685022,0.3178915264947875,0.910596660731786,0.6333333333333333,15010,15050,7.748027399647981
7,697553250,7,1,697553250,2915121260,RDHO-core w/o dynamic penalty,1.0778495868123559,1.0778495868123559,0.7195162534790226,1.0778495868123559,1.0,1.0,0.3583333333333333,0.3583333333333333,0.7367308600148759,1.1918409629597977,1.18623908643858,83.83894387842021,1.5070291861591598,1.8033732229210044,0.317397266519958,0.91067208249962,0.6416666666666667,15010,15050,7.751773300115019
7,697553250,7,1,697553250,1767638355,RDHO-full,1.0718299945829082,1.0718299945829082,0.7218299945829082,3.871829994582908,9.0,1.0,3.15,0.35,0.7089596092044463,1.2058501901252403,1.2048179116464126,80.12250251467924,1.5339928184825844,1.8303368552444286,0.31665907267762783,0.9087611579056815,0.65,15011,15050,7.844290300272405
8,699801341,8,1,699801341,2910427322,RDHO-core,0.8194099777166295,0.8194099777166295,0.5777433110499628,2.676097385124037,8.682844444444445,1.0,2.0983540740740745,0.2416666666666667,0.556223414103332,0.8621654174699568,0.8937324756358389,69.21991249496588,1.6244502759507475,1.999219185279428,0.33631944515864426,0.9187265900941488,0.7583333333333333,15010,15050,7.666428999975324
8,699801341,8,1,699801341,1689139756,RDHO-core w/o hybrid RIME-DBO fusion,0.8185852970215942,0.8185852970215942,0.5769186303549275,2.2105852970215945,6.760000000000001,1.0,1.633666666666667,0.2416666666666667,0.5160741829441802,0.8767010822985959,0.9064306324561977,64.73928317204985,1.6793625079401568,2.054131417268837,0.33494241123772495,0.9181927324531887,0.7583333333333333,15010,15050,7.706351900007576
8,699801341,8,1,699801341,3414507041,RDHO-core w/o dual-source initialization,0.9560724630455254,0.9560724630455254,0.6894057963788587,2.5479657963788584,6.969599999999998,1.0,1.8585599999999998,0.2666666666666667,0.48859842875052156,1.2023691122058762,1.203165717032804,56.26930323711274,2.265286932464346,2.6400558417930258,0.3163416644465075,0.9031482482381396,0.7333333333333333,15050,15050,7.723409399855882
8,699801341,8,1,699801341,1044787985,RDHO-core w/o adaptive role allocation,0.8190505496750105,0.8190505496750105,0.5773838830083438,2.619155734860196,8.44871111111111,1.0,2.041771851851852,0.2416666666666667,0.5488113701402082,0.8643325539158987,0.8940808033750784,69.0454359064726,1.626947619840007,2.001716529168687,0.33472237132113697,0.9188930937792152,0.7583333333333333,15010,15050,7.626559300348163
8,699801341,8,1,699801341,735595368,RDHO-core w/o elite preservation,0.8157144871083881,0.8157144871083881,0.5740478204417214,2.634594487108388,8.526399999999999,1.0,2.0605466666666667,0.2416666666666667,0.5518161674758431,0.8527893474486907,0.8855680971576103,68.60712110450632,1.6256237631592771,2.0003926724879575,0.3363745449650158,0.9186519599489068,0.7583333333333333,15010,15050,7.601716399658471
8,699801341,8,1,699801341,2917369351,RDHO-core w/o dynamic penalty,0.8141835705317161,0.8141835705317161,0.5808502371983828,0.8141835705317161,1.0,1.0,0.23333333333333328,0.23333333333333328,0.5723848175078812,0.863145249601778,0.8981968473243025,70.27129710731539,1.6488937636431829,2.023662672971863,0.3359067212143258,0.92056784811738,0.7666666666666667,15010,15050,7.702644099947065
8,699801341,8,1,699801341,1769886446,RDHO-full,0.8110407765723667,0.8110407765723667,0.5777074432390334,2.677707443239033,9.0,1.0,2.0999999999999996,0.23333333333333328,0.5886054201760127,0.8494464421836183,0.8831089493842598,74.00584813493484,1.6220048414636161,1.9967737507922965,0.3381881977646724,0.92030030620238,0.7666666666666667,15011,15050,7.590614600107074
9,702049432,9,1,702049432,2912675413,RDHO-core,1.1155207685541337,1.1155207685541337,0.7655207685541338,3.3296363241096896,7.326044444444446,1.0,2.564115555555556,0.35,0.7533569692450903,1.2937095976702975,1.2662820096426048,100.4289670430826,1.7702154495999758,2.071421640748567,0.301730708237143,0.8774517654096391,0.65,15010,15050,7.776591099798679
9,702049432,9,1,702049432,1691387847,RDHO-core w/o hybrid RIME-DBO fusion,1.113078589797798,1.113078589797798,0.7714119231311314,3.7380504416496505,8.682844444444445,1.0,2.966638518518519,0.3416666666666667,0.6951145665028091,1.3367540632880375,1.3068864482052334,94.42518185077611,1.845042961607411,2.1462491527560026,0.3031468845464277,0.8758357593677413,0.6583333333333333,15010,15050,7.72150250012055
9,702049432,9,1,702049432,3416755132,RDHO-core w/o dual-source initialization,1.2345592400215304,1.2345592400215304,0.8512259066881971,2.843945906688197,5.198400000000001,1.0,1.9927200000000003,0.3833333333333333,0.7143460691408303,1.5456567044231706,1.5112101354183438,99.42656556893958,2.052132116550724,2.3533383076993157,0.29143900878392376,0.8686271369363633,0.6166666666666667,15050,15050,7.792431400157511
9,702049432,9,1,702049432,1047036076,RDHO-core w/o adaptive role allocation,1.1127048443325736,1.1127048443325736,0.7627048443325735,3.6389270665547957,8.217777777777778,1.0,2.8762222222222222,0.35,0.7645210759942909,1.2712884372131374,1.2530183064685296,102.83144329603343,1.7352412489483016,2.036447440096893,0.3012095386112623,0.8718714371577249,0.65,15010,15050,7.909702999982983
9,702049432,9,1,702049432,737843459,RDHO-core w/o elite preservation,1.1217649122208784,1.1217649122208784,0.7717649122208784,2.6556049122208787,5.382400000000001,1.0,1.8838400000000004,0.35,0.7729724702535352,1.3020805752718563,1.2770556675801186,105.13975568157011,1.7914297734070381,2.0926359645556296,0.3030552359284395,0.8765614765673765,0.65,15010,15050,7.783910600002855
9,702049432,9,1,702049432,2919617442,RDHO-core w/o dynamic penalty,1.1256916929161105,1.1256916929161105,0.7673583595827773,1.1256916929161105,1.0,1.0,0.3583333333333333,0.3583333333333333,0.8067702300959183,1.2754117727405452,1.2453243257065663,109.708551829263,1.7071407289788945,2.008346920127486,0.3025398672525952,0.8735953566834265,0.6416666666666667,15010,15050,7.702348900027573
9,702049432,9,1,702049432,1772134537,RDHO-full,1.1021857211507058,1.1021857211507058,0.7688523878173724,3.7688523878173728,9.0,1.0,3.0000000000000004,0.33333333333333337,0.7139590413609782,1.3128782961896137,1.2982291729547508,96.92707900453432,1.8672608336107348,2.1684670247593267,0.30371930521933566,0.8755568844053307,0.6666666666666666,15011,15050,7.924931299872696
10,3782276182,10,1,3782276182,1316503565,RDHO-core,1.1027255172476238,1.1027255172476238,0.7527255172476237,2.385685517247624,4.6656,1.0,1.63296,0.35,0.8265571653670076,1.1639844817308282,1.2330960593530111,92.15055406706334,1.699952513163354,2.0028991908970055,0.29540366218653685,0.8744961045640789,0.65,15010,15050,7.761336000170559
10,3782276182,10,1,3782276182,241622371,RDHO-core w/o hybrid RIME-DBO fusion,1.0949266053168778,1.0949266053168778,0.7282599386502111,3.4676673460576186,7.471111111111111,1.0,2.7394074074074077,0.3666666666666667,0.8989893535483585,1.0587928216739544,1.1357921339302235,99.62931775692383,1.5384162027957902,1.8413628805294415,0.29956001729484233,0.8707032403818796,0.6333333333333333,15010,15050,7.709862400311977
10,3782276182,10,1,3782276182,2926437314,RDHO-core w/o dual-source initialization,1.2520369064360914,1.2520369064360914,0.8520369064360914,2.718276906436092,4.6656,1.0,1.8662400000000003,0.4,0.7280537223358781,1.486628722816752,1.5315745202889297,79.7830332290996,2.1323314507248576,2.435278128458509,0.29073265968914325,0.8551887978892129,0.6,15050,15050,7.913395100273192
10,3782276182,10,1,3782276182,1730886290,RDHO-core w/o adaptive role allocation,1.1142109657993216,1.1142109657993216,0.7308776324659882,3.2693280028363585,6.622044444444444,1.0,2.53845037037037,0.3833333333333333,0.8862349544826273,1.0532150793129165,1.1514999105873105,101.89566439236046,1.535171603281317,1.838118281014968,0.2931243361163069,0.8682350827669146,0.6166666666666667,15010,15050,7.740377999842167
10,3782276182,10,1,3782276182,4176326423,RDHO-core w/o elite preservation,1.1010910529860225,1.1010910529860225,0.7427577196526892,2.1381236455786152,3.894044444444445,1.0,1.395365925925926,0.3583333333333333,0.9589865816943188,1.066666053228762,1.1499561719752394,108.75450314631365,1.6041192595546427,1.9070659372882943,0.2914308219856398,0.872894817937643,0.6416666666666667,15010,15050,7.778275599703193
10,3782276182,10,1,3782276182,2225909364,RDHO-core w/o dynamic penalty,1.0980507143928377,1.0980507143928377,0.7230507143928377,1.0980507143928377,1.0,1.0,0.375,0.375,0.9549402608246274,1.0213958731100956,1.0958471414118645,106.64957616005944,1.492865514687302,1.795812192420953,0.2977742917671227,0.8725022441518515,0.625,15010,15050,7.822020899970084
10,3782276182,10,1,3782276182,2229504169,RDHO-full,1.0785895648263788,1.0785895648263788,0.7535895648263788,3.6785895648263787,9.0,1.0,2.925,0.32499999999999996,0.8351274529925533,1.1426909672702101,1.2504451302412911,89.72336082493308,1.6915325871477922,1.9944792648814436,0.2990931653818535,0.873595731663322,0.675,15011,15050,7.720369900111109
11,3784524273,11,1,3784524273,1318751656,RDHO-core,0.8994321693138695,0.8994321693138695,0.6244321693138695,2.599592169313869,7.182399999999999,1.0,1.9751599999999998,0.275,0.7369032675454745,0.905896239211301,0.9555409327147253,91.7065825302806,1.746159691174228,2.112985874056913,0.32877670446834084,0.9236070685020268,0.725,15010,15050,7.736757399979979
11,3784524273,11,1,3784524273,243870462,RDHO-core w/o hybrid RIME-DBO fusion,0.8932590259522543,0.8932590259522543,0.6265923592855875,2.8795819889152177,8.44871111111111,1.0,2.25298962962963,0.2666666666666667,0.6987245475170033,0.9285330167616124,0.9766884201353656,85.24430150122568,1.8063475730847234,2.1731737559674085,0.3284439657429041,0.9228918717902082,0.7333333333333333,15010,15050,7.808251800015569
11,3784524273,11,1,3784524273,2928685405,RDHO-core w/o dual-source initialization,0.9847496393420009,0.9847496393420009,0.6764163060086675,3.353626676379038,8.682844444444445,1.0,2.6772103703703705,0.30833333333333335,0.6863863272529709,1.0880746874341214,1.1100949385253105,83.11631036590393,1.9937691058173346,2.3605952887000194,0.3206957656791719,0.9263915699186617,0.6916666666666667,15050,15050,7.884669099934399
11,3784524273,11,1,3784524273,1733134381,RDHO-core w/o adaptive role allocation,0.8869838457039784,0.8869838457039784,0.6286505123706451,2.149900882741015,5.888711111111111,1.0,1.5212503703703701,0.2583333333333333,0.6898736962711478,0.9352227116408194,0.9879559350206888,83.3803597003091,1.83727007178156,2.204096254664245,0.32807650410005185,0.9227440391810996,0.7416666666666667,15010,15050,7.766412700060755
11,3784524273,11,1,3784524273,4178574514,RDHO-core w/o elite preservation,0.8918947961626563,0.8918947961626563,0.6252281294959896,1.854075536903397,4.608177777777777,1.0,1.2288474074074074,0.2666666666666667,0.7235864875528538,0.9149084577844698,0.9620420621187444,88.31757160716978,1.7678521730059713,2.1346783558886564,0.32860559103736586,0.9232125078760657,0.7333333333333333,15010,15050,7.920862799976021
11,3784524273,11,1,3784524273,2228157455,RDHO-core w/o dynamic penalty,0.8968795476461545,0.8968795476461545,0.6302128809794878,0.8968795476461545,1.0,1.0,0.2666666666666667,0.2666666666666667,0.7011537798474287,0.9368693950222051,0.9873176676204072,84.79962290662777,1.817998329891021,2.184824512773706,0.3283647604607265,0.9234517546394282,0.7333333333333333,15010,15050,7.8600306999869645
11,3784524273,11,1,3784524273,2231752260,RDHO-full,0.8810220027468108,0.8810220027468108,0.6226886694134774,2.947688669413477,9.0,1.0,2.3249999999999997,0.2583333333333333,0.6997867791087694,0.9155393504587119,0.96579630170404,85.83007831622648,1.7864390092853786,2.1532651921680634,0.3290444827036214,0.9220335587461895,0.7416666666666667,15011,15050,7.800230300053954
12,3786772364,12,1,3786772364,1320999747,RDHO-core,0.9834090780856863,0.9834090780856863,0.675075744752353,2.2221690780856864,5.017600000000001,1.0,1.5470933333333337,0.30833333333333335,0.6646839933766924,1.1465958679204735,1.0563091436336935,88.13944909801342,1.422814268850504,1.7197457274079873,0.33978755681256445,0.8917246958632782,0.6916666666666667,15010,15050,7.816738300025463
12,3786772364,12,1,3786772364,246118553,RDHO-core w/o hybrid RIME-DBO fusion,0.9801321467095032,0.9801321467095032,0.6717988133761699,3.3248358504132076,8.604444444444447,1.0,2.6530370370370377,0.30833333333333335,0.6927597673205478,1.1221130013812786,1.0365962198667884,92.18369384640626,1.401333914280592,1.6982653728380754,0.33972590884212567,0.8912794747677214,0.6916666666666667,15010,15050,7.717000700067729
12,3786772364,12,1,3786772364,2930933496,RDHO-core w/o dual-source initialization,1.0328189114753195,1.0328189114753195,0.7078189114753196,3.529743355919764,8.682844444444445,1.0,2.8219244444444445,0.32499999999999996,0.6025931519210392,1.2669453662080035,1.1579769737713892,76.94900598248152,1.659083467919066,1.9560149264765492,0.332249031697817,0.8845800122954411,0.675,15050,15050,7.823657799977809
12,3786772364,12,1,3786772364,1735382472,RDHO-core w/o adaptive role allocation,0.9811824082717642,0.9811824082717642,0.6728490749384308,3.2540238897532463,8.371377777777779,1.0,2.5811748148148155,0.30833333333333335,0.650118332813832,1.145010409486945,1.0564135152637122,85.39397903466144,1.4405986671945992,1.737530125752082,0.3394518103701355,0.8913599474675773,0.6916666666666667,15010,15050,7.962369400076568
12,3786772364,12,1,3786772364,4180822605,RDHO-core w/o elite preservation,0.9887570155911976,0.9887570155911976,0.6720903489245309,3.4216577563319386,8.682844444444445,1.0,2.7495674074074077,0.31666666666666665,0.6405038630389172,1.145640956363993,1.059291559863625,83.35844793153305,1.4484228939999972,1.7453543525574804,0.3390764983404448,0.8916822454940779,0.6833333333333333,15010,15050,7.70602050004527
12,3786772364,12,1,3786772364,2230405546,RDHO-core w/o dynamic penalty,0.9729434879725711,0.9729434879725711,0.6729434879725711,0.9729434879725711,1.0,1.0,0.30000000000000004,0.30000000000000004,0.6665836474814014,1.1375891778202587,1.0512975622781138,88.62960654753799,1.4214913078587792,1.7184227664162623,0.3400496856234605,0.8917181074897423,0.7,15010,15050,7.628723700065166
12,3786772364,12,1,3786772364,2234000351,RDHO-full,0.9600549428988303,0.9600549428988303,0.6683882762321637,3.293388276232163,9.0,1.0,2.6249999999999996,0.29166666666666663,0.6264498448769755,1.1420421552583029,1.0561541376478243,81.31080333909458,1.4677090717098158,1.7646405302672992,0.3413094438862691,0.8911559613845025,0.7083333333333334,15011,15050,7.657695499714464
13,3789020455,13,1,3789020455,1323247838,RDHO-core,1.0290696829830719,1.0290696829830719,0.7040696829830719,3.4247674607608496,8.371377777777779,1.0,2.7206977777777777,0.32499999999999996,0.9966033787930698,1.0333865837713851,1.0027311708709559,120.40126743387012,1.5663029996562268,1.8789182098428299,0.3114851899210412,0.8924149923821083,0.675,15010,15050,7.740295399911702
13,3789020455,13,1,3789020455,248366644,RDHO-core w/o hybrid RIME-DBO fusion,1.02439322848063,1.02439322848063,0.6993932284806301,3.5213176729250746,8.682844444444445,1.0,2.8219244444444445,0.32499999999999996,0.9362850922469341,1.043968445161107,1.0147561317438591,111.23554628636023,1.5912815342360775,1.9038967444226806,0.3116013298331753,0.890782784084216,0.675,15010,15050,7.7343921000137925
13,3789020455,13,1,3789020455,2933181587,RDHO-core w/o dual-source initialization,1.211656333223012,1.211656333223012,0.8283229998896785,4.066995592482271,8.44871111111111,1.0,3.238672592592592,0.3833333333333333,0.9328907051110475,1.384654778161695,1.3635202838013432,101.99847196657444,2.140529351224724,2.453144561411327,0.2947858744819295,0.8732656429640762,0.6166666666666667,15050,15050,7.835409699939191
13,3789020455,13,1,3789020455,1737630563,RDHO-core w/o adaptive role allocation,1.0373980210238356,1.0373980210238356,0.7040646876905021,3.494523946949762,8.371377777777779,1.0,2.79045925925926,0.33333333333333337,1.0233024171800913,1.0206563342306023,0.9899953897597011,120.11705951602241,1.5408356253454643,1.8534508355320678,0.31118724794010755,0.890925563952061,0.6666666666666666,15010,15050,7.766688300296664
13,3789020455,13,1,3789020455,4183070696,RDHO-core w/o elite preservation,1.0403963263746072,1.0403963263746072,0.6987296597079407,3.3773963263746074,7.839999999999999,1.0,2.6786666666666665,0.3416666666666667,1.022888577720801,1.0039230268140436,0.9765958581582008,119.21525497328949,1.528200016986153,1.8408152271727563,0.3110004569614434,0.8914445534542613,0.6583333333333333,15010,15050,7.762044199742377
13,3789020455,13,1,3789020455,2232653637,RDHO-core w/o dynamic penalty,1.030030417174313,1.030030417174313,0.6966970838409797,1.030030417174313,1.0,1.0,0.33333333333333337,0.33333333333333337,0.9999191705882323,1.0104832446330225,0.9823337901116307,116.43520927810114,1.549000263026091,1.8616154732126944,0.31092016953000506,0.8943999763281335,0.6666666666666666,15010,15050,7.769519100431353
13,3789020455,13,1,3789020455,2236248442,RDHO-full,1.0119605973433798,1.0119605973433798,0.7036272640100465,3.478627264010047,9.0,1.0,2.7750000000000004,0.30833333333333335,0.8601006889322914,1.0910205757216107,1.0612367820611233,100.93313842047893,1.7135789454542594,2.0261941556408627,0.3128035173329608,0.8923496110680935,0.6916666666666667,15011,15050,7.7747200997546315
14,3791268546,14,1,3791268546,1325495929,RDHO-core,1.04742324962324,1.04742324962324,0.6974232496232402,3.60046324962324,8.2944,1.0,2.90304,0.35,0.6864724917623155,1.1212422241674413,1.1345879596080208,80.22526318586168,1.8023673433984932,2.1112455700033608,0.3132916976861082,0.8893145010652014,0.65,15010,15050,7.74989979993552
14,3791268546,14,1,3791268546,250614735,RDHO-core w/o hybrid RIME-DBO fusion,1.0391140349936763,1.0391140349936763,0.6974473683270096,3.5313673683270097,8.2944,1.0,2.83392,0.3416666666666667,0.6956355056880273,1.116013117711963,1.132156783966431,81.26158819382154,1.8078371021874624,2.1167153287923304,0.3135245695779295,0.8894005583271712,0.6583333333333333,15010,15050,7.756439199671149
14,3791268546,14,1,3791268546,2935429678,RDHO-core w/o dual-source initialization,1.2331753330519453,1.2331753330519453,0.8748419997186121,3.604481999718611,7.617599999999999,1.0,2.729639999999999,0.3583333333333333,0.59623251986553,1.619753588328302,1.6566804161387463,72.05368679862971,2.5800072246375167,2.888885451242384,0.2945906851630003,0.8609773137898478,0.6416666666666667,15050,15050,7.91191429970786
14,3791268546,14,1,3791268546,1739878654,RDHO-core w/o adaptive role allocation,1.0423401887213077,1.0423401887213077,0.7006735220546412,3.6405253739064936,8.604444444444447,1.0,2.9398518518518526,0.3416666666666667,0.668318775228546,1.1393395413538028,1.151473046891838,77.71305652627382,1.8424123135827137,2.1512905401875813,0.3131474977003295,0.8899318415439854,0.6583333333333333,15010,15050,7.973801800049841
14,3791268546,14,1,3791268546,4185318787,RDHO-core w/o elite preservation,1.030779218218669,1.030779218218669,0.7057792182186691,3.3517703293297805,8.141511111111113,1.0,2.6459911111111114,0.32499999999999996,0.6302674550726522,1.1697750781530634,1.1829027586808118,77.34431671601595,1.8616934104655485,2.170571637070416,0.3133118290790087,0.8899190249263941,0.675,15010,15050,7.788019900210202
14,3791268546,14,1,3791268546,2234901728,RDHO-core w/o dynamic penalty,1.0406704015992054,1.0406704015992054,0.6990037349325386,1.0406704015992054,1.0,1.0,0.3416666666666667,0.3416666666666667,0.6889219989411709,1.126351168499573,1.138823956400405,79.84483789411684,1.8180122374795236,2.1268904640843913,0.3132873453931203,0.8909207804614959,0.6583333333333333,15010,15050,7.785634300205857
14,3791268546,14,1,3791268546,2238496533,RDHO-full,1.0210842299314922,1.0210842299314922,0.7044175632648254,3.554417563264825,9.0,1.0,2.8499999999999996,0.31666666666666665,0.6188310155448249,1.1739078371609508,1.18294071267752,76.16474277483894,1.8285875896258907,2.1374658162307583,0.31423979434319826,0.8900858343629818,0.6833333333333333,15011,15050,7.713494999799877
15,3793516637,15,1,3793516637,1327744020,RDHO-core,0.9587485305855885,0.9587485305855885,0.6754151972522552,2.5516611231781807,6.622044444444444,1.0,1.8762459259259257,0.2833333333333333,0.7136902271928247,1.076525280322691,1.084538922848863,83.28246198915866,1.566733666654596,1.8772755256220435,0.3269230098040078,0.9131766439753718,0.7166666666666667,15010,15050,7.666905800346285
15,3793516637,15,1,3793516637,252862826,RDHO-core w/o hybrid RIME-DBO fusion,0.9601636528215389,0.9601636528215389,0.6768303194882056,3.0706318009696867,8.44871111111111,1.0,2.393801481481481,0.2833333333333333,0.6667845132434829,1.10303409122338,1.1074770372086515,75.40274570135486,1.601879997871531,1.9124218568389786,0.3278103905062769,0.9127411239879394,0.7166666666666667,15010,15050,7.669954299926758
15,3793516637,15,1,3793516637,2937677769,RDHO-core w/o dual-source initialization,1.0622168203120421,1.0622168203120421,0.7205501536453753,2.123904227719449,4.107377777777777,1.0,1.4033540740740738,0.3416666666666667,0.8058576298408202,1.1486620234382252,1.1594340268292158,92.87846965962606,1.7112715922505906,2.021813451218038,0.31802795677522705,0.9000304420740715,0.6583333333333333,15050,15050,7.791931400075555
15,3793516637,15,1,3793516637,1742126745,RDHO-core w/o adaptive role allocation,0.9876769049078283,0.9876769049078283,0.6626769049078284,3.4591213493522734,8.604444444444447,1.0,2.796444444444445,0.32499999999999996,0.7578733460839531,1.0095994453442299,1.0329297106390745,85.95941049432045,1.516055058394506,1.8265969173619534,0.32659052507031605,0.9095292986665394,0.675,15010,15050,7.708809499628842
15,3793516637,15,1,3793516637,4187566878,RDHO-core w/o elite preservation,0.9720905824699514,0.9720905824699514,0.6720905824699513,2.438703915803285,5.888711111111111,1.0,1.7666133333333336,0.30000000000000004,0.7407526726303812,1.0536459990064408,1.0652338740293907,85.48717962432696,1.5522519243876751,1.862793783355123,0.32738072574363386,0.9130832465821667,0.7,15010,15050,7.837970799766481
15,3793516637,15,1,3793516637,2237149819,RDHO-core w/o dynamic penalty,0.9831320216316042,0.9831320216316042,0.6747986882982708,0.9831320216316042,1.0,1.0,0.30833333333333335,0.30833333333333335,0.7620544260284025,1.0483093662068783,1.0635089508607494,85.04350278267755,1.5769055002039036,1.8874473591713514,0.327225511544751,0.9106051712919336,0.6916666666666667,15010,15050,7.672328399959952
15,3793516637,15,1,3793516637,2240744624,RDHO-full,0.9497758996189626,0.9497758996189626,0.6664425662856293,3.216442566285629,9.0,1.0,2.55,0.2833333333333333,0.6822042297486443,1.0605364723494652,1.0743180355926247,77.42980275712611,1.5690287988202465,1.8795706577876943,0.3281187252752857,0.9112098593151627,0.7166666666666667,15011,15050,7.716130500193685
16,3795764728,16,1,3795764728,1329992111,RDHO-core,1.0690076771448014,1.0690076771448014,0.7190076771448014,3.3851676771448007,7.617599999999999,1.0,2.666159999999999,0.35,0.7275542462842177,1.1253914602376724,1.1625114420562563,97.86297080312232,2.167633249645494,2.513708676154378,0.3068591037124227,0.8588867652665112,0.65,15010,15050,7.812314299866557
16,3795764728,16,1,3795764728,255110917,RDHO-core w/o hybrid RIME-DBO fusion,1.073961443465419,1.073961443465419,0.7322947767987523,1.9228132953172707,3.4844444444444447,1.0,1.1905185185185185,0.3416666666666667,0.7217667541149246,1.1679694686593987,1.2022093152248998,95.91134685962746,2.286423021847598,2.632498448356482,0.3064181179546054,0.8600119606948993,0.6583333333333333,15010,15050,7.826374299824238
16,3795764728,16,1,3795764728,2939925860,RDHO-core w/o dual-source initialization,1.184811534733911,1.184811534733911,0.834811534733911,3.9290604236228,8.840711111111112,1.0,3.094248888888889,0.35,0.655248341685861,1.468003709417572,1.5111792503969756,89.4716227027024,2.8598530211485347,3.2059284476574192,0.2985785372508631,0.8450699547931327,0.65,15050,15050,7.908997899852693
16,3795764728,16,1,3795764728,1744374836,RDHO-core w/o adaptive role allocation,1.0702867509057512,1.0702867509057512,0.7286200842390845,3.6152630472020473,8.44871111111111,1.0,2.886642962962963,0.3416666666666667,0.6761141044597471,1.1816014013459513,1.2129989550339348,92.04160305671343,2.2407487541806814,2.5868241806895655,0.3076604255617078,0.8628877049925207,0.6583333333333333,15010,15050,7.80963939987123
16,3795764728,16,1,3795764728,4189814969,RDHO-core w/o elite preservation,1.059396421047254,1.059396421047254,0.7260630877139207,3.4653223469731804,8.217777777777778,1.0,2.7392592592592595,0.33333333333333337,0.7945321322356472,1.1160423748842216,1.1561131327777647,104.6771429108977,2.1629939122413036,2.5090693387501872,0.3076583698341647,0.8593244898042857,0.6666666666666666,15010,15050,7.720033099874854
16,3795764728,16,1,3795764728,2239397910,RDHO-core w/o dynamic penalty,1.0702079081165565,1.0702079081165565,0.7202079081165564,1.0702079081165565,1.0,1.0,0.35,0.35,0.7425558976779533,1.1220568555660948,1.1595482633022829,97.86108422051562,2.1726469144262492,2.518722340935133,0.3064974138915703,0.8590772162304592,0.65,15010,15050,7.725874099880457
16,3795764728,16,1,3795764728,2242992715,RDHO-full,1.047322062969379,1.047322062969379,0.7306553963027124,3.580655396302712,9.0,1.0,2.8499999999999996,0.31666666666666665,0.8483566288578797,1.1158579814932186,1.1526322020754054,108.86847657768979,2.1705556015635814,2.5166310280724655,0.31129733051051717,0.8667156121496168,0.6833333333333333,15011,15050,7.786260699853301
17,3798012819,17,1,3798012819,1332240202,RDHO-core,0.8498322895882189,0.8498322895882189,0.6081656229215522,2.68757303032896,8.604444444444447,1.0,2.079407407407408,0.2416666666666667,0.797657721566955,0.8495811085000314,0.8856645742802332,89.65229466530973,1.4707981555604224,1.8154577383598145,0.33537406606562453,0.9288383997125453,0.7583333333333333,15010,15050,7.661953400354832
17,3798012819,17,1,3798012819,257359008,RDHO-core w/o hybrid RIME-DBO fusion,0.8490389024378294,0.8490389024378294,0.6157055691044961,2.641702606141533,8.682844444444445,1.0,2.025997037037037,0.23333333333333328,0.7407318627965607,0.9003194020839871,0.9342947814589639,84.63588611977805,1.5291933543182084,1.8738529371176007,0.33712641291932965,0.9321178947581855,0.7666666666666667,15010,15050,7.6475776000879705
17,3798012819,17,1,3798012819,2942173951,RDHO-core w/o dual-source initialization,0.9688156445960058,0.9688156445960058,0.7021489779293391,2.955138607558969,8.44871111111111,1.0,2.25298962962963,0.2666666666666667,0.6611415824543496,1.2131356051936695,1.1835180394541045,77.66966455918785,1.891353396852517,2.2360129796519095,0.3274252433586775,0.9353595890760615,0.7333333333333333,15050,15050,7.772228899877518
17,3798012819,17,1,3798012819,1746622927,RDHO-core w/o adaptive role allocation,0.8567390014644485,0.8567390014644485,0.6067390014644485,2.75785011257556,8.604444444444447,1.0,2.1511111111111116,0.25,0.7715063105603365,0.8616234736863863,0.8921138705103182,86.25273030966127,1.4863900953646978,1.8310496781640904,0.33663987644300003,0.9299730846554947,0.75,15010,15050,7.6261142999865115
17,3798012819,17,1,3798012819,4192063060,RDHO-core w/o elite preservation,0.8585600628928177,0.8585600628928177,0.6085600628928177,2.779271174003929,8.682844444444445,1.0,2.1707111111111113,0.25,0.75479364662306,0.8758208361158903,0.9037579379617778,85.28101840122733,1.5034499964907266,1.848109579290119,0.3368186858334312,0.9303161026080903,0.75,15010,15050,7.7410860997624695
17,3798012819,17,1,3798012819,2241646001,RDHO-core w/o dynamic penalty,0.8492505950711351,0.8492505950711351,0.6242505950711351,0.8492505950711351,1.0,1.0,0.22499999999999998,0.22499999999999998,0.7455300079883811,0.9376642548765686,0.9441664281737767,85.6065258983682,1.5526881091116875,1.89734769191108,0.33602683109608894,0.9322204888773612,0.775,15010,15050,7.659410499967635
17,3798012819,17,1,3798012819,2245240806,RDHO-full,0.8379310895685108,0.8379310895685108,0.6212644229018441,2.5712644229018444,9.0,1.0,1.9500000000000002,0.21666666666666667,0.71959822714451,0.9291281553951528,0.954556032652716,80.46092565453608,1.5434438703968745,1.8881034531962668,0.33713115083502443,0.9306918132035698,0.7833333333333333,15011,15050,7.709725900087506
18,3800260910,18,1,3800260910,1334488293,RDHO-core,1.1024779237135265,1.1024779237135265,0.7274779237135266,3.9835445903801934,8.682844444444445,1.0,3.256066666666667,0.375,0.6337286761151174,1.216883712587434,1.2758446282910667,72.15310294398864,1.7461869119156486,2.03532151228561,0.3128786752206921,0.9082527657795859,0.625,15010,15050,7.768949700053781
18,3800260910,18,1,3800260910,259607099,RDHO-core w/o hybrid RIME-DBO fusion,1.1010321189532335,1.1010321189532335,0.7176987856199001,1.9596987856199002,3.24,1.0,1.242,0.3833333333333333,0.6817399771272769,1.1498649000173575,1.2347822064152587,78.03705207143702,1.7159258644881477,2.0050604648581087,0.3109506004143208,0.9050429485250668,0.6166666666666667,15010,15050,7.736619400326163
18,3800260910,18,1,3800260910,2944422042,RDHO-core w/o dual-source initialization,1.2009789623482443,1.2009789623482443,0.8093122956815775,3.218218962348245,6.1504,1.0,2.408906666666667,0.3916666666666667,0.5430088040514102,1.4844199113767769,1.5471872726763989,53.88885954733941,2.148580850326039,2.4377154506960004,0.30753499938269774,0.9094228652890239,0.6083333333333333,15050,15050,7.7978110001422465
18,3800260910,18,1,3800260910,1748871018,RDHO-core w/o adaptive role allocation,1.110392707956136,1.110392707956136,0.7187260412894693,2.778649004252432,5.259377777777776,1.0,2.0599229629629625,0.3916666666666667,0.6673161592093734,1.157514131813238,1.2447620918348683,76.08333695076945,1.709105196570188,1.9982397969401497,0.3113189782727119,0.9044847046508725,0.6083333333333333,15010,15050,7.718617899809033
18,3800260910,18,1,3800260910,4194311151,RDHO-core w/o elite preservation,1.1064935625393937,1.1064935625393937,0.7314935625393938,3.9875602292060606,8.682844444444445,1.0,3.256066666666667,0.375,0.6087491253928375,1.2365478588798773,1.2983281603422696,69.36424498130725,1.7711304983431688,2.0602650987131303,0.3127458015903652,0.9071206670895039,0.625,15010,15050,7.748856000136584
18,3800260910,18,1,3800260910,2243894092,RDHO-core w/o dynamic penalty,1.1022663450418655,1.1022663450418655,0.7189330117085323,1.1022663450418655,1.0,1.0,0.3833333333333333,0.3833333333333333,0.6511922617150895,1.1636943785613632,1.2507452188456576,74.25986741361383,1.7062602960707571,1.9953948964407187,0.311144110171605,0.9026520022366634,0.6166666666666667,15010,15050,7.747381699737161
18,3800260910,18,1,3800260910,2247488897,RDHO-full,1.1008657054690922,1.1008657054690922,0.7258657054690922,4.100865705469092,9.0,1.0,3.375,0.375,0.629416926025347,1.2136037068188354,1.2732300845179192,72.47698000727962,1.7430070601082108,2.0321416604781724,0.31290784026522495,0.9080257851792511,0.625,15011,15050,7.739189800340682
19,3802509001,19,1,3802509001,1336736384,RDHO-core,1.2120519001920145,1.2120519001920145,0.7953852335253478,4.348051900192013,8.526399999999999,1.0,3.5526666666666658,0.41666666666666663,0.7004473433057118,1.4292071545137974,1.3615452199944336,84.31313956811253,2.0206604217332114,2.3367581640946447,0.2948180137441096,0.8906699268417516,0.5833333333333334,15010,15050,7.858477599918842
19,3802509001,19,1,3802509001,261855190,RDHO-core w/o hybrid RIME-DBO fusion,1.202593647208545,1.202593647208545,0.7942603138752117,4.339755128690027,8.682844444444445,1.0,3.545494814814815,0.4083333333333333,0.7138251339234023,1.4059282404571092,1.3599330736329338,85.20992552772668,2.015195287775833,2.3312930301372665,0.29424883654291334,0.8885083914908937,0.5916666666666667,15010,15050,7.828613900113851
19,3802509001,19,1,3802509001,2946670133,RDHO-core w/o dual-source initialization,1.3036729827768805,1.3036729827768805,0.8286729827768806,3.3268774272213237,5.259377777777776,1.0,2.4982044444444433,0.475,0.9440283823872949,1.3795685128699797,1.3509803038451662,106.32141473262843,2.0654296950564355,2.381527437417869,0.2824078572903584,0.8778425918326169,0.525,15050,15050,7.917734900023788
19,3802509001,19,1,3802509001,1751119109,RDHO-core w/o adaptive role allocation,1.212927847691939,1.212927847691939,0.7879278476919388,4.411647847691939,8.526399999999999,1.0,3.62372,0.42500000000000004,0.7484943428974196,1.376622253174178,1.3250062874870627,88.9836783629884,2.0109858752579077,2.3270836176193415,0.29331672701026357,0.89004686985459,0.575,15010,15050,7.862801800016314
19,3802509001,19,1,3802509001,4196559242,RDHO-core w/o elite preservation,1.209193775904757,1.209193775904757,0.784193775904757,4.24433599812698,8.141511111111113,1.0,3.460142222222223,0.42500000000000004,0.7604102688857057,1.3626696013684387,1.3090969652431823,90.73393075111855,1.9970144848079734,2.313112227169407,0.2932423996257386,0.8911079911022658,0.575,15010,15050,7.827144700102508
19,3802509001,19,1,3802509001,2246142183,RDHO-core w/o dynamic penalty,1.2136470819077805,1.2136470819077805,0.7886470819077804,1.2136470819077805,1.0,1.0,0.42500000000000004,0.42500000000000004,0.7907809511417997,1.356947407299625,1.314681548451431,93.7341913436973,1.9469218177186307,2.263019560080065,0.29490157222478164,0.8908923539700957,0.575,15010,15050,7.86277909995988
19,3802509001,19,1,3802509001,2249736988,RDHO-full,1.174883627956605,1.174883627956605,0.7832169612899383,4.308216961289939,9.0,1.0,3.5250000000000004,0.3916666666666667,0.6967360301685566,1.3749788634704536,1.3379886912685701,87.04956314320313,1.977447307955914,2.2935450503173476,0.2940715834093141,0.8864804606291946,0.6083333333333333,15011,15050,7.811710299924016
20,4076776103,20,1,4076776103,1611003486,RDHO-core,0.994150501321005,0.994150501321005,0.6608171679876716,3.007543093913598,7.040177777777778,1.0,2.3467259259259263,0.33333333333333337,0.6565621748603865,1.0521670613287437,1.0662050801474137,83.81925080905522,1.608286918703249,1.8952286938920675,0.3464980925266009,0.8884348413541215,0.6666666666666666,15010,15050,7.732884199824184
20,4076776103,20,1,4076776103,536122292,RDHO-core w/o hybrid RIME-DBO fusion,0.981232682426238,0.981232682426238,0.656232682426238,3.4781571268706823,8.682844444444445,1.0,2.8219244444444445,0.32499999999999996,0.650255712982286,1.036227820627324,1.0603433887171234,85.20514422333474,1.5853116092352622,1.8722533844240807,0.34688299161192965,0.8883511098225831,0.675,15010,15050,7.777031199540943
20,4076776103,20,1,4076776103,3220937235,RDHO-core w/o dual-source initialization,1.1673862162251964,1.1673862162251964,0.8007195495585298,2.4280025125214926,4.438044444444444,1.0,1.6272829629629628,0.3666666666666667,0.46080953869481667,1.5351526503841086,1.5371693199974268,58.869604672979854,2.28732573183773,2.5742675070265486,0.32662661840220486,0.8978079528089725,0.6333333333333333,15050,15050,7.872205399908125
20,4076776103,20,1,4076776103,2025386211,RDHO-core w/o adaptive role allocation,0.9843028444629887,0.9843028444629887,0.6593028444629887,3.481227288907433,8.682844444444445,1.0,2.8219244444444445,0.32499999999999996,0.655299026826928,1.0445142727851884,1.0647935617499837,83.31829610200609,1.5976936968174733,1.884635472006292,0.3466525173055163,0.8878589340097857,0.675,15010,15050,7.704444000031799
20,4076776103,20,1,4076776103,175859048,RDHO-core w/o elite preservation,0.9910752058526717,0.9910752058526717,0.6577418725193384,3.4998752058526716,8.526399999999999,1.0,2.8421333333333334,0.33333333333333337,0.6738656817876826,1.0294283025477513,1.0567846674772938,88.70697042114337,1.576498028944184,1.8634398041330023,0.34708799469641505,0.8893486398093269,0.6666666666666666,15010,15050,7.766955099999905
20,4076776103,20,1,4076776103,2520409285,RDHO-core w/o dynamic penalty,0.9787633116405154,0.9787633116405154,0.6620966449738488,0.9787633116405154,1.0,1.0,0.31666666666666665,0.31666666666666665,0.6157381060013969,1.068999759506632,1.0918738024344914,80.90642224874222,1.663481680852426,1.950423456041245,0.34606238043160514,0.8898928009254103,0.6833333333333333,15010,15050,7.8082302999682724
20,4076776103,20,1,4076776103,2524004090,RDHO-full,0.9735011084383869,0.9735011084383869,0.6735011084383868,3.3735011084383872,9.0,1.0,2.7,0.30000000000000004,0.630414812229718,1.0972787489179112,1.1188638927455727,81.65341218339591,1.7119074699000905,1.998849245088909,0.34673271163150077,0.8909701054999879,0.7,15011,15050,8.506009299773723
21,4079024194,21,1,4079024194,1613251577,RDHO-core,0.9967693968773466,0.9967693968773466,0.6801027302106799,2.9094923598403097,7.040177777777778,1.0,2.2293896296296296,0.31666666666666665,0.7792010218157952,1.0115376259196556,1.0968532865904776,87.77812481573285,1.4913348525158128,1.8028487933091106,0.3298499392751301,0.901664957795803,0.6833333333333333,15010,15050,8.12243160000071
21,4079024194,21,1,4079024194,538370383,RDHO-core w/o hybrid RIME-DBO fusion,0.9790419970658403,0.9790419970658403,0.6790419970658402,1.8315219970658405,3.8415999999999997,1.0,1.1524800000000002,0.30000000000000004,0.7362932132789177,1.0326514579990325,1.1082353729904875,86.87092036363069,1.4946133876890988,1.8061273284823969,0.33006438115171627,0.9017227317440831,0.7,15010,15050,7.871665299870074
21,4079024194,21,1,4079024194,3223185326,RDHO-core w/o dual-source initialization,1.057954868143922,1.057954868143922,0.732954868143922,3.5548793125883664,8.682844444444445,1.0,2.8219244444444445,0.32499999999999996,0.721601337139959,1.1704074826906954,1.2606093645573953,82.62860233424439,1.7792464148833744,2.090760355676673,0.32035641252182384,0.8915168984467974,0.675,15050,15050,7.8093011998571455
21,4079024194,21,1,4079024194,2027634302,RDHO-core w/o adaptive role allocation,0.9988624319582263,0.9988624319582263,0.665529098624893,3.4047883578841525,8.217777777777778,1.0,2.7392592592592595,0.33333333333333337,0.7884370320656049,0.9733895674060811,1.0431418783296436,85.1497366977246,1.4617853869202226,1.7732993277135207,0.3292155181581967,0.9002775496889577,0.6666666666666666,15010,15050,7.706227200105786
21,4079024194,21,1,4079024194,178107139,RDHO-core w/o elite preservation,0.9861899467606206,0.9861899467606206,0.6778566134272872,2.5946758726865466,6.216711111111111,1.0,1.9168192592592592,0.30833333333333335,0.7634375394937736,1.0103195208818359,1.093498557819395,88.52106696925372,1.4603783506997492,1.7718922914930473,0.3288376399357352,0.8987889888359974,0.6916666666666667,15010,15050,7.860369700007141
21,4079024194,21,1,4079024194,2522657376,RDHO-core w/o dynamic penalty,0.9852742815893685,0.9852742815893685,0.6769409482560351,0.9852742815893685,1.0,1.0,0.30833333333333335,0.30833333333333335,0.7727341530362745,1.0038753731590824,1.086960189317809,88.81399721137214,1.454418234763121,1.7659321755564192,0.32876759419878143,0.8990024799485392,0.6916666666666667,15010,15050,7.69666780019179
21,4079024194,21,1,4079024194,2526252181,RDHO-full,0.9927370888173199,0.9927370888173199,0.6760704221506533,3.526070422150653,9.0,1.0,2.8499999999999996,0.31666666666666665,0.8071655012512375,0.9832297214614709,1.0677913538825945,93.49254847239628,1.4278207330608534,1.7393346738541517,0.3278670853238322,0.8963214428072555,0.6833333333333333,15011,15050,7.700728800147772
22,4081272285,22,1,4081272285,1615499668,RDHO-core,1.0559796044887704,1.0559796044887704,0.7143129378221038,3.600955900785067,8.44871111111111,1.0,2.886642962962963,0.3416666666666667,0.5288216900207449,1.2625018260992207,1.2884551350672955,60.39158932756895,1.8071066968081435,2.0762801459500264,0.3249347233516521,0.9233717430857482,0.6583333333333333,15010,15050,7.708890299778432
22,4081272285,22,1,4081272285,540618474,RDHO-core w/o hybrid RIME-DBO fusion,1.0611501632884444,1.0611501632884444,0.7111501632884444,3.750145718844,8.682844444444445,1.0,3.0389955555555557,0.35,0.5422332065228186,1.245699030821202,1.2747934680896846,59.94895772416632,1.7962985283021795,2.0654719774440617,0.3250834960800947,0.9229099676442877,0.65,15010,15050,7.642094899900258
22,4081272285,22,1,4081272285,3225433417,RDHO-core w/o dual-source initialization,1.1823879237504178,1.1823879237504178,0.7907212570837511,2.4420575533800473,4.216177777777777,1.0,1.6513362962962963,0.3916666666666667,0.5372115821695649,1.4767975611840831,1.4683709921860078,61.770563115570546,2.1182322475491633,2.387405696691046,0.31292507387638535,0.9072921775496053,0.6083333333333333,15050,15050,7.794225099962205
22,4081272285,22,1,4081272285,2029882393,RDHO-core w/o adaptive role allocation,1.0765071994477902,1.0765071994477902,0.7098405327811235,3.8935501624107536,8.682844444444445,1.0,3.18370962962963,0.3666666666666667,0.569758593543044,1.2344668061323594,1.2563536229775707,64.75938473722302,1.744511198958889,2.0136846481007717,0.3258053362393353,0.9224506708234694,0.6333333333333333,15010,15050,7.659402399789542
22,4081272285,22,1,4081272285,180355230,RDHO-core w/o elite preservation,1.0567845784055625,1.0567845784055625,0.7151179117388957,3.522858652479637,8.217777777777778,1.0,2.807740740740741,0.3416666666666667,0.5437056924829043,1.256073285858303,1.2853790417922586,60.55823905271964,1.8103976048471622,2.079571053989045,0.3249673035394534,0.9227316699434952,0.6583333333333333,15010,15050,7.645336300134659
22,4081272285,22,1,4081272285,2524905467,RDHO-core w/o dynamic penalty,1.06142566341757,1.06142566341757,0.71142566341757,1.06142566341757,1.0,1.0,0.35,0.35,0.5606670256125652,1.2430401880998692,1.2655569229479062,63.284368572978856,1.7677737963250753,2.0369472454669575,0.3256385252553022,0.9233286876602042,0.65,15010,15050,7.666543199680746
22,4081272285,22,1,4081272285,2528500272,RDHO-full,1.0515240125733991,1.0515240125733991,0.7098573459067324,3.7848573459067327,9.0,1.0,3.075,0.3416666666666667,0.5538418039175317,1.2358570811507248,1.2670354325636517,62.34719793933546,1.7730212321895031,2.042194681331386,0.3260884543976037,0.9219298390673418,0.6583333333333333,15011,15050,7.691223700065166
23,4083520376,23,1,4083520376,1617747759,RDHO-core,0.9228330174048969,0.9228330174048969,0.6644996840715636,2.7874256099974892,8.217777777777778,1.0,2.1229259259259257,0.2583333333333333,0.8029702401526275,1.0025583090113088,0.9890411959701997,94.15663770572795,1.6163031049332672,1.9566056188738021,0.3380362320328162,0.8785151179554515,0.7416666666666667,15010,15050,7.734415699727833
23,4083520376,23,1,4083520376,542866565,RDHO-core w/o hybrid RIME-DBO fusion,0.9220728264766823,0.9220728264766823,0.6720728264766823,2.78425060425446,8.44871111111111,1.0,2.1121777777777777,0.25,0.7794721631118948,1.0456216550971,1.0183469160740362,92.60799463935402,1.6162814706284547,1.95658398456899,0.33913207534602385,0.8823104425318727,0.75,15010,15050,7.769023499917239
23,4083520376,23,1,4083520376,3227681508,RDHO-core w/o dual-source initialization,1.0269925052477635,1.0269925052477635,0.735325838581097,2.6269332459885044,6.485511111111112,1.0,1.8916074074074074,0.29166666666666663,0.6731170337396873,1.2910884224279522,1.204027239179796,81.96834564053009,2.017712697065135,2.35801521100567,0.32971364668285014,0.8707280640371826,0.7083333333333334,15050,15050,7.835063400212675
23,4083520376,23,1,4083520376,2032130484,RDHO-core w/o adaptive role allocation,0.9219095820044279,0.9219095820044279,0.6635762486710945,2.574829582004427,7.398399999999999,1.0,1.9112533333333328,0.2583333333333333,0.8011422427566778,1.0003898345873528,0.9862430532052906,94.77140859306883,1.5881316508164207,1.9284341647569554,0.3373004573269532,0.8783082369593193,0.7416666666666667,15010,15050,7.768971200101078
23,4083520376,23,1,4083520376,182603321,RDHO-core w/o elite preservation,0.9230605165350344,0.9230605165350344,0.6647271832017011,2.907795331349849,8.682844444444445,1.0,2.243068148148148,0.2583333333333333,0.8407969091332689,0.9856183263460639,0.973610722966178,97.14595763161807,1.5825503427014724,1.9228528566420073,0.3382270869068602,0.8776018999468777,0.7416666666666667,15010,15050,7.809173800051212
23,4083520376,23,1,4083520376,2527153558,RDHO-core w/o dynamic penalty,0.9238613349779254,0.9238613349779254,0.6655280016445921,0.9238613349779254,1.0,1.0,0.2583333333333333,0.2583333333333333,0.8133033639067595,1.0007429009410254,0.9857175840752269,94.41079610590391,1.600380605554586,1.9406831194951208,0.3374902570815381,0.8773995625089458,0.7416666666666667,15010,15050,7.78942110016942
23,4083520376,23,1,4083520376,2530748363,RDHO-full,0.9158488728201003,0.9158488728201003,0.6658488728201003,2.9158488728201,9.0,1.0,2.25,0.25,0.799345901567885,1.0211746705467597,0.9987927123941642,95.81687791516669,1.5850127308659026,1.9253152448064377,0.34540143643582455,0.8825495854678925,0.75,15011,15050,7.791499099694192
24,4085768467,24,1,4085768467,1619995850,RDHO-core,1.0845967905483722,1.0845967905483722,0.7262634572150389,3.5355967905483716,7.839999999999999,1.0,2.8093333333333326,0.3583333333333333,0.7099539499365889,1.1318953127146503,1.2260326728073472,95.49573221072504,2.0796216829068497,2.4219147491528106,0.3248036891427268,0.8560781778337385,0.6416666666666667,15010,15050,7.739724500104785
24,4085768467,24,1,4085768467,545114656,RDHO-core w/o hybrid RIME-DBO fusion,1.0808994427622802,1.0808994427622802,0.722566109428947,3.805825368688206,8.604444444444447,1.0,3.0832592592592594,0.3583333333333333,0.6222539201730023,1.1626561204764712,1.2476764314728812,85.75091429630784,2.095067859742585,2.4373609259885454,0.3235941004466457,0.8552286314055557,0.6416666666666667,15010,15050,7.755717299878597
24,4085768467,24,1,4085768467,3229929599,RDHO-core w/o dual-source initialization,1.2195610787709468,1.2195610787709468,0.8445610787709468,4.041961078770946,8.526399999999999,1.0,3.1973999999999996,0.375,0.5326084967736837,1.5112271307706242,1.6142187795624152,67.87716498215269,2.6872744714123136,3.0295675376582745,0.30472140417997096,0.8347106809127582,0.625,15050,15050,7.893624000251293
24,4085768467,24,1,4085768467,2034378575,RDHO-core w/o adaptive role allocation,1.0864107319221277,1.0864107319221277,0.7280773985887943,3.645452213403609,8.141511111111113,1.0,2.917374814814815,0.3583333333333333,0.6883309202991028,1.1479900639921352,1.2359853467002364,94.173122852879,2.0824227105255053,2.4247157767714658,0.3246674120904407,0.8536038614893141,0.6416666666666667,15010,15050,7.745287999976426
24,4085768467,24,1,4085768467,184851412,RDHO-core w/o elite preservation,1.092393999102688,1.092393999102688,0.7173939991026881,3.885660665769355,8.44871111111111,1.0,3.168266666666667,0.375,0.7291673241228999,1.0974682861951595,1.1909047332089677,97.89108269142314,2.018258346331035,2.360551412576995,0.32478187797227565,0.854347278374982,0.625,15010,15050,7.790260199923068
24,4085768467,24,1,4085768467,2529401649,RDHO-core w/o dynamic penalty,1.0914420818366284,1.0914420818366284,0.7164420818366284,1.0914420818366284,1.0,1.0,0.375,0.375,0.7563367434258016,1.08494567594971,1.1774932358459982,103.56621500343641,1.972400183049532,2.314693249295492,0.3247761780148812,0.8562195349407108,0.625,15010,15050,7.7635530000552535
24,4085768467,24,1,4085768467,2532996454,RDHO-full,1.0759095423456548,1.0759095423456548,0.7259095423456549,3.8759095423456547,9.0,1.0,3.15,0.35,0.6485213254490454,1.1605717788443988,1.2449886418477867,88.4485244243526,2.097360672705979,2.43965373895194,0.3255695973395059,0.8522390093321711,0.65,15011,15050,7.727605000138283
25,4088016558,25,1,4088016558,1622243941,RDHO-core,1.0263902849391506,1.0263902849391506,0.709723618272484,1.9097354701243359,3.7895111111111115,1.0,1.2000118518518519,0.31666666666666665,0.828767956239545,1.1609135697117583,1.089720544906407,108.6578892962428,1.508747082884534,1.7906627073326185,0.3204198432567379,0.9062710351492336,0.6833333333333333,15010,15050,7.734166199807078
25,4088016558,25,1,4088016558,547362747,RDHO-core w/o hybrid RIME-DBO fusion,1.0295303646724872,1.0295303646724872,0.7295303646724872,3.264143698005821,8.44871111111111,1.0,2.5346133333333336,0.30000000000000004,0.8303928713505202,1.2281638126421388,1.1369910255192737,109.64041530327842,1.5299365494044241,1.8118521738525086,0.3207222409009997,0.9058831312200657,0.7,15010,15050,7.75455870013684
25,4088016558,25,1,4088016558,3232177690,RDHO-core w/o dual-source initialization,1.186181826760913,1.186181826760913,0.8278484934275796,3.9674218267609125,8.7616,1.0,3.139573333333333,0.3583333333333333,0.6380603297374824,1.5590139937705767,1.4735463247043328,76.54490539037907,2.2360772493599077,2.517992873807992,0.3007167782535059,0.8849709019044775,0.6416666666666667,15050,15050,7.855933099985123
25,4088016558,25,1,4088016558,2036626666,RDHO-core w/o adaptive role allocation,1.0332983103560345,1.0332983103560345,0.6999649770227011,1.8449131251708497,3.4348444444444453,1.0,1.1449481481481485,0.33333333333333337,0.8590475590413185,1.1085402726721152,1.0530477085886767,106.56993365360228,1.5115936250942361,1.7935092495423206,0.3194571811069281,0.903673776701269,0.6666666666666666,15010,15050,7.775665699969977
25,4088016558,25,1,4088016558,187099503,RDHO-core w/o elite preservation,1.0308557194544548,1.0308557194544548,0.7058557194544548,2.4151534972322315,5.259377777777776,1.0,1.709297777777777,0.32499999999999996,0.8618191017758032,1.1483187305387457,1.060832625889823,112.2885246794119,1.515666023472235,1.7975816479203193,0.32095328250930016,0.910372639773468,0.675,15010,15050,7.7479682001285255
25,4088016558,25,1,4088016558,2531649740,RDHO-core w/o dynamic penalty,1.0298197876184374,1.0298197876184374,0.7048197876184376,1.0298197876184374,1.0,1.0,0.32499999999999996,0.32499999999999996,0.8698765825293002,1.134428229500347,1.0551957558205967,113.0783633075976,1.4759713316951149,1.757886956143199,0.3200008561951304,0.9074594852053851,0.675,15010,15050,7.722215599846095
25,4088016558,25,1,4088016558,2535244545,RDHO-full,0.9958584705523169,0.9958584705523169,0.7041918038856503,3.32919180388565,9.0,1.0,2.6249999999999996,0.29166666666666663,0.8295089833852465,1.1487982677262663,1.077330505858051,107.22760031838158,1.5077374183549193,1.7896530428030037,0.3227578299356044,0.9093237098751427,0.7083333333333334,15011,15050,7.75026600016281
26,4090264649,26,1,4090264649,1624492032,RDHO-core,1.2287304534310448,1.2287304534310448,0.787063786764378,4.316000083060674,7.990044444444444,1.0,3.528936296296296,0.44166666666666665,1.0296595461222622,1.2452330000825511,1.201590182005931,135.50370912040682,1.774350873273427,2.072929180745288,0.29660507127381947,0.8813474549963013,0.5583333333333333,15010,15050,7.748851099982858
26,4090264649,26,1,4090264649,549610838,RDHO-core w/o hybrid RIME-DBO fusion,1.2079797165073136,1.2079797165073136,0.791313049840647,4.409164901692499,8.682844444444445,1.0,3.6178518518518517,0.41666666666666663,0.9250644228842194,1.31481385008296,1.2516745237813793,126.61318838900945,1.8155969461063663,2.114175253578227,0.2964418100937408,0.883572573349083,0.5833333333333334,15010,15050,7.7433676002547145
26,4090264649,26,1,4090264649,3234425781,RDHO-core w/o dual-source initialization,1.337968392975355,1.337968392975355,0.8796350596420215,3.549049874456836,5.824177777777777,1.0,2.6694148148148145,0.45833333333333337,0.7306575719006367,1.6842924184773858,1.5690039017416004,97.87727951712554,2.252424212979262,2.551002520451123,0.28987445258547884,0.8957584244665295,0.5416666666666666,15050,15050,7.804983200039715
26,4090264649,26,1,4090264649,2038874757,RDHO-core w/o adaptive role allocation,1.2171691412686476,1.2171691412686476,0.8005024746019809,3.617169141268648,6.760000000000001,1.0,2.816666666666667,0.41666666666666663,0.9577082599183276,1.3298972094292736,1.263806533912016,130.35438859321823,1.811057998029139,2.1096363055009997,0.297774668364904,0.8838239419653463,0.5833333333333334,15010,15050,7.736273100133985
26,4090264649,26,1,4090264649,189347594,RDHO-core w/o elite preservation,1.2241040193174864,1.2241040193174864,0.7824373526508198,1.9897380933915603,2.733511111111111,1.0,1.2073007407407406,0.44166666666666665,0.9963197600878093,1.247920996390516,1.2010787292619163,134.00512022693124,1.7351523156055524,2.033730623077413,0.2964260448341355,0.8812319818591138,0.5583333333333333,15010,15050,7.8974584001116455
26,4090264649,26,1,4090264649,2533897831,RDHO-core w/o dynamic penalty,1.2060526771714386,1.2060526771714386,0.7810526771714387,1.2060526771714386,1.0,1.0,0.42500000000000004,0.42500000000000004,0.9595179929082789,1.2634491919540463,1.211656236615664,130.6862310417369,1.7526293114929217,2.0512076189647823,0.29623471644478316,0.8826598750793884,0.575,15010,15050,7.795432000420988
26,4090264649,26,1,4090264649,2537492636,RDHO-full,1.204629282189524,1.204629282189524,0.7962959488561905,4.4712959488561905,9.0,1.0,3.675,0.4083333333333333,0.9123334020767636,1.3456252091798444,1.2673067230448334,124.6380554384147,1.8319641046641695,2.1305424121360304,0.2971960292970468,0.8862407204680228,0.5916666666666667,15011,15050,7.7902044001966715
27,4092512740,27,1,4092512740,1626740123,RDHO-core,0.9730288174068814,0.9730288174068814,0.6896954840735481,3.083496965555029,8.44871111111111,1.0,2.393801481481481,0.2833333333333333,0.820896669831291,1.0654776920757585,1.06157798018497,115.84381898561088,1.5725926971103723,1.8995549631452942,0.3263850062992165,0.8959200586987968,0.7166666666666667,15010,15050,7.738906900398433
27,4092512740,27,1,4092512740,551858929,RDHO-core w/o hybrid RIME-DBO fusion,0.9682905142435434,0.9682905142435434,0.6849571809102101,2.227549773502802,5.444444444444443,1.0,1.542592592592592,0.2833333333333333,0.8033024358313824,1.053106338165918,1.0528227819809355,111.68854257619103,1.5795223397713447,1.906484605806267,0.3241658229670049,0.8921089433752836,0.7166666666666667,15010,15050,7.755735099781305
27,4092512740,27,1,4092512740,3236673872,RDHO-core w/o dual-source initialization,1.1845484843414722,1.1845484843414722,0.8678818176748057,3.543307002859991,8.44871111111111,1.0,2.675425185185185,0.31666666666666665,0.6949695795666928,1.6141127128521966,1.5899268266036128,89.78913824617256,2.6130785206497675,2.9400407866846896,0.3078680230152296,0.8779955430197713,0.6833333333333333,15050,15050,7.800683400128037
27,4092512740,27,1,4092512740,2041122848,RDHO-core w/o adaptive role allocation,0.9658522414341021,0.9658522414341021,0.6741855747674355,3.1838152043970656,8.604444444444447,1.0,2.50962962962963,0.29166666666666663,0.8512908553328543,0.9936891594586209,1.0054419241976502,115.77964408526924,1.5205253610286769,1.847487627063599,0.3250579125011269,0.8895413366621369,0.7083333333333334,15010,15050,7.667751299683005
27,4092512740,27,1,4092512740,191595685,RDHO-core w/o elite preservation,0.9640884013067278,0.9640884013067278,0.6724217346400612,3.136629142047468,8.44871111111111,1.0,2.464207407407407,0.29166666666666663,0.8684555942208358,0.9795523239749724,0.9932951597234319,118.24282628714357,1.502013828262314,1.8289760942972362,0.3248127178272019,0.888941222308784,0.7083333333333334,15010,15050,7.7742182998918
27,4092512740,27,1,4092512740,2536145922,RDHO-core w/o dynamic penalty,0.9632653079096117,0.9632653079096117,0.6799319745762784,0.9632653079096117,1.0,1.0,0.2833333333333333,0.2833333333333333,0.8103295373645816,1.0333912000769971,1.0398210592785535,113.80182927549771,1.5228898404368383,1.8498521064717603,0.32553065064371867,0.8928307409389576,0.7166666666666667,15010,15050,7.720139699988067
27,4092512740,27,1,4092512740,2539740727,RDHO-full,0.9655379617363593,0.9655379617363593,0.682204628403026,3.232204628403026,9.0,1.0,2.55,0.2833333333333333,0.7807151041827499,1.0587227213982167,1.0563636462434662,109.83035954079136,1.565116083981204,1.8920783500161265,0.32636926474327677,0.8935658339879723,0.7166666666666667,15011,15050,7.725269299931824
28,4094760831,28,1,4094760831,1628988214,RDHO-core,1.1700909548246428,1.1700909548246428,0.7617576214913094,4.21164799186168,8.44871111111111,1.0,3.4498903703703703,0.4083333333333333,0.7019675114712479,1.3379025365015236,1.2935300808555354,83.19742932838008,1.8002871090426062,2.0596252305722236,0.3071792128006609,0.9045363947021924,0.5916666666666667,15010,15050,7.7395359999500215
28,4094760831,28,1,4094760831,554107020,RDHO-core w/o hybrid RIME-DBO fusion,1.163579976665012,1.163579976665012,0.7552466433316786,4.268728124813161,8.604444444444447,1.0,3.5134814814814823,0.4083333333333333,0.6743516695957739,1.342155145781073,1.2759870769140969,80.50617771717037,1.7423080135333617,2.001646135062979,0.30686517327061613,0.902842004160055,0.5916666666666667,15010,15050,7.723294799681753
28,4094760831,28,1,4094760831,3238921963,RDHO-core w/o dual-source initialization,1.3127657855639403,1.3127657855639403,0.8460991188972735,3.1876457855639404,5.017600000000001,1.0,2.341546666666667,0.4666666666666667,0.6271081328496438,1.6308946824997204,1.5220697705252686,68.99411029655414,2.179559066348103,2.43889718787772,0.297557805621114,0.8905032244196247,0.5333333333333333,15050,15050,7.825050599873066
28,4094760831,28,1,4094760831,2043370939,RDHO-core w/o adaptive role allocation,1.1739671554910358,1.1739671554910358,0.7573004888243692,3.516485674009554,6.622044444444444,1.0,2.7591851851851845,0.41666666666666663,0.7064329583173896,1.3284288814847875,1.2717810079350431,80.02013261306624,1.7481347708013053,2.0074728923309224,0.30743359018390953,0.9017063647479548,0.5833333333333334,15010,15050,7.724585100077093
28,4094760831,28,1,4094760831,193843776,RDHO-core w/o elite preservation,1.168679245929982,1.168679245929982,0.7436792459299819,4.433888134818871,8.682844444444445,1.0,3.6902088888888893,0.42500000000000004,0.7509797863487769,1.2565984254067786,1.2204052523150053,86.79903599555288,1.6784109369882856,1.9377490585179025,0.30695487267497856,0.8991992725104315,0.575,15010,15050,7.787052100058645
28,4094760831,28,1,4094760831,2538394013,RDHO-core w/o dynamic penalty,1.172426343991295,1.172426343991295,0.7474263439912949,1.172426343991295,1.0,1.0,0.42500000000000004,0.42500000000000004,0.7416483985383187,1.2745898276457595,1.2319070987519551,86.03941165055815,1.6940315229606813,1.9533696444902986,0.30665447354927516,0.8989087651975565,0.575,15010,15050,7.756296599749476
28,4094760831,28,1,4094760831,2541988818,RDHO-full,1.1554490269312518,1.1554490269312518,0.7554490269312517,4.355449026931252,9.0,1.0,3.6,0.4,0.6692553021401734,1.3394144685457452,1.2874963217264148,80.28367089016268,1.7884583505627418,2.047796472092359,0.3094430149430747,0.903959797124602,0.6,15011,15050,7.747618800029159
29,4097008922,29,1,4097008922,1631236305,RDHO-core,0.8323100257865805,0.8323100257865805,0.5906433591199138,2.670050766527322,8.604444444444447,1.0,2.079407407407408,0.2416666666666667,0.6163946601031578,0.8854530599516067,0.8906172044639338,69.0739051800741,1.480282047889395,1.8054817794887406,0.33969641354679625,0.911332545577554,0.7583333333333333,15010,15050,7.717008200008422
29,4097008922,29,1,4097008922,556355111,RDHO-core w/o hybrid RIME-DBO fusion,0.8329371655045049,0.8329371655045049,0.5912704988378382,2.5957504988378384,8.2944,1.0,2.00448,0.2416666666666667,0.5143272642394425,0.9452083834058265,0.9271230309672344,56.8747765188424,1.6062214828885744,1.93142121448792,0.34020392972928654,0.9121338882803095,0.7583333333333333,15010,15050,7.762921300251037
29,4097008922,29,1,4097008922,3241170054,RDHO-core w/o dual-source initialization,0.9100412829083636,0.9100412829083636,0.6433746162416969,2.9378931347602166,8.604444444444447,1.0,2.2945185185185197,0.2666666666666667,0.520240828372118,1.091920794012212,1.058381083832575,60.41436909459317,1.7959929358420683,2.1211926674414143,0.32935893876051087,0.9111444367693597,0.7333333333333333,15050,15050,7.895640899892896
29,4097008922,29,1,4097008922,2045619030,RDHO-core w/o adaptive role allocation,0.8250420772263815,0.8250420772263815,0.5917087438930482,2.617705780930085,8.682844444444445,1.0,2.025997037037037,0.23333333333333328,0.5370213022185937,0.9359090564492949,0.9203899519408558,59.21253767359457,1.5776190450323688,1.9028187766317146,0.34224150740603515,0.9109936937751895,0.7666666666666667,15010,15050,7.710607400164008
29,4097008922,29,1,4097008922,196091867,RDHO-core w/o elite preservation,0.831859681918097,0.831859681918097,0.5901930152514303,2.6319648671032825,8.44871111111111,1.0,2.041771851851852,0.2416666666666667,0.5764215691857664,0.9096647362174284,0.9039465171895096,63.74063361003209,1.5239842321957835,1.8491839637951295,0.3411979756566007,0.9128389603312027,0.7583333333333333,15010,15050,7.765326600056142
29,4097008922,29,1,4097008922,2540642104,RDHO-core w/o dynamic penalty,0.832078013487025,0.832078013487025,0.5904113468203583,0.832078013487025,1.0,1.0,0.2416666666666667,0.2416666666666667,0.6160010467722744,0.8967408996660435,0.8823679837269438,68.18485829901144,1.503806747125117,1.829006478724463,0.34007811324242926,0.9118160543206829,0.7583333333333333,15010,15050,7.782597899902612
29,4097008922,29,1,4097008922,2544236909,RDHO-full,0.8231196905600924,0.8231196905600924,0.5897863572267591,2.6897863572267586,9.0,1.0,2.0999999999999996,0.23333333333333328,0.572138554263509,0.9157174779781758,0.9053025442615009,65.25611364390161,1.5399816839762406,1.8651814155755866,0.34511709992727163,0.9126931259199035,0.7666666666666667,15011,15050,7.736881799995899
30,76308728,30,1,76308728,1905503407,RDHO-core,1.0398204104382267,1.0398204104382267,0.6898204104382266,3.7288159659937823,8.682844444444445,1.0,3.0389955555555557,0.35,0.540293936799058,1.2530809695181393,1.1503157581475403,67.16106541147113,1.5409138324387222,1.8226810899082655,0.3271699070112519,0.9098260015441919,0.65,15010,15050,7.7438881997950375
30,76308728,30,1,76308728,830622213,RDHO-core w/o hybrid RIME-DBO fusion,1.034223098789229,1.034223098789229,0.6925564321225622,3.6057430987892287,8.526399999999999,1.0,2.9131866666666664,0.3416666666666667,0.5640490603223534,1.2568096250797038,1.1475213481794562,72.02950898122012,1.5144764032446207,1.7962436607141636,0.32916641011393855,0.9111401511806116,0.6583333333333333,15010,15050,7.750161800067872
30,76308728,30,1,76308728,3515437156,RDHO-core w/o dual-source initialization,1.2082688207921022,1.2082688207921022,0.824935487458769,4.093388820792102,8.526399999999999,1.0,3.2684533333333325,0.3833333333333333,0.587158011510198,1.6206299046797539,1.4706607966947864,74.0184713857196,2.567726492102194,2.8494937495717374,0.310937385360436,0.8905220518742882,0.6166666666666667,15050,15050,7.840445400215685
30,76308728,30,1,76308728,2319886132,RDHO-core w/o adaptive role allocation,1.02798082162911,1.02798082162911,0.6946474882957766,3.5889289697772586,8.682844444444445,1.0,2.894281481481482,0.33333333333333337,0.5540143920035685,1.2602303668811998,1.159973317145028,69.3023642701626,1.551970457914336,1.8337377153838794,0.3282369524100388,0.9096986034537381,0.6666666666666666,15010,15050,7.746470599900931
30,76308728,30,1,76308728,470358969,RDHO-core w/o elite preservation,1.038910470592362,1.038910470592362,0.6889104705923619,3.7279060261479176,8.682844444444445,1.0,3.0389955555555557,0.35,0.5397949458974112,1.2495997793337748,1.1480179436764866,67.79269658015562,1.5412128712494333,1.8229801287189757,0.32737423708649105,0.9090350706239619,0.65,15010,15050,7.770719499792904
30,76308728,30,1,76308728,2814909206,RDHO-core w/o dynamic penalty,1.0369787039376304,1.0369787039376304,0.6869787039376305,1.0369787039376304,1.0,1.0,0.35,0.35,0.5633032073810702,1.2337032298730246,1.1341930155729814,69.45640822676532,1.5174358200054663,1.7992030774750092,0.3277027072842592,0.9099407517760605,0.65,15010,15050,7.753131000325084
30,76308728,30,1,76308728,2818504011,RDHO-full,1.020224593189126,1.020224593189126,0.6952245931891262,3.620224593189126,9.0,1.0,2.925,0.32499999999999996,0.5631064575595867,1.2665243950613356,1.155668539466872,71.388234693679,1.5243622488617434,1.8061295063312865,0.33008043456408753,0.9113345358254583,0.675,15011,15050,7.736603300087154
