experiment,run_id,scenario_seed,method,reporting_fitness,base_objective,energy,delay,aoi,qoe,fairness,soft_csr,hard_feasible,capacity_utilisation,capacity_utilisation_max,assignment_unique,runtime_s,total_nfe,population_nfe,refinement_nfe,initial_nfe,candidate_nfe,final_reporting_nfe,generation_count,final_generation_candidate_count,reassignment_count,repair_failure_count,initial_population_hash,code_commit,search_fitness_not_reported
controlled_common_pipeline,1,20260701,RDHO-common-pipeline,1.1365994329180542,0.7699327662513876,74.89587500789796,2.173036153098063,2.466012912491222,0.4054169144446534,0.9047769822789423,0.6333333333333333,1,0.8169308234418086,1.0,1,8.26837625,10232,9232,1000,50,9181,1,184,31,0,0,b93a5149b5ca48cda2a07924e0f7bf8f8d64fa1d86f7c32e0331079bc472c386,cf499f2d1a0f37859cc045cf3c902815b81927f1,True
controlled_common_pipeline,1,20260701,RIME-common-pipeline,1.144582214237163,0.7612488809038298,79.22455117591684,2.071093375508301,2.3640701349014606,0.40371113035587103,0.9008407846102162,0.6166666666666667,1,0.8147211007444607,1.0,1,8.362205042000001,10232,9232,1000,50,9181,1,184,31,0,0,b93a5149b5ca48cda2a07924e0f7bf8f8d64fa1d86f7c32e0331079bc472c386,cf499f2d1a0f37859cc045cf3c902815b81927f1,True
controlled_common_pipeline,1,20260701,DBO-common-pipeline,1.1626010333889634,0.7709343667222966,70.1721942088512,2.181353235988532,2.4743299953816913,0.4088316455108285,0.903800185458797,0.6083333333333333,1,0.801028884407476,1.0,1,8.548157125,10232,9232,1000,50,9181,1,184,31,0,0,b93a5149b5ca48cda2a07924e0f7bf8f8d64fa1d86f7c32e0331079bc472c386,cf499f2d1a0f37859cc045cf3c902815b81927f1,True
controlled_common_pipeline,2,20260702,RDHO-common-pipeline,1.042951487437886,0.7262848207712194,102.31302709469067,1.952394344944662,2.2641925959456723,0.42820746756799216,0.9444313513932566,0.6833333333333333,1,0.8752415943546745,1.0000000000000002,1,8.549205916,10232,9232,1000,50,9181,1,184,31,0,0,3c36935a10dce0b89aae3a693813c581aa2b269bfb1e069f438c498585b7978b,cf499f2d1a0f37859cc045cf3c902815b81927f1,True
controlled_common_pipeline,2,20260702,RIME-common-pipeline,1.0347800437335999,0.6931133770669332,76.34132892207028,2.0689485244865504,2.380746775487561,0.42664751173685783,0.941694218501254,0.6583333333333333,1,0.8256579427398034,1.0,1,8.471860292,10232,9232,1000,50,9181,1,184,31,0,0,3c36935a10dce0b89aae3a693813c581aa2b269bfb1e069f438c498585b7978b,cf499f2d1a0f37859cc045cf3c902815b81927f1,True
controlled_common_pipeline,2,20260702,DBO-common-pipeline,1.046902519998927,0.696902519998927,79.56708504163598,1.9536695120787713,2.265467763079782,0.41987296461944706,0.9394647123020304,0.65,1,0.8081559441374632,1.0,1,8.272173375,10232,9232,1000,50,9181,1,184,31,0,0,3c36935a10dce0b89aae3a693813c581aa2b269bfb1e069f438c498585b7978b,cf499f2d1a0f37859cc045cf3c902815b81927f1,True
controlled_common_pipeline,3,20260703,RDHO-common-pipeline,0.8560618532691443,0.622728519935811,57.95343227756562,1.68853726119493,2.0170589268767203,0.476814516683349,0.941389022728193,0.7666666666666667,1,0.79027712876136,1.0,1,8.601244583,10232,9232,1000,50,9181,1,184,31,0,0,518b9252ebe559e23964838666b24432601664c98317e7cb89b998957ea8d837,cf499f2d1a0f37859cc045cf3c902815b81927f1,True
controlled_common_pipeline,3,20260703,RIME-common-pipeline,0.8984449811908818,0.6151116478575485,55.26326147875031,1.72926000554104,2.0577816712228305,0.4742380144034239,0.9383054547292174,0.7166666666666667,1,0.7422328906212783,1.0000000000000002,1,9.018759084000001,10232,9232,1000,50,9181,1,184,31,0,0,518b9252ebe559e23964838666b24432601664c98317e7cb89b998957ea8d837,cf499f2d1a0f37859cc045cf3c902815b81927f1,True
controlled_common_pipeline,3,20260703,DBO-common-pipeline,0.865381407622748,0.615381407622748,61.29799529546231,1.7995102717990399,2.1280319374808307,0.48110035120581185,0.9465922302190303,0.75,1,0.7582825072378439,1.0000000000000002,1,9.0426015,10232,9232,1000,50,9181,1,184,31,0,0,518b9252ebe559e23964838666b24432601664c98317e7cb89b998957ea8d837,cf499f2d1a0f37859cc045cf3c902815b81927f1,True
controlled_common_pipeline,4,20260704,RDHO-common-pipeline,0.778693524701465,0.5786935247014651,91.704174809053,1.7847216921289324,2.1194409181722795,0.4825714613172119,0.9365212996947686,0.8,1,0.8730973024742368,1.0,1,9.236486667,10232,9232,1000,50,9181,1,184,31,0,0,dfedc600d8c0e687bced43a0bda0ad75f46fd54cd20d88251896b2ed9a04f52f,cf499f2d1a0f37859cc045cf3c902815b81927f1,True
controlled_common_pipeline,4,20260704,RIME-common-pipeline,0.8055139264873741,0.5805139264873741,85.34428232843948,1.8456316805340625,2.1803509065774094,0.478428088100459,0.9352014877730944,0.775,1,0.8221268173191835,1.0,1,9.368086625,10232,9232,1000,50,9181,1,184,31,0,0,dfedc600d8c0e687bced43a0bda0ad75f46fd54cd20d88251896b2ed9a04f52f,cf499f2d1a0f37859cc045cf3c902815b81927f1,True
controlled_common_pipeline,4,20260704,DBO-common-pipeline,0.7907287954316508,0.5907287954316508,82.80809777810097,1.971166407416435,2.305885633459782,0.4810629789884384,0.9367616520798253,0.8,1,0.8537529857387873,1.0,1,9.092093291,10232,9232,1000,50,9181,1,184,31,0,0,dfedc600d8c0e687bced43a0bda0ad75f46fd54cd20d88251896b2ed9a04f52f,cf499f2d1a0f37859cc045cf3c902815b81927f1,True
controlled_common_pipeline,5,20260705,RDHO-common-pipeline,0.9930081969330737,0.6846748635997404,105.89365880866366,1.9795365148915711,2.31858720539361,0.43973421937637464,0.930846707909617,0.6916666666666667,1,0.8369588101845399,1.0000000000000002,1,8.944794084,10232,9232,1000,50,9181,1,184,31,0,0,65b81684fed3d6021b94c947c1dc68d73d84d424b9f0d02467a9caa448799be0,cf499f2d1a0f37859cc045cf3c902815b81927f1,True
controlled_common_pipeline,5,20260705,RIME-common-pipeline,1.0067275196354832,0.6817275196354834,109.66690516036239,1.957966544095942,2.297017234597981,0.4282290191365947,0.9358669493750038,0.675,1,0.8430286527346144,1.0000000000000002,1,9.47960375,10232,9232,1000,50,9181,1,184,31,0,0,65b81684fed3d6021b94c947c1dc68d73d84d424b9f0d02467a9caa448799be0,cf499f2d1a0f37859cc045cf3c902815b81927f1,True
controlled_common_pipeline,5,20260705,DBO-common-pipeline,0.9446863755768161,0.6696863755768161,107.48439722237603,2.0148330810276738,2.3538837715297127,0.43542776915089176,0.9262719515858707,0.725,1,0.8325471763909921,1.0,1,9.947245292,10232,9232,1000,50,9181,1,184,31,0,0,65b81684fed3d6021b94c947c1dc68d73d84d424b9f0d02467a9caa448799be0,cf499f2d1a0f37859cc045cf3c902815b81927f1,True
controlled_common_pipeline,6,20260706,RDHO-common-pipeline,1.0500843493252574,0.7000843493252574,95.66506284952577,1.776183976492576,2.0944608512112963,0.4155985844480233,0.9275793729135989,0.65,1,0.8302767568946607,1.0000000000000002,1,9.995367833,10232,9232,1000,50,9181,1,184,31,0,0,fef1afe0c1cd7991e6e22a81c803f6de5bf1de24de8e3742ab062fd2a6ae2de6,cf499f2d1a0f37859cc045cf3c902815b81927f1,True
controlled_common_pipeline,6,20260706,RIME-common-pipeline,1.0108884179570374,0.7025550846237041,93.9216395982009,1.8264696742204343,2.1447465489391555,0.4207519000480752,0.9318556868329485,0.6916666666666667,1,0.8338184786556244,1.0000000000000002,1,9.853336375000001,10232,9232,1000,50,9181,1,184,31,0,0,fef1afe0c1cd7991e6e22a81c803f6de5bf1de24de8e3742ab062fd2a6ae2de6,cf499f2d1a0f37859cc045cf3c902815b81927f1,True
controlled_common_pipeline,6,20260706,DBO-common-pipeline,1.025625781218612,0.7006257812186121,93.63889086648902,1.794193232396173,2.112470107114894,0.42226213023121933,0.9250835868146139,0.675,1,0.8177660973849724,1.0,1,9.439483749999999,10232,9232,1000,50,9181,1,184,31,0,0,fef1afe0c1cd7991e6e22a81c803f6de5bf1de24de8e3742ab062fd2a6ae2de6,cf499f2d1a0f37859cc045cf3c902815b81927f1,True
controlled_common_pipeline,7,20260707,RDHO-common-pipeline,1.1797385068476418,0.8047385068476418,84.3174779311968,2.4932869859619013,2.8273209255518332,0.40241089624856163,0.908506807145087,0.625,1,0.8080400935819133,1.0000000000000002,1,9.847216207999999,10232,9232,1000,50,9181,1,184,31,0,0,f4aac2e2df1f1fc0c80bc08efc9983000ac325adb78c7946f42b7c060332a987,cf499f2d1a0f37859cc045cf3c902815b81927f1,True
controlled_common_pipeline,7,20260707,RIME-common-pipeline,1.1800489798098668,0.7800489798098666,79.8663078475561,2.4790836683647446,2.813117607954677,0.4045928027388084,0.907842599801324,0.6,1,0.8138520832338292,1.0,1,9.19050975,10232,9232,1000,50,9181,1,184,31,0,0,f4aac2e2df1f1fc0c80bc08efc9983000ac325adb78c7946f42b7c060332a987,cf499f2d1a0f37859cc045cf3c902815b81927f1,True
controlled_common_pipeline,7,20260707,DBO-common-pipeline,1.1773219633538923,0.8023219633538922,84.32420280767612,2.633975485038779,2.9680094246287103,0.40231235859605646,0.9092219787691566,0.625,1,0.8365544568886754,1.0000000000000002,1,8.706496957999999,10232,9232,1000,50,9181,1,184,31,0,0,f4aac2e2df1f1fc0c80bc08efc9983000ac325adb78c7946f42b7c060332a987,cf499f2d1a0f37859cc045cf3c902815b81927f1,True
controlled_common_pipeline,8,20260708,RDHO-common-pipeline,1.0571782175382154,0.7155115508715488,86.93948212572855,2.0645702017477907,2.3846757018289138,0.4163965029983851,0.9541274063989562,0.6583333333333333,1,0.822815049386352,1.0000000000000002,1,9.093282792,10232,9232,1000,50,9181,1,184,31,0,0,7a450af484045e03b8bf8b298501e80d5632de03764935e0915972b762a8ee9e,cf499f2d1a0f37859cc045cf3c902815b81927f1,True
controlled_common_pipeline,8,20260708,RIME-common-pipeline,1.0285428037535704,0.6952094704202371,78.8045951762609,2.085822304872053,2.4059278049531754,0.42600504178094206,0.9447475302177434,0.6666666666666666,1,0.7663955696133145,1.0000000000000002,1,9.571333416000002,10232,9232,1000,50,9181,1,184,31,0,0,7a450af484045e03b8bf8b298501e80d5632de03764935e0915972b762a8ee9e,cf499f2d1a0f37859cc045cf3c902815b81927f1,True
controlled_common_pipeline,8,20260708,DBO-common-pipeline,1.0410082881106941,0.7076749547773606,88.01315008403793,2.1003335487251653,2.4204390488062884,0.4244085483216435,0.9400681552823543,0.6666666666666666,1,0.8215817823213168,1.0,1,8.593678167,10232,9232,1000,50,9181,1,184,31,0,0,7a450af484045e03b8bf8b298501e80d5632de03764935e0915972b762a8ee9e,cf499f2d1a0f37859cc045cf3c902815b81927f1,True
controlled_common_pipeline,9,20260709,RDHO-common-pipeline,0.9133691616854258,0.6550358283520925,123.74119549596348,1.626612853110452,1.9711290963534496,0.4576801065175628,0.946614280700149,0.7416666666666667,1,0.828919506942968,1.0000000000000002,1,9.133648167,10232,9232,1000,50,9181,1,184,31,0,0,620626c3ded8dd50be97898f271eb949f2886383892d62347aaab2191b1d98d7,cf499f2d1a0f37859cc045cf3c902815b81927f1,True
controlled_common_pipeline,9,20260709,RIME-common-pipeline,0.9494199060067178,0.6744199060067178,132.0997291562246,1.7228539695373584,2.0673702127803564,0.4553638460094578,0.9467966220073126,0.725,1,0.8331495406187363,1.0,1,9.098531,10232,9232,1000,50,9181,1,184,31,0,0,620626c3ded8dd50be97898f271eb949f2886383892d62347aaab2191b1d98d7,cf499f2d1a0f37859cc045cf3c902815b81927f1,True
controlled_common_pipeline,9,20260709,DBO-common-pipeline,0.8984094822864717,0.6650761489531384,105.55430897104198,1.8614317282771773,2.205947971520175,0.45873378775356816,0.9483163062548082,0.7666666666666667,1,0.7801384841431476,1.0,1,8.764083209,10232,9232,1000,50,9181,1,184,31,0,0,620626c3ded8dd50be97898f271eb949f2886383892d62347aaab2191b1d98d7,cf499f2d1a0f37859cc045cf3c902815b81927f1,True
controlled_common_pipeline,10,20260710,RDHO-common-pipeline,1.0220358526414794,0.7053691859748127,159.39121237791326,1.5989587877446607,1.8808954476310802,0.43172422345890454,0.9204764486975976,0.6833333333333333,1,0.8690540913714229,1.0000000000000002,1,8.81281525,10232,9232,1000,50,9181,1,184,31,0,0,4067f6184b089d95b61a92a0418c0ef04305029975ff891679e2217faf2519d1,cf499f2d1a0f37859cc045cf3c902815b81927f1,True
controlled_common_pipeline,10,20260710,RIME-common-pipeline,1.0365933206060123,0.6949266539393457,159.18543385513468,1.5621469191437751,1.8440835790301946,0.4277997988442927,0.919166146052739,0.6583333333333333,1,0.8939796389249632,1.0,1,8.378487917000001,10232,9232,1000,50,9181,1,184,31,0,0,4067f6184b089d95b61a92a0418c0ef04305029975ff891679e2217faf2519d1,cf499f2d1a0f37859cc045cf3c902815b81927f1,True
controlled_common_pipeline,10,20260710,DBO-common-pipeline,1.00124222029465,0.6845755536279835,147.08170406962878,1.5615642263193394,1.8435008862057587,0.43054657857820244,0.9137571251578455,0.6833333333333333,1,0.8529636209433331,1.0,1,8.216317042,10232,9232,1000,50,9181,1,184,31,0,0,4067f6184b089d95b61a92a0418c0ef04305029975ff891679e2217faf2519d1,cf499f2d1a0f37859cc045cf3c902815b81927f1,True
controlled_common_pipeline,11,20260711,RDHO-common-pipeline,0.7315780425325878,0.5315780425325879,74.64199021188945,1.4224636074547323,1.7598745270769984,0.519564962662268,0.9231293132861614,0.8,1,0.8848651168470474,1.0000000000000002,1,8.408272375,10232,9232,1000,50,9181,1,184,31,0,0,6ee2d2f6445b72562026fee7c9a32469fc22191ec662dcd37f86e82bee8681f8,cf499f2d1a0f37859cc045cf3c902815b81927f1,True
controlled_common_pipeline,11,20260711,RIME-common-pipeline,0.732070610561534,0.532070610561534,62.3218073163691,1.510908136232782,1.8483190558550482,0.5195415024712489,0.9248715120573501,0.8,1,0.807467489668721,1.0,1,8.698756458,10232,9232,1000,50,9181,1,184,31,0,0,6ee2d2f6445b72562026fee7c9a32469fc22191ec662dcd37f86e82bee8681f8,cf499f2d1a0f37859cc045cf3c902815b81927f1,True
controlled_common_pipeline,11,20260711,DBO-common-pipeline,0.7204338515927087,0.5371005182593753,74.82717854204999,1.5450745042584189,1.882485423880685,0.523698202911466,0.9292953827163808,0.8166666666666667,1,0.875794388130115,1.0,1,8.248710292,10232,9232,1000,50,9181,1,184,31,0,0,6ee2d2f6445b72562026fee7c9a32469fc22191ec662dcd37f86e82bee8681f8,cf499f2d1a0f37859cc045cf3c902815b81927f1,True
controlled_common_pipeline,12,20260712,RDHO-common-pipeline,1.2651483309388447,0.8234816642721781,131.7272969981342,1.916045458987518,2.189681174978114,0.3709249613774778,0.9463862196485852,0.5583333333333333,1,0.9236669108612297,1.0000000000000002,1,8.437579249999999,10232,9232,1000,50,9181,1,184,31,0,0,1417834bd4051754fbe0df31b1e77f8927cd36d7a0d95ff3353bf04b53fcb86a,cf499f2d1a0f37859cc045cf3c902815b81927f1,True
controlled_common_pipeline,12,20260712,RIME-common-pipeline,1.279136936274545,0.8458036029412117,128.56116336530545,2.0034683123659587,2.2771040283565545,0.3761314069571989,0.9490681943012936,0.5666666666666667,1,0.8713622885202256,1.0000000000000002,1,8.449933791000001,10232,9232,1000,50,9181,1,184,31,0,0,1417834bd4051754fbe0df31b1e77f8927cd36d7a0d95ff3353bf04b53fcb86a,cf499f2d1a0f37859cc045cf3c902815b81927f1,True
controlled_common_pipeline,12,20260712,DBO-common-pipeline,1.2305252971583918,0.8388586304917249,121.52103934112674,2.0354060352938212,2.309041751284417,0.373522358715356,0.9457972795189165,0.6083333333333333,1,0.8779018226701819,1.0000000000000002,1,8.737922208,10232,9232,1000,50,9181,1,184,31,0,0,1417834bd4051754fbe0df31b1e77f8927cd36d7a0d95ff3353bf04b53fcb86a,cf499f2d1a0f37859cc045cf3c902815b81927f1,True
controlled_common_pipeline,13,20260713,RDHO-common-pipeline,0.9251553767683653,0.666822043435032,58.5516150682595,1.7662241090743556,2.0802792706353204,0.468805023932123,0.9180631871991144,0.7416666666666667,1,0.7694799275681432,1.0000000000000002,1,8.906062208000002,10232,9232,1000,50,9181,1,184,31,0,0,c22ca0d64cff36e4e04d6cd7a679da3aa13e7590bb929cb67220067c21505cd0,cf499f2d1a0f37859cc045cf3c902815b81927f1,True
controlled_common_pipeline,13,20260713,RIME-common-pipeline,0.9524079711821251,0.6607413045154584,68.85780767595618,1.6082970661393916,1.922352227700356,0.46467911746587237,0.9206659385049225,0.7083333333333334,1,0.7824633907169075,1.0,1,8.854135417,10232,9232,1000,50,9181,1,184,31,0,0,c22ca0d64cff36e4e04d6cd7a679da3aa13e7590bb929cb67220067c21505cd0,cf499f2d1a0f37859cc045cf3c902815b81927f1,True
controlled_common_pipeline,13,20260713,DBO-common-pipeline,0.9104258008501174,0.6520924675167841,63.09786820379621,1.758956773850226,2.0730119354111904,0.46229267898963805,0.9179029253827575,0.7416666666666667,1,0.7220871797550567,1.0,1,8.742511833,10232,9232,1000,50,9181,1,184,31,0,0,c22ca0d64cff36e4e04d6cd7a679da3aa13e7590bb929cb67220067c21505cd0,cf499f2d1a0f37859cc045cf3c902815b81927f1,True
controlled_common_pipeline,14,20260714,RDHO-common-pipeline,0.9714284082649483,0.6547617415982816,116.45648506619642,1.6000924717058844,1.9385229593386992,0.4423107223605397,0.9108959588143317,0.6833333333333333,1,0.8876344813752308,1.0000000000000002,1,9.211890875,10232,9232,1000,50,9181,1,184,31,0,0,ee4cfc7c053e603547848f0f5539aef16b56907dd520e124b7cdee7a6dde9bb5,cf499f2d1a0f37859cc045cf3c902815b81927f1,True
controlled_common_pipeline,14,20260714,RIME-common-pipeline,0.9782645468652496,0.6699312135319162,124.39102008970175,1.6000997837604447,1.9385302713932595,0.44450197419827603,0.9169407615804871,0.6916666666666667,1,0.8380816288682139,1.0000000000000002,1,8.953145542,10232,9232,1000,50,9181,1,184,31,0,0,ee4cfc7c053e603547848f0f5539aef16b56907dd520e124b7cdee7a6dde9bb5,cf499f2d1a0f37859cc045cf3c902815b81927f1,True
controlled_common_pipeline,14,20260714,DBO-common-pipeline,0.9669543799262579,0.6669543799262578,109.15612840844818,1.6773514757815682,2.0157819634143834,0.4478579352734031,0.9162852287677199,0.7,1,0.8046911568815924,1.0000000000000002,1,8.779517333000001,10232,9232,1000,50,9181,1,184,31,0,0,ee4cfc7c053e603547848f0f5539aef16b56907dd520e124b7cdee7a6dde9bb5,cf499f2d1a0f37859cc045cf3c902815b81927f1,True
controlled_common_pipeline,15,20260715,RDHO-common-pipeline,1.0276840682007422,0.7443507348674089,87.75271432307343,1.670692048095449,1.9357896642983163,0.419386714926171,0.9388147792924441,0.7166666666666667,1,0.7891392121898108,1.0000000000000002,1,8.340646249999999,10232,9232,1000,50,9181,1,184,31,0,0,20e54501048758ef1530f5fcb3bccfef5ddd5ce67a0e9bcdbd8cd0283e2665ba,cf499f2d1a0f37859cc045cf3c902815b81927f1,True
controlled_common_pipeline,15,20260715,RIME-common-pipeline,1.068186698908725,0.743186698908725,82.43144108757639,1.7259409312858716,1.9910385474887384,0.4152193469004947,0.9386179066655381,0.675,1,0.7641616211043836,1.0000000000000002,1,8.797315875,10232,9232,1000,50,9181,1,184,31,0,0,20e54501048758ef1530f5fcb3bccfef5ddd5ce67a0e9bcdbd8cd0283e2665ba,cf499f2d1a0f37859cc045cf3c902815b81927f1,True
controlled_common_pipeline,15,20260715,DBO-common-pipeline,1.0401575726978658,0.7234909060311991,85.25853941453187,1.7112101845453318,1.9763078007481987,0.41819791969844233,0.9378114921890854,0.6833333333333333,1,0.7661938734777298,1.0000000000000002,1,8.5719315,10232,9232,1000,50,9181,1,184,31,0,0,20e54501048758ef1530f5fcb3bccfef5ddd5ce67a0e9bcdbd8cd0283e2665ba,cf499f2d1a0f37859cc045cf3c902815b81927f1,True
controlled_common_pipeline,16,20260716,RDHO-common-pipeline,0.9724616121423744,0.6557949454757077,74.44692895305644,1.6618266033428692,1.9409622510023574,0.44635584542846707,0.9485126927957988,0.6833333333333333,1,0.7810663196467321,1.0000000000000002,1,9.339635166,10232,9232,1000,50,9181,1,184,31,0,0,c8d5db41178187ec9ce6634de3dc24dd8ea657239a63ec9795aa861e2ea4b165,cf499f2d1a0f37859cc045cf3c902815b81927f1,True
controlled_common_pipeline,16,20260716,RIME-common-pipeline,0.9833047733941624,0.6583047733941625,71.6124726710808,1.6920351359018746,1.971170783561363,0.4409559032237473,0.9453332586211436,0.675,1,0.7650210635596117,1.0000000000000002,1,9.29763475,10232,9232,1000,50,9181,1,184,31,0,0,c8d5db41178187ec9ce6634de3dc24dd8ea657239a63ec9795aa861e2ea4b165,cf499f2d1a0f37859cc045cf3c902815b81927f1,True
controlled_common_pipeline,16,20260716,DBO-common-pipeline,0.9681776025358618,0.6598442692025285,65.9999303928351,1.7711603654086097,2.050296013068098,0.44210432353264095,0.9453566264630163,0.6916666666666667,1,0.719585868508025,1.0000000000000002,1,8.877000125,10232,9232,1000,50,9181,1,184,31,0,0,c8d5db41178187ec9ce6634de3dc24dd8ea657239a63ec9795aa861e2ea4b165,cf499f2d1a0f37859cc045cf3c902815b81927f1,True
controlled_common_pipeline,17,20260717,RDHO-common-pipeline,1.1220475620991253,0.7720475620991252,119.08171624892525,2.0599009121852605,2.3745636051497425,0.41899116404318587,0.901685434372422,0.65,1,0.8805453787388919,1.0,1,9.350559834,10232,9232,1000,50,9181,1,184,31,0,0,e6c940b8969078adf94ff05ae39be9fb0946bddd15ef9408a5c5bf3b17ce1009,cf499f2d1a0f37859cc045cf3c902815b81927f1,True
controlled_common_pipeline,17,20260717,RIME-common-pipeline,1.1386034708365425,0.7719368041698758,122.53068563079137,2.018240308582724,2.3329030015472068,0.4227694478986373,0.9036809681737782,0.6333333333333333,1,0.8926354970409752,1.0000000000000002,1,9.944627417,10232,9232,1000,50,9181,1,184,31,0,0,e6c940b8969078adf94ff05ae39be9fb0946bddd15ef9408a5c5bf3b17ce1009,cf499f2d1a0f37859cc045cf3c902815b81927f1,True
controlled_common_pipeline,17,20260717,DBO-common-pipeline,1.1088978561280878,0.7588978561280878,116.88631077118796,2.003411246604466,2.318073939568948,0.4152311950144897,0.8952802333476731,0.65,1,0.8913946964735591,1.0,1,10.194851791,10232,9232,1000,50,9181,1,184,31,0,0,e6c940b8969078adf94ff05ae39be9fb0946bddd15ef9408a5c5bf3b17ce1009,cf499f2d1a0f37859cc045cf3c902815b81927f1,True
controlled_common_pipeline,18,20260718,RDHO-common-pipeline,0.8920887068276289,0.6254220401609621,105.86535256138592,1.9450338551229276,2.2970610663339706,0.4672558005547898,0.9278090336083974,0.7333333333333333,1,0.8148100086491435,1.0000000000000002,1,9.6035525,10232,9232,1000,50,9181,1,184,31,0,0,388f4144e8ae02424cbbd03cbde63d2270623707018a4a726b9aed3b005277ce,cf499f2d1a0f37859cc045cf3c902815b81927f1,True
controlled_common_pipeline,18,20260718,RIME-common-pipeline,0.8696168073096577,0.6196168073096577,102.08634901002306,1.9048491241302368,2.2568763353412797,0.4694466969440556,0.923616547147377,0.75,1,0.7939693781528239,1.0,1,9.58663625,10232,9232,1000,50,9181,1,184,31,0,0,388f4144e8ae02424cbbd03cbde63d2270623707018a4a726b9aed3b005277ce,cf499f2d1a0f37859cc045cf3c902815b81927f1,True
controlled_common_pipeline,18,20260718,DBO-common-pipeline,0.8752344668243319,0.6419011334909986,98.87079026548011,2.109094011317975,2.461121222529018,0.46685222168377943,0.9255761377283355,0.7666666666666667,1,0.7668367788636943,1.0,1,9.153494625,10232,9232,1000,50,9181,1,184,31,0,0,388f4144e8ae02424cbbd03cbde63d2270623707018a4a726b9aed3b005277ce,cf499f2d1a0f37859cc045cf3c902815b81927f1,True
controlled_common_pipeline,19,20260719,RDHO-common-pipeline,0.9489139518466798,0.6905806185133465,104.86590429237233,1.6947673154555551,1.9913338088652406,0.45117251673869196,0.8854255442593041,0.7416666666666667,1,0.7480031589045236,1.0000000000000002,1,9.688667292000002,10232,9232,1000,50,9181,1,184,31,0,0,8b44508df483f609e739f9282a87d5849d60bf796ed39acac15ebae4b234679f,cf499f2d1a0f37859cc045cf3c902815b81927f1,True
controlled_common_pipeline,19,20260719,RIME-common-pipeline,0.9522792871283091,0.6689459537949758,109.35225346178424,1.5646683239191717,1.8612348173288566,0.45760822478603824,0.8846920434451412,0.7166666666666667,1,0.7861673089260036,1.0,1,9.775746250000001,10232,9232,1000,50,9181,1,184,31,0,0,8b44508df483f609e739f9282a87d5849d60bf796ed39acac15ebae4b234679f,cf499f2d1a0f37859cc045cf3c902815b81927f1,True
controlled_common_pipeline,19,20260719,DBO-common-pipeline,0.9624495527210671,0.6791162193877338,102.10394667527471,1.636334360518004,1.9329008539276895,0.4563852165693721,0.889598014973246,0.7166666666666667,1,0.8019816639927861,1.0000000000000002,1,9.202727208,10232,9232,1000,50,9181,1,184,31,0,0,8b44508df483f609e739f9282a87d5849d60bf796ed39acac15ebae4b234679f,cf499f2d1a0f37859cc045cf3c902815b81927f1,True
controlled_common_pipeline,20,20260720,RDHO-common-pipeline,0.8718619574580524,0.5968619574580524,80.50780659359803,1.7179832656335243,2.0439201819130712,0.48161445213064963,0.8948456119154797,0.725,1,0.8203548716331259,1.0000000000000002,1,9.309080333,10232,9232,1000,50,9181,1,184,31,0,0,d856381a4c60ca8561e5d36a56404f74cc45268692cc9aae2ac033e1e9612bef,cf499f2d1a0f37859cc045cf3c902815b81927f1,True
controlled_common_pipeline,20,20260720,RIME-common-pipeline,0.8995989159371588,0.6329322492704921,87.19549136226172,1.8205430519727774,2.146479968252325,0.47310815676090434,0.8965847712453056,0.7333333333333333,1,0.8195565525601605,1.0000000000000002,1,9.495732459000001,10232,9232,1000,50,9181,1,184,31,0,0,d856381a4c60ca8561e5d36a56404f74cc45268692cc9aae2ac033e1e9612bef,cf499f2d1a0f37859cc045cf3c902815b81927f1,True
controlled_common_pipeline,20,20260720,DBO-common-pipeline,0.8540592720456037,0.612392605378937,94.27160426854277,1.6691577770826356,1.9950946933621825,0.4741692065768038,0.8985304920721425,0.7583333333333333,1,0.805165241944819,1.0000000000000002,1,9.365229625,10232,9232,1000,50,9181,1,184,31,0,0,d856381a4c60ca8561e5d36a56404f74cc45268692cc9aae2ac033e1e9612bef,cf499f2d1a0f37859cc045cf3c902815b81927f1,True
controlled_common_pipeline,21,20260721,RDHO-common-pipeline,1.0416791847835487,0.7333458514502154,116.1877461353717,1.906748179822408,2.2632585510810737,0.42183021570148627,0.9274314255107615,0.6916666666666667,1,0.791441084861344,1.0,1,9.5272105,10232,9232,1000,50,9181,1,184,31,0,0,6ad0484e979b708cc9441611781ccc1e3277bd1759dcecbd20685e74fdfc3e8a,cf499f2d1a0f37859cc045cf3c902815b81927f1,True
controlled_common_pipeline,21,20260721,RIME-common-pipeline,1.0169719898187666,0.6836386564854332,108.62862323136056,1.92337721024874,2.2798875815074053,0.4198163942880527,0.927815634503174,0.6666666666666666,1,0.820614066466266,1.0,1,9.469068792,10232,9232,1000,50,9181,1,184,31,0,0,6ad0484e979b708cc9441611781ccc1e3277bd1759dcecbd20685e74fdfc3e8a,cf499f2d1a0f37859cc045cf3c902815b81927f1,True
controlled_common_pipeline,21,20260721,DBO-common-pipeline,1.0428732298860377,0.726206563219371,103.16575134963708,2.15412295633108,2.5106333275897454,0.42482197517289666,0.9239401557134429,0.6833333333333333,1,0.7928084176653991,1.0000000000000002,1,9.27932925,10232,9232,1000,50,9181,1,184,31,0,0,6ad0484e979b708cc9441611781ccc1e3277bd1759dcecbd20685e74fdfc3e8a,cf499f2d1a0f37859cc045cf3c902815b81927f1,True
controlled_common_pipeline,22,20260722,RDHO-common-pipeline,0.8015568304949667,0.5515568304949667,95.28786715584297,1.5129590058820148,1.8469165635326799,0.5028588334937769,0.9471232385696695,0.75,1,0.8177912401725683,1.0,1,9.223840292,10232,9232,1000,50,9181,1,184,31,0,0,44e695e9fdea930c21db66ac5abb4658a16f7df1ff6bf2738980ded5baa0485b,cf499f2d1a0f37859cc045cf3c902815b81927f1,True
controlled_common_pipeline,22,20260722,RIME-common-pipeline,0.7978937272712623,0.5562270606045956,99.44540540004462,1.516228325310368,1.8501858829610334,0.5036653124788353,0.9552967753452889,0.7583333333333333,1,0.8054745155908556,1.0,1,9.482902291,10232,9232,1000,50,9181,1,184,31,0,0,44e695e9fdea930c21db66ac5abb4658a16f7df1ff6bf2738980ded5baa0485b,cf499f2d1a0f37859cc045cf3c902815b81927f1,True
controlled_common_pipeline,22,20260722,DBO-common-pipeline,0.7992948707674375,0.5492948707674375,85.16872631045709,1.50319922012488,1.837156777775545,0.5023714909039217,0.9473279026329746,0.75,1,0.7888318035756637,1.0,1,9.996687416,10232,9232,1000,50,9181,1,184,31,0,0,44e695e9fdea930c21db66ac5abb4658a16f7df1ff6bf2738980ded5baa0485b,cf499f2d1a0f37859cc045cf3c902815b81927f1,True
controlled_common_pipeline,23,20260723,RDHO-common-pipeline,0.7687700789916765,0.5771034123250098,71.70114597900768,2.0308345202639004,2.4163369324023103,0.4986706387878603,0.9558732910013623,0.8083333333333333,1,0.7796140297030648,1.0,1,9.117782167,10232,9232,1000,50,9181,1,184,31,0,0,a14406338ceab213f4f1500fd575202f7a4a19179fcbf4a088cb9602c8197c56,cf499f2d1a0f37859cc045cf3c902815b81927f1,True
controlled_common_pipeline,23,20260723,RIME-common-pipeline,0.8034434906327811,0.5784434906327811,80.85358713420263,2.0013932403884596,2.3868956525268694,0.4933047121792775,0.9512981865797272,0.775,1,0.7325007364320266,1.0000000000000002,1,9.291279334,10232,9232,1000,50,9181,1,184,31,0,0,a14406338ceab213f4f1500fd575202f7a4a19179fcbf4a088cb9602c8197c56,cf499f2d1a0f37859cc045cf3c902815b81927f1,True
controlled_common_pipeline,23,20260723,DBO-common-pipeline,0.7548021861998585,0.5631355195331919,61.271731171163985,2.0963154066485608,2.4818178187869697,0.4946784090425863,0.955241677618332,0.8083333333333333,1,0.7440188081569692,1.0,1,9.211958290999998,10232,9232,1000,50,9181,1,184,31,0,0,a14406338ceab213f4f1500fd575202f7a4a19179fcbf4a088cb9602c8197c56,cf499f2d1a0f37859cc045cf3c902815b81927f1,True
controlled_common_pipeline,24,20260724,RDHO-common-pipeline,0.9949713871624979,0.6866380538291645,68.58636074044293,1.8346270411583425,2.1144829118686586,0.4497662314632711,0.9107127222305462,0.6916666666666667,1,0.7961624008728587,1.0000000000000002,1,9.694954584000001,10232,9232,1000,50,9181,1,184,31,0,0,2346191b9f6af31c1f88fc616943992b1d893128d9f70c7bf5a73c02cd5f6666,cf499f2d1a0f37859cc045cf3c902815b81927f1,True
controlled_common_pipeline,24,20260724,RIME-common-pipeline,1.019301462361812,0.6943014623618121,69.30945141314203,1.825215965622044,2.1050718363323595,0.45383960417186064,0.9062238970282207,0.675,1,0.7685592424798137,1.0000000000000002,1,9.943510625,10232,9232,1000,50,9181,1,184,31,0,0,2346191b9f6af31c1f88fc616943992b1d893128d9f70c7bf5a73c02cd5f6666,cf499f2d1a0f37859cc045cf3c902815b81927f1,True
controlled_common_pipeline,24,20260724,DBO-common-pipeline,0.9748251461214633,0.6748251461214633,68.10717800666649,1.7278491989302083,2.0077050696405245,0.4571317450671573,0.9114145140380008,0.7,1,0.8043740206180819,1.0000000000000002,1,9.49918825,10232,9232,1000,50,9181,1,184,31,0,0,2346191b9f6af31c1f88fc616943992b1d893128d9f70c7bf5a73c02cd5f6666,cf499f2d1a0f37859cc045cf3c902815b81927f1,True
controlled_common_pipeline,25,20260725,RDHO-common-pipeline,0.8949644665531924,0.6282977998865257,74.59225645964707,2.1098368917082206,2.4913253035358673,0.4585178384510307,0.9365830051879396,0.7333333333333333,1,0.8193285156110884,1.0000000000000002,1,9.370410625,10232,9232,1000,50,9181,1,184,31,0,0,4e9579ff994c2b641cd71cd4ef20fed10e642ecabb7cea4f638f5c46169e190f,cf499f2d1a0f37859cc045cf3c902815b81927f1,True
controlled_common_pipeline,25,20260725,RIME-common-pipeline,0.9354101266450615,0.6270767933117282,81.1267331931758,2.035673231556583,2.4171616433842296,0.45711597523219,0.934604260160873,0.6916666666666667,1,0.8228168939474881,1.0,1,8.949250334,10232,9232,1000,50,9181,1,184,31,0,0,4e9579ff994c2b641cd71cd4ef20fed10e642ecabb7cea4f638f5c46169e190f,cf499f2d1a0f37859cc045cf3c902815b81927f1,True
controlled_common_pipeline,25,20260725,DBO-common-pipeline,0.913896767442863,0.638896767442863,81.8855205621285,2.120679117431938,2.5021675292595846,0.4569581639912973,0.9347120497194317,0.725,1,0.8492923201552693,1.0000000000000002,1,8.817178,10232,9232,1000,50,9181,1,184,31,0,0,4e9579ff994c2b641cd71cd4ef20fed10e642ecabb7cea4f638f5c46169e190f,cf499f2d1a0f37859cc045cf3c902815b81927f1,True
controlled_common_pipeline,26,20260726,RDHO-common-pipeline,1.0594800582703339,0.7178133916036672,117.37219805675605,1.9390400723885801,2.2782412913407235,0.4401982326818821,0.9068411775224638,0.6583333333333333,1,0.7487373795984382,1.0000000000000002,1,8.688869958,10232,9232,1000,50,9181,1,184,31,0,0,cf260019baaf52cd2a485b6c9029394c40de3457840c3421fd4b7607aec99cc4,cf499f2d1a0f37859cc045cf3c902815b81927f1,True
controlled_common_pipeline,26,20260726,RIME-common-pipeline,1.056709226827258,0.7233758934939247,115.06717725549512,1.9803931056514386,2.3195943246035817,0.44148303988303234,0.9016214203735263,0.6666666666666666,1,0.7373637892985468,1.0000000000000002,1,8.7320575,10232,9232,1000,50,9181,1,184,31,0,0,cf260019baaf52cd2a485b6c9029394c40de3457840c3421fd4b7607aec99cc4,cf499f2d1a0f37859cc045cf3c902815b81927f1,True
controlled_common_pipeline,26,20260726,DBO-common-pipeline,1.05178727798164,0.7101206113149732,84.09088096539257,2.108707983250709,2.447909202202853,0.43702023382417715,0.8991631045886807,0.6583333333333333,1,0.7622054228254479,1.0000000000000002,1,8.472899458,10232,9232,1000,50,9181,1,184,31,0,0,cf260019baaf52cd2a485b6c9029394c40de3457840c3421fd4b7607aec99cc4,cf499f2d1a0f37859cc045cf3c902815b81927f1,True
controlled_common_pipeline,27,20260727,RDHO-common-pipeline,0.8655218046609466,0.6321884713276134,155.95045597628766,1.8474014797949398,2.215125091299573,0.4643723080605946,0.9523431115114711,0.7666666666666667,1,0.825419966765243,1.0000000000000002,1,8.734505166,10232,9232,1000,50,9181,1,184,31,0,0,119f6c0f77739a0e5b19a4436c38e285cd27e070395f754a5a59e3b26795e978,cf499f2d1a0f37859cc045cf3c902815b81927f1,True
controlled_common_pipeline,27,20260727,RIME-common-pipeline,0.8672852348563493,0.6172852348563493,147.03125392469053,1.7661098068779038,2.1338334183825367,0.4613186631859991,0.9514624975923256,0.75,1,0.8320128919947614,1.0000000000000002,1,9.448284583000001,10232,9232,1000,50,9181,1,184,31,0,0,119f6c0f77739a0e5b19a4436c38e285cd27e070395f754a5a59e3b26795e978,cf499f2d1a0f37859cc045cf3c902815b81927f1,True
controlled_common_pipeline,27,20260727,DBO-common-pipeline,0.8552854008017052,0.6052854008017052,142.82654445894957,1.7196781634938247,2.087401774998458,0.4594504724258219,0.9521900895903539,0.75,1,0.8128046289801908,1.0000000000000002,1,8.429525708,10232,9232,1000,50,9181,1,184,31,0,0,119f6c0f77739a0e5b19a4436c38e285cd27e070395f754a5a59e3b26795e978,cf499f2d1a0f37859cc045cf3c902815b81927f1,True
controlled_common_pipeline,28,20260728,RDHO-common-pipeline,0.9187362038626691,0.6354028705293358,68.12515795415173,1.5762536341081768,1.893782106182477,0.4532827962320267,0.9204815579761468,0.7166666666666667,1,0.8696059682927447,1.0000000000000002,1,8.360795374999999,10232,9232,1000,50,9181,1,184,31,0,0,9357409004deeb24ea1615a94a4d6c648ca4b247595f00c195feed662e44061c,cf499f2d1a0f37859cc045cf3c902815b81927f1,True
controlled_common_pipeline,28,20260728,RIME-common-pipeline,0.9428367041071266,0.65117003744046,80.37305129140023,1.554859360273454,1.8723878323477536,0.4535667496657141,0.9220271158960096,0.7083333333333334,1,0.8304683895974089,1.0000000000000002,1,8.591791917,10232,9232,1000,50,9181,1,184,31,0,0,9357409004deeb24ea1615a94a4d6c648ca4b247595f00c195feed662e44061c,cf499f2d1a0f37859cc045cf3c902815b81927f1,True
controlled_common_pipeline,28,20260728,DBO-common-pipeline,0.9194484934597501,0.6527818267930834,74.87405561749962,1.5821567712890872,1.8996852433633868,0.4542998406284986,0.9222052036572624,0.7333333333333333,1,0.8746291878451862,1.0000000000000002,1,8.325310958,10232,9232,1000,50,9181,1,184,31,0,0,9357409004deeb24ea1615a94a4d6c648ca4b247595f00c195feed662e44061c,cf499f2d1a0f37859cc045cf3c902815b81927f1,True
controlled_common_pipeline,29,20260729,RDHO-common-pipeline,1.0504081800191973,0.7337415133525307,129.6976928542942,2.0089602447388595,2.319185446461076,0.41704628172572716,0.8927794066693482,0.6833333333333333,1,0.907386365232063,1.0000000000000002,1,8.701097292,10232,9232,1000,50,9181,1,184,31,0,0,4d83e2cdc01417f808df1b6167795531404e2de11255c4620251a4e5210fb6c7,cf499f2d1a0f37859cc045cf3c902815b81927f1,True
controlled_common_pipeline,29,20260729,RIME-common-pipeline,1.0523234980527691,0.7273234980527692,124.70047723159452,2.020539733752348,2.3307649354745634,0.4156624821468874,0.8931424411350399,0.675,1,0.8569684284927758,1.0000000000000002,1,8.815037917,10232,9232,1000,50,9181,1,184,31,0,0,4d83e2cdc01417f808df1b6167795531404e2de11255c4620251a4e5210fb6c7,cf499f2d1a0f37859cc045cf3c902815b81927f1,True
controlled_common_pipeline,29,20260729,DBO-common-pipeline,1.0416485356254008,0.7166485356254009,122.58148279351906,1.8916180728242824,2.2018432745464986,0.4168312615581345,0.8884201415813965,0.675,1,0.8987274721212474,1.0000000000000002,1,8.339270707999999,10232,9232,1000,50,9181,1,184,31,0,0,4d83e2cdc01417f808df1b6167795531404e2de11255c4620251a4e5210fb6c7,cf499f2d1a0f37859cc045cf3c902815b81927f1,True
controlled_common_pipeline,30,20260730,RDHO-common-pipeline,1.041986694955412,0.716986694955412,133.830909887235,2.0050290237146555,2.3281820510093576,0.43087906243451335,0.9582820872661737,0.675,1,0.7432787103251259,1.0000000000000002,1,9.117268625,10232,9232,1000,50,9181,1,184,31,0,0,2b06f3cc8ad40c76e2bca1b34087c2458b14660bdf39e6b40239ebaa782739c2,cf499f2d1a0f37859cc045cf3c902815b81927f1,True
controlled_common_pipeline,30,20260730,RIME-common-pipeline,1.06653023169712,0.7331968983637867,117.80671677463721,2.148998838974415,2.4721518662691175,0.43247938102056094,0.9515252491143087,0.6666666666666666,1,0.7110614807267494,1.0,1,9.70614975,10232,9232,1000,50,9181,1,184,31,0,0,2b06f3cc8ad40c76e2bca1b34087c2458b14660bdf39e6b40239ebaa782739c2,cf499f2d1a0f37859cc045cf3c902815b81927f1,True
controlled_common_pipeline,30,20260730,DBO-common-pipeline,1.0470352283054596,0.7220352283054595,131.5509595070924,1.9889568171658147,2.3121098444605166,0.4312548784586878,0.9576067251053187,0.675,1,0.7713186698878861,1.0000000000000002,1,9.030403,10232,9232,1000,50,9181,1,184,31,0,0,2b06f3cc8ad40c76e2bca1b34087c2458b14660bdf39e6b40239ebaa782739c2,cf499f2d1a0f37859cc045cf3c902815b81927f1,True
