experiment,scenario_seed,method,population_hash,population_size,dimension,population_shape
controlled_population_stage,20260701,RDHO-population-controlled,b93a5149b5ca48cda2a07924e0f7bf8f8d64fa1d86f7c32e0331079bc472c386,50,40x2,50x40x2
controlled_population_stage,20260701,RIME-population-controlled,b93a5149b5ca48cda2a07924e0f7bf8f8d64fa1d86f7c32e0331079bc472c386,50,40x2,50x40x2
controlled_population_stage,20260701,DBO-population-controlled,b93a5149b5ca48cda2a07924e0f7bf8f8d64fa1d86f7c32e0331079bc472c386,50,40x2,50x40x2
controlled_population_stage,20260702,RDHO-population-controlled,3c36935a10dce0b89aae3a693813c581aa2b269bfb1e069f438c498585b7978b,50,40x2,50x40x2
controlled_population_stage,20260702,RIME-population-controlled,3c36935a10dce0b89aae3a693813c581aa2b269bfb1e069f438c498585b7978b,50,40x2,50x40x2
controlled_population_stage,20260702,DBO-population-controlled,3c36935a10dce0b89aae3a693813c581aa2b269bfb1e069f438c498585b7978b,50,40x2,50x40x2
controlled_population_stage,20260703,RDHO-population-controlled,518b9252ebe559e23964838666b24432601664c98317e7cb89b998957ea8d837,50,40x2,50x40x2
controlled_population_stage,20260703,RIME-population-controlled,518b9252ebe559e23964838666b24432601664c98317e7cb89b998957ea8d837,50,40x2,50x40x2
controlled_population_stage,20260703,DBO-population-controlled,518b9252ebe559e23964838666b24432601664c98317e7cb89b998957ea8d837,50,40x2,50x40x2
controlled_population_stage,20260704,RDHO-population-controlled,dfedc600d8c0e687bced43a0bda0ad75f46fd54cd20d88251896b2ed9a04f52f,50,40x2,50x40x2
controlled_population_stage,20260704,RIME-population-controlled,dfedc600d8c0e687bced43a0bda0ad75f46fd54cd20d88251896b2ed9a04f52f,50,40x2,50x40x2
controlled_population_stage,20260704,DBO-population-controlled,dfedc600d8c0e687bced43a0bda0ad75f46fd54cd20d88251896b2ed9a04f52f,50,40x2,50x40x2
controlled_population_stage,20260705,RDHO-population-controlled,65b81684fed3d6021b94c947c1dc68d73d84d424b9f0d02467a9caa448799be0,50,40x2,50x40x2
controlled_population_stage,20260705,RIME-population-controlled,65b81684fed3d6021b94c947c1dc68d73d84d424b9f0d02467a9caa448799be0,50,40x2,50x40x2
controlled_population_stage,20260705,DBO-population-controlled,65b81684fed3d6021b94c947c1dc68d73d84d424b9f0d02467a9caa448799be0,50,40x2,50x40x2
controlled_population_stage,20260706,RDHO-population-controlled,fef1afe0c1cd7991e6e22a81c803f6de5bf1de24de8e3742ab062fd2a6ae2de6,50,40x2,50x40x2
controlled_population_stage,20260706,RIME-population-controlled,fef1afe0c1cd7991e6e22a81c803f6de5bf1de24de8e3742ab062fd2a6ae2de6,50,40x2,50x40x2
controlled_population_stage,20260706,DBO-population-controlled,fef1afe0c1cd7991e6e22a81c803f6de5bf1de24de8e3742ab062fd2a6ae2de6,50,40x2,50x40x2
controlled_population_stage,20260707,RDHO-population-controlled,f4aac2e2df1f1fc0c80bc08efc9983000ac325adb78c7946f42b7c060332a987,50,40x2,50x40x2
controlled_population_stage,20260707,RIME-population-controlled,f4aac2e2df1f1fc0c80bc08efc9983000ac325adb78c7946f42b7c060332a987,50,40x2,50x40x2
controlled_population_stage,20260707,DBO-population-controlled,f4aac2e2df1f1fc0c80bc08efc9983000ac325adb78c7946f42b7c060332a987,50,40x2,50x40x2
controlled_population_stage,20260708,RDHO-population-controlled,7a450af484045e03b8bf8b298501e80d5632de03764935e0915972b762a8ee9e,50,40x2,50x40x2
controlled_population_stage,20260708,RIME-population-controlled,7a450af484045e03b8bf8b298501e80d5632de03764935e0915972b762a8ee9e,50,40x2,50x40x2
controlled_population_stage,20260708,DBO-population-controlled,7a450af484045e03b8bf8b298501e80d5632de03764935e0915972b762a8ee9e,50,40x2,50x40x2
controlled_population_stage,20260709,RDHO-population-controlled,620626c3ded8dd50be97898f271eb949f2886383892d62347aaab2191b1d98d7,50,40x2,50x40x2
controlled_population_stage,20260709,RIME-population-controlled,620626c3ded8dd50be97898f271eb949f2886383892d62347aaab2191b1d98d7,50,40x2,50x40x2
controlled_population_stage,20260709,DBO-population-controlled,620626c3ded8dd50be97898f271eb949f2886383892d62347aaab2191b1d98d7,50,40x2,50x40x2
controlled_population_stage,20260710,RDHO-population-controlled,4067f6184b089d95b61a92a0418c0ef04305029975ff891679e2217faf2519d1,50,40x2,50x40x2
controlled_population_stage,20260710,RIME-population-controlled,4067f6184b089d95b61a92a0418c0ef04305029975ff891679e2217faf2519d1,50,40x2,50x40x2
controlled_population_stage,20260710,DBO-population-controlled,4067f6184b089d95b61a92a0418c0ef04305029975ff891679e2217faf2519d1,50,40x2,50x40x2
controlled_population_stage,20260711,RDHO-population-controlled,6ee2d2f6445b72562026fee7c9a32469fc22191ec662dcd37f86e82bee8681f8,50,40x2,50x40x2
controlled_population_stage,20260711,RIME-population-controlled,6ee2d2f6445b72562026fee7c9a32469fc22191ec662dcd37f86e82bee8681f8,50,40x2,50x40x2
controlled_population_stage,20260711,DBO-population-controlled,6ee2d2f6445b72562026fee7c9a32469fc22191ec662dcd37f86e82bee8681f8,50,40x2,50x40x2
controlled_population_stage,20260712,RDHO-population-controlled,1417834bd4051754fbe0df31b1e77f8927cd36d7a0d95ff3353bf04b53fcb86a,50,40x2,50x40x2
controlled_population_stage,20260712,RIME-population-controlled,1417834bd4051754fbe0df31b1e77f8927cd36d7a0d95ff3353bf04b53fcb86a,50,40x2,50x40x2
controlled_population_stage,20260712,DBO-population-controlled,1417834bd4051754fbe0df31b1e77f8927cd36d7a0d95ff3353bf04b53fcb86a,50,40x2,50x40x2
controlled_population_stage,20260713,RDHO-population-controlled,c22ca0d64cff36e4e04d6cd7a679da3aa13e7590bb929cb67220067c21505cd0,50,40x2,50x40x2
controlled_population_stage,20260713,RIME-population-controlled,c22ca0d64cff36e4e04d6cd7a679da3aa13e7590bb929cb67220067c21505cd0,50,40x2,50x40x2
controlled_population_stage,20260713,DBO-population-controlled,c22ca0d64cff36e4e04d6cd7a679da3aa13e7590bb929cb67220067c21505cd0,50,40x2,50x40x2
controlled_population_stage,20260714,RDHO-population-controlled,ee4cfc7c053e603547848f0f5539aef16b56907dd520e124b7cdee7a6dde9bb5,50,40x2,50x40x2
controlled_population_stage,20260714,RIME-population-controlled,ee4cfc7c053e603547848f0f5539aef16b56907dd520e124b7cdee7a6dde9bb5,50,40x2,50x40x2
controlled_population_stage,20260714,DBO-population-controlled,ee4cfc7c053e603547848f0f5539aef16b56907dd520e124b7cdee7a6dde9bb5,50,40x2,50x40x2
controlled_population_stage,20260715,RDHO-population-controlled,20e54501048758ef1530f5fcb3bccfef5ddd5ce67a0e9bcdbd8cd0283e2665ba,50,40x2,50x40x2
controlled_population_stage,20260715,RIME-population-controlled,20e54501048758ef1530f5fcb3bccfef5ddd5ce67a0e9bcdbd8cd0283e2665ba,50,40x2,50x40x2
controlled_population_stage,20260715,DBO-population-controlled,20e54501048758ef1530f5fcb3bccfef5ddd5ce67a0e9bcdbd8cd0283e2665ba,50,40x2,50x40x2
controlled_population_stage,20260716,RDHO-population-controlled,c8d5db41178187ec9ce6634de3dc24dd8ea657239a63ec9795aa861e2ea4b165,50,40x2,50x40x2
controlled_population_stage,20260716,RIME-population-controlled,c8d5db41178187ec9ce6634de3dc24dd8ea657239a63ec9795aa861e2ea4b165,50,40x2,50x40x2
controlled_population_stage,20260716,DBO-population-controlled,c8d5db41178187ec9ce6634de3dc24dd8ea657239a63ec9795aa861e2ea4b165,50,40x2,50x40x2
controlled_population_stage,20260717,RDHO-population-controlled,e6c940b8969078adf94ff05ae39be9fb0946bddd15ef9408a5c5bf3b17ce1009,50,40x2,50x40x2
controlled_population_stage,20260717,RIME-population-controlled,e6c940b8969078adf94ff05ae39be9fb0946bddd15ef9408a5c5bf3b17ce1009,50,40x2,50x40x2
controlled_population_stage,20260717,DBO-population-controlled,e6c940b8969078adf94ff05ae39be9fb0946bddd15ef9408a5c5bf3b17ce1009,50,40x2,50x40x2
controlled_population_stage,20260718,RDHO-population-controlled,388f4144e8ae02424cbbd03cbde63d2270623707018a4a726b9aed3b005277ce,50,40x2,50x40x2
controlled_population_stage,20260718,RIME-population-controlled,388f4144e8ae02424cbbd03cbde63d2270623707018a4a726b9aed3b005277ce,50,40x2,50x40x2
controlled_population_stage,20260718,DBO-population-controlled,388f4144e8ae02424cbbd03cbde63d2270623707018a4a726b9aed3b005277ce,50,40x2,50x40x2
controlled_population_stage,20260719,RDHO-population-controlled,8b44508df483f609e739f9282a87d5849d60bf796ed39acac15ebae4b234679f,50,40x2,50x40x2
controlled_population_stage,20260719,RIME-population-controlled,8b44508df483f609e739f9282a87d5849d60bf796ed39acac15ebae4b234679f,50,40x2,50x40x2
controlled_population_stage,20260719,DBO-population-controlled,8b44508df483f609e739f9282a87d5849d60bf796ed39acac15ebae4b234679f,50,40x2,50x40x2
controlled_population_stage,20260720,RDHO-population-controlled,d856381a4c60ca8561e5d36a56404f74cc45268692cc9aae2ac033e1e9612bef,50,40x2,50x40x2
controlled_population_stage,20260720,RIME-population-controlled,d856381a4c60ca8561e5d36a56404f74cc45268692cc9aae2ac033e1e9612bef,50,40x2,50x40x2
controlled_population_stage,20260720,DBO-population-controlled,d856381a4c60ca8561e5d36a56404f74cc45268692cc9aae2ac033e1e9612bef,50,40x2,50x40x2
controlled_population_stage,20260721,RDHO-population-controlled,6ad0484e979b708cc9441611781ccc1e3277bd1759dcecbd20685e74fdfc3e8a,50,40x2,50x40x2
controlled_population_stage,20260721,RIME-population-controlled,6ad0484e979b708cc9441611781ccc1e3277bd1759dcecbd20685e74fdfc3e8a,50,40x2,50x40x2
controlled_population_stage,20260721,DBO-population-controlled,6ad0484e979b708cc9441611781ccc1e3277bd1759dcecbd20685e74fdfc3e8a,50,40x2,50x40x2
controlled_population_stage,20260722,RDHO-population-controlled,44e695e9fdea930c21db66ac5abb4658a16f7df1ff6bf2738980ded5baa0485b,50,40x2,50x40x2
controlled_population_stage,20260722,RIME-population-controlled,44e695e9fdea930c21db66ac5abb4658a16f7df1ff6bf2738980ded5baa0485b,50,40x2,50x40x2
controlled_population_stage,20260722,DBO-population-controlled,44e695e9fdea930c21db66ac5abb4658a16f7df1ff6bf2738980ded5baa0485b,50,40x2,50x40x2
controlled_population_stage,20260723,RDHO-population-controlled,a14406338ceab213f4f1500fd575202f7a4a19179fcbf4a088cb9602c8197c56,50,40x2,50x40x2
controlled_population_stage,20260723,RIME-population-controlled,a14406338ceab213f4f1500fd575202f7a4a19179fcbf4a088cb9602c8197c56,50,40x2,50x40x2
controlled_population_stage,20260723,DBO-population-controlled,a14406338ceab213f4f1500fd575202f7a4a19179fcbf4a088cb9602c8197c56,50,40x2,50x40x2
controlled_population_stage,20260724,RDHO-population-controlled,2346191b9f6af31c1f88fc616943992b1d893128d9f70c7bf5a73c02cd5f6666,50,40x2,50x40x2
controlled_population_stage,20260724,RIME-population-controlled,2346191b9f6af31c1f88fc616943992b1d893128d9f70c7bf5a73c02cd5f6666,50,40x2,50x40x2
controlled_population_stage,20260724,DBO-population-controlled,2346191b9f6af31c1f88fc616943992b1d893128d9f70c7bf5a73c02cd5f6666,50,40x2,50x40x2
controlled_population_stage,20260725,RDHO-population-controlled,4e9579ff994c2b641cd71cd4ef20fed10e642ecabb7cea4f638f5c46169e190f,50,40x2,50x40x2
controlled_population_stage,20260725,RIME-population-controlled,4e9579ff994c2b641cd71cd4ef20fed10e642ecabb7cea4f638f5c46169e190f,50,40x2,50x40x2
controlled_population_stage,20260725,DBO-population-controlled,4e9579ff994c2b641cd71cd4ef20fed10e642ecabb7cea4f638f5c46169e190f,50,40x2,50x40x2
controlled_population_stage,20260726,RDHO-population-controlled,cf260019baaf52cd2a485b6c9029394c40de3457840c3421fd4b7607aec99cc4,50,40x2,50x40x2
controlled_population_stage,20260726,RIME-population-controlled,cf260019baaf52cd2a485b6c9029394c40de3457840c3421fd4b7607aec99cc4,50,40x2,50x40x2
controlled_population_stage,20260726,DBO-population-controlled,cf260019baaf52cd2a485b6c9029394c40de3457840c3421fd4b7607aec99cc4,50,40x2,50x40x2
controlled_population_stage,20260727,RDHO-population-controlled,119f6c0f77739a0e5b19a4436c38e285cd27e070395f754a5a59e3b26795e978,50,40x2,50x40x2
controlled_population_stage,20260727,RIME-population-controlled,119f6c0f77739a0e5b19a4436c38e285cd27e070395f754a5a59e3b26795e978,50,40x2,50x40x2
controlled_population_stage,20260727,DBO-population-controlled,119f6c0f77739a0e5b19a4436c38e285cd27e070395f754a5a59e3b26795e978,50,40x2,50x40x2
controlled_population_stage,20260728,RDHO-population-controlled,9357409004deeb24ea1615a94a4d6c648ca4b247595f00c195feed662e44061c,50,40x2,50x40x2
controlled_population_stage,20260728,RIME-population-controlled,9357409004deeb24ea1615a94a4d6c648ca4b247595f00c195feed662e44061c,50,40x2,50x40x2
controlled_population_stage,20260728,DBO-population-controlled,9357409004deeb24ea1615a94a4d6c648ca4b247595f00c195feed662e44061c,50,40x2,50x40x2
controlled_population_stage,20260729,RDHO-population-controlled,4d83e2cdc01417f808df1b6167795531404e2de11255c4620251a4e5210fb6c7,50,40x2,50x40x2
controlled_population_stage,20260729,RIME-population-controlled,4d83e2cdc01417f808df1b6167795531404e2de11255c4620251a4e5210fb6c7,50,40x2,50x40x2
controlled_population_stage,20260729,DBO-population-controlled,4d83e2cdc01417f808df1b6167795531404e2de11255c4620251a4e5210fb6c7,50,40x2,50x40x2
controlled_population_stage,20260730,RDHO-population-controlled,2b06f3cc8ad40c76e2bca1b34087c2458b14660bdf39e6b40239ebaa782739c2,50,40x2,50x40x2
controlled_population_stage,20260730,RIME-population-controlled,2b06f3cc8ad40c76e2bca1b34087c2458b14660bdf39e6b40239ebaa782739c2,50,40x2,50x40x2
controlled_population_stage,20260730,DBO-population-controlled,2b06f3cc8ad40c76e2bca1b34087c2458b14660bdf39e6b40239ebaa782739c2,50,40x2,50x40x2
controlled_common_pipeline,20260701,RDHO-common-pipeline,b93a5149b5ca48cda2a07924e0f7bf8f8d64fa1d86f7c32e0331079bc472c386,50,40x2,50x40x2
controlled_common_pipeline,20260701,RIME-common-pipeline,b93a5149b5ca48cda2a07924e0f7bf8f8d64fa1d86f7c32e0331079bc472c386,50,40x2,50x40x2
controlled_common_pipeline,20260701,DBO-common-pipeline,b93a5149b5ca48cda2a07924e0f7bf8f8d64fa1d86f7c32e0331079bc472c386,50,40x2,50x40x2
controlled_common_pipeline,20260702,RDHO-common-pipeline,3c36935a10dce0b89aae3a693813c581aa2b269bfb1e069f438c498585b7978b,50,40x2,50x40x2
controlled_common_pipeline,20260702,RIME-common-pipeline,3c36935a10dce0b89aae3a693813c581aa2b269bfb1e069f438c498585b7978b,50,40x2,50x40x2
controlled_common_pipeline,20260702,DBO-common-pipeline,3c36935a10dce0b89aae3a693813c581aa2b269bfb1e069f438c498585b7978b,50,40x2,50x40x2
controlled_common_pipeline,20260703,RDHO-common-pipeline,518b9252ebe559e23964838666b24432601664c98317e7cb89b998957ea8d837,50,40x2,50x40x2
controlled_common_pipeline,20260703,RIME-common-pipeline,518b9252ebe559e23964838666b24432601664c98317e7cb89b998957ea8d837,50,40x2,50x40x2
controlled_common_pipeline,20260703,DBO-common-pipeline,518b9252ebe559e23964838666b24432601664c98317e7cb89b998957ea8d837,50,40x2,50x40x2
controlled_common_pipeline,20260704,RDHO-common-pipeline,dfedc600d8c0e687bced43a0bda0ad75f46fd54cd20d88251896b2ed9a04f52f,50,40x2,50x40x2
controlled_common_pipeline,20260704,RIME-common-pipeline,dfedc600d8c0e687bced43a0bda0ad75f46fd54cd20d88251896b2ed9a04f52f,50,40x2,50x40x2
controlled_common_pipeline,20260704,DBO-common-pipeline,dfedc600d8c0e687bced43a0bda0ad75f46fd54cd20d88251896b2ed9a04f52f,50,40x2,50x40x2
controlled_common_pipeline,20260705,RDHO-common-pipeline,65b81684fed3d6021b94c947c1dc68d73d84d424b9f0d02467a9caa448799be0,50,40x2,50x40x2
controlled_common_pipeline,20260705,RIME-common-pipeline,65b81684fed3d6021b94c947c1dc68d73d84d424b9f0d02467a9caa448799be0,50,40x2,50x40x2
controlled_common_pipeline,20260705,DBO-common-pipeline,65b81684fed3d6021b94c947c1dc68d73d84d424b9f0d02467a9caa448799be0,50,40x2,50x40x2
controlled_common_pipeline,20260706,RDHO-common-pipeline,fef1afe0c1cd7991e6e22a81c803f6de5bf1de24de8e3742ab062fd2a6ae2de6,50,40x2,50x40x2
controlled_common_pipeline,20260706,RIME-common-pipeline,fef1afe0c1cd7991e6e22a81c803f6de5bf1de24de8e3742ab062fd2a6ae2de6,50,40x2,50x40x2
controlled_common_pipeline,20260706,DBO-common-pipeline,fef1afe0c1cd7991e6e22a81c803f6de5bf1de24de8e3742ab062fd2a6ae2de6,50,40x2,50x40x2
controlled_common_pipeline,20260707,RDHO-common-pipeline,f4aac2e2df1f1fc0c80bc08efc9983000ac325adb78c7946f42b7c060332a987,50,40x2,50x40x2
controlled_common_pipeline,20260707,RIME-common-pipeline,f4aac2e2df1f1fc0c80bc08efc9983000ac325adb78c7946f42b7c060332a987,50,40x2,50x40x2
controlled_common_pipeline,20260707,DBO-common-pipeline,f4aac2e2df1f1fc0c80bc08efc9983000ac325adb78c7946f42b7c060332a987,50,40x2,50x40x2
controlled_common_pipeline,20260708,RDHO-common-pipeline,7a450af484045e03b8bf8b298501e80d5632de03764935e0915972b762a8ee9e,50,40x2,50x40x2
controlled_common_pipeline,20260708,RIME-common-pipeline,7a450af484045e03b8bf8b298501e80d5632de03764935e0915972b762a8ee9e,50,40x2,50x40x2
controlled_common_pipeline,20260708,DBO-common-pipeline,7a450af484045e03b8bf8b298501e80d5632de03764935e0915972b762a8ee9e,50,40x2,50x40x2
controlled_common_pipeline,20260709,RDHO-common-pipeline,620626c3ded8dd50be97898f271eb949f2886383892d62347aaab2191b1d98d7,50,40x2,50x40x2
controlled_common_pipeline,20260709,RIME-common-pipeline,620626c3ded8dd50be97898f271eb949f2886383892d62347aaab2191b1d98d7,50,40x2,50x40x2
controlled_common_pipeline,20260709,DBO-common-pipeline,620626c3ded8dd50be97898f271eb949f2886383892d62347aaab2191b1d98d7,50,40x2,50x40x2
controlled_common_pipeline,20260710,RDHO-common-pipeline,4067f6184b089d95b61a92a0418c0ef04305029975ff891679e2217faf2519d1,50,40x2,50x40x2
controlled_common_pipeline,20260710,RIME-common-pipeline,4067f6184b089d95b61a92a0418c0ef04305029975ff891679e2217faf2519d1,50,40x2,50x40x2
controlled_common_pipeline,20260710,DBO-common-pipeline,4067f6184b089d95b61a92a0418c0ef04305029975ff891679e2217faf2519d1,50,40x2,50x40x2
controlled_common_pipeline,20260711,RDHO-common-pipeline,6ee2d2f6445b72562026fee7c9a32469fc22191ec662dcd37f86e82bee8681f8,50,40x2,50x40x2
controlled_common_pipeline,20260711,RIME-common-pipeline,6ee2d2f6445b72562026fee7c9a32469fc22191ec662dcd37f86e82bee8681f8,50,40x2,50x40x2
controlled_common_pipeline,20260711,DBO-common-pipeline,6ee2d2f6445b72562026fee7c9a32469fc22191ec662dcd37f86e82bee8681f8,50,40x2,50x40x2
controlled_common_pipeline,20260712,RDHO-common-pipeline,1417834bd4051754fbe0df31b1e77f8927cd36d7a0d95ff3353bf04b53fcb86a,50,40x2,50x40x2
controlled_common_pipeline,20260712,RIME-common-pipeline,1417834bd4051754fbe0df31b1e77f8927cd36d7a0d95ff3353bf04b53fcb86a,50,40x2,50x40x2
controlled_common_pipeline,20260712,DBO-common-pipeline,1417834bd4051754fbe0df31b1e77f8927cd36d7a0d95ff3353bf04b53fcb86a,50,40x2,50x40x2
controlled_common_pipeline,20260713,RDHO-common-pipeline,c22ca0d64cff36e4e04d6cd7a679da3aa13e7590bb929cb67220067c21505cd0,50,40x2,50x40x2
controlled_common_pipeline,20260713,RIME-common-pipeline,c22ca0d64cff36e4e04d6cd7a679da3aa13e7590bb929cb67220067c21505cd0,50,40x2,50x40x2
controlled_common_pipeline,20260713,DBO-common-pipeline,c22ca0d64cff36e4e04d6cd7a679da3aa13e7590bb929cb67220067c21505cd0,50,40x2,50x40x2
controlled_common_pipeline,20260714,RDHO-common-pipeline,ee4cfc7c053e603547848f0f5539aef16b56907dd520e124b7cdee7a6dde9bb5,50,40x2,50x40x2
controlled_common_pipeline,20260714,RIME-common-pipeline,ee4cfc7c053e603547848f0f5539aef16b56907dd520e124b7cdee7a6dde9bb5,50,40x2,50x40x2
controlled_common_pipeline,20260714,DBO-common-pipeline,ee4cfc7c053e603547848f0f5539aef16b56907dd520e124b7cdee7a6dde9bb5,50,40x2,50x40x2
controlled_common_pipeline,20260715,RDHO-common-pipeline,20e54501048758ef1530f5fcb3bccfef5ddd5ce67a0e9bcdbd8cd0283e2665ba,50,40x2,50x40x2
controlled_common_pipeline,20260715,RIME-common-pipeline,20e54501048758ef1530f5fcb3bccfef5ddd5ce67a0e9bcdbd8cd0283e2665ba,50,40x2,50x40x2
controlled_common_pipeline,20260715,DBO-common-pipeline,20e54501048758ef1530f5fcb3bccfef5ddd5ce67a0e9bcdbd8cd0283e2665ba,50,40x2,50x40x2
controlled_common_pipeline,20260716,RDHO-common-pipeline,c8d5db41178187ec9ce6634de3dc24dd8ea657239a63ec9795aa861e2ea4b165,50,40x2,50x40x2
controlled_common_pipeline,20260716,RIME-common-pipeline,c8d5db41178187ec9ce6634de3dc24dd8ea657239a63ec9795aa861e2ea4b165,50,40x2,50x40x2
controlled_common_pipeline,20260716,DBO-common-pipeline,c8d5db41178187ec9ce6634de3dc24dd8ea657239a63ec9795aa861e2ea4b165,50,40x2,50x40x2
controlled_common_pipeline,20260717,RDHO-common-pipeline,e6c940b8969078adf94ff05ae39be9fb0946bddd15ef9408a5c5bf3b17ce1009,50,40x2,50x40x2
controlled_common_pipeline,20260717,RIME-common-pipeline,e6c940b8969078adf94ff05ae39be9fb0946bddd15ef9408a5c5bf3b17ce1009,50,40x2,50x40x2
controlled_common_pipeline,20260717,DBO-common-pipeline,e6c940b8969078adf94ff05ae39be9fb0946bddd15ef9408a5c5bf3b17ce1009,50,40x2,50x40x2
controlled_common_pipeline,20260718,RDHO-common-pipeline,388f4144e8ae02424cbbd03cbde63d2270623707018a4a726b9aed3b005277ce,50,40x2,50x40x2
controlled_common_pipeline,20260718,RIME-common-pipeline,388f4144e8ae02424cbbd03cbde63d2270623707018a4a726b9aed3b005277ce,50,40x2,50x40x2
controlled_common_pipeline,20260718,DBO-common-pipeline,388f4144e8ae02424cbbd03cbde63d2270623707018a4a726b9aed3b005277ce,50,40x2,50x40x2
controlled_common_pipeline,20260719,RDHO-common-pipeline,8b44508df483f609e739f9282a87d5849d60bf796ed39acac15ebae4b234679f,50,40x2,50x40x2
controlled_common_pipeline,20260719,RIME-common-pipeline,8b44508df483f609e739f9282a87d5849d60bf796ed39acac15ebae4b234679f,50,40x2,50x40x2
controlled_common_pipeline,20260719,DBO-common-pipeline,8b44508df483f609e739f9282a87d5849d60bf796ed39acac15ebae4b234679f,50,40x2,50x40x2
controlled_common_pipeline,20260720,RDHO-common-pipeline,d856381a4c60ca8561e5d36a56404f74cc45268692cc9aae2ac033e1e9612bef,50,40x2,50x40x2
controlled_common_pipeline,20260720,RIME-common-pipeline,d856381a4c60ca8561e5d36a56404f74cc45268692cc9aae2ac033e1e9612bef,50,40x2,50x40x2
controlled_common_pipeline,20260720,DBO-common-pipeline,d856381a4c60ca8561e5d36a56404f74cc45268692cc9aae2ac033e1e9612bef,50,40x2,50x40x2
controlled_common_pipeline,20260721,RDHO-common-pipeline,6ad0484e979b708cc9441611781ccc1e3277bd1759dcecbd20685e74fdfc3e8a,50,40x2,50x40x2
controlled_common_pipeline,20260721,RIME-common-pipeline,6ad0484e979b708cc9441611781ccc1e3277bd1759dcecbd20685e74fdfc3e8a,50,40x2,50x40x2
controlled_common_pipeline,20260721,DBO-common-pipeline,6ad0484e979b708cc9441611781ccc1e3277bd1759dcecbd20685e74fdfc3e8a,50,40x2,50x40x2
controlled_common_pipeline,20260722,RDHO-common-pipeline,44e695e9fdea930c21db66ac5abb4658a16f7df1ff6bf2738980ded5baa0485b,50,40x2,50x40x2
controlled_common_pipeline,20260722,RIME-common-pipeline,44e695e9fdea930c21db66ac5abb4658a16f7df1ff6bf2738980ded5baa0485b,50,40x2,50x40x2
controlled_common_pipeline,20260722,DBO-common-pipeline,44e695e9fdea930c21db66ac5abb4658a16f7df1ff6bf2738980ded5baa0485b,50,40x2,50x40x2
controlled_common_pipeline,20260723,RDHO-common-pipeline,a14406338ceab213f4f1500fd575202f7a4a19179fcbf4a088cb9602c8197c56,50,40x2,50x40x2
controlled_common_pipeline,20260723,RIME-common-pipeline,a14406338ceab213f4f1500fd575202f7a4a19179fcbf4a088cb9602c8197c56,50,40x2,50x40x2
controlled_common_pipeline,20260723,DBO-common-pipeline,a14406338ceab213f4f1500fd575202f7a4a19179fcbf4a088cb9602c8197c56,50,40x2,50x40x2
controlled_common_pipeline,20260724,RDHO-common-pipeline,2346191b9f6af31c1f88fc616943992b1d893128d9f70c7bf5a73c02cd5f6666,50,40x2,50x40x2
controlled_common_pipeline,20260724,RIME-common-pipeline,2346191b9f6af31c1f88fc616943992b1d893128d9f70c7bf5a73c02cd5f6666,50,40x2,50x40x2
controlled_common_pipeline,20260724,DBO-common-pipeline,2346191b9f6af31c1f88fc616943992b1d893128d9f70c7bf5a73c02cd5f6666,50,40x2,50x40x2
controlled_common_pipeline,20260725,RDHO-common-pipeline,4e9579ff994c2b641cd71cd4ef20fed10e642ecabb7cea4f638f5c46169e190f,50,40x2,50x40x2
controlled_common_pipeline,20260725,RIME-common-pipeline,4e9579ff994c2b641cd71cd4ef20fed10e642ecabb7cea4f638f5c46169e190f,50,40x2,50x40x2
controlled_common_pipeline,20260725,DBO-common-pipeline,4e9579ff994c2b641cd71cd4ef20fed10e642ecabb7cea4f638f5c46169e190f,50,40x2,50x40x2
controlled_common_pipeline,20260726,RDHO-common-pipeline,cf260019baaf52cd2a485b6c9029394c40de3457840c3421fd4b7607aec99cc4,50,40x2,50x40x2
controlled_common_pipeline,20260726,RIME-common-pipeline,cf260019baaf52cd2a485b6c9029394c40de3457840c3421fd4b7607aec99cc4,50,40x2,50x40x2
controlled_common_pipeline,20260726,DBO-common-pipeline,cf260019baaf52cd2a485b6c9029394c40de3457840c3421fd4b7607aec99cc4,50,40x2,50x40x2
controlled_common_pipeline,20260727,RDHO-common-pipeline,119f6c0f77739a0e5b19a4436c38e285cd27e070395f754a5a59e3b26795e978,50,40x2,50x40x2
controlled_common_pipeline,20260727,RIME-common-pipeline,119f6c0f77739a0e5b19a4436c38e285cd27e070395f754a5a59e3b26795e978,50,40x2,50x40x2
controlled_common_pipeline,20260727,DBO-common-pipeline,119f6c0f77739a0e5b19a4436c38e285cd27e070395f754a5a59e3b26795e978,50,40x2,50x40x2
controlled_common_pipeline,20260728,RDHO-common-pipeline,9357409004deeb24ea1615a94a4d6c648ca4b247595f00c195feed662e44061c,50,40x2,50x40x2
controlled_common_pipeline,20260728,RIME-common-pipeline,9357409004deeb24ea1615a94a4d6c648ca4b247595f00c195feed662e44061c,50,40x2,50x40x2
controlled_common_pipeline,20260728,DBO-common-pipeline,9357409004deeb24ea1615a94a4d6c648ca4b247595f00c195feed662e44061c,50,40x2,50x40x2
controlled_common_pipeline,20260729,RDHO-common-pipeline,4d83e2cdc01417f808df1b6167795531404e2de11255c4620251a4e5210fb6c7,50,40x2,50x40x2
controlled_common_pipeline,20260729,RIME-common-pipeline,4d83e2cdc01417f808df1b6167795531404e2de11255c4620251a4e5210fb6c7,50,40x2,50x40x2
controlled_common_pipeline,20260729,DBO-common-pipeline,4d83e2cdc01417f808df1b6167795531404e2de11255c4620251a4e5210fb6c7,50,40x2,50x40x2
controlled_common_pipeline,20260730,RDHO-common-pipeline,2b06f3cc8ad40c76e2bca1b34087c2458b14660bdf39e6b40239ebaa782739c2,50,40x2,50x40x2
controlled_common_pipeline,20260730,RIME-common-pipeline,2b06f3cc8ad40c76e2bca1b34087c2458b14660bdf39e6b40239ebaa782739c2,50,40x2,50x40x2
controlled_common_pipeline,20260730,DBO-common-pipeline,2b06f3cc8ad40c76e2bca1b34087c2458b14660bdf39e6b40239ebaa782739c2,50,40x2,50x40x2
