seed,algorithm,status,fitness,csr
20260701,RDHO,success,1.1085684341068993,0.65000000000000002
20260701,RIME,success,1.5057840617782485,0.52500000000000002
20260701,DBO,success,1.298491653103389,0.52500000000000002
20260701,TLBO-HHO,success,1.3617487450477079,0.5083333333333333
20260701,CWTSSA,success,1.4882141158884377,0.5
20260701,Greedy-ED,success,1.3280387582347966,0.53333333333333333
20260702,RDHO,success,1.0429712593705081,0.66666666666666663
20260702,RIME,success,1.6579036742064135,0.40833333333333333
20260702,DBO,success,1.1872988045547106,0.6333333333333333
20260702,TLBO-HHO,success,1.3456794223181814,0.52500000000000002
20260702,CWTSSA,success,1.5179134413682567,0.46666666666666667
20260702,Greedy-ED,success,1.1029987154978471,0.625
20260703,RDHO,success,0.83089327910073807,0.77500000000000002
20260703,RIME,success,1.1600251333349054,0.64166666666666672
20260703,DBO,success,1.0605604244151126,0.66666666666666663
20260703,TLBO-HHO,success,1.2129245435524765,0.60833333333333328
20260703,CWTSSA,success,1.211325878830352,0.60833333333333328
20260703,Greedy-ED,success,1.1859315116190081,0.65000000000000002
20260704,RDHO,success,0.7792937629223804,0.80000000000000004
20260704,RIME,success,1.4005482399344087,0.55833333333333335
20260704,DBO,success,0.94507985086578694,0.7416666666666667
20260704,TLBO-HHO,success,1.054690455450916,0.65000000000000002
20260704,CWTSSA,success,1.1515292103693193,0.64166666666666672
20260704,Greedy-ED,success,0.86448640641927521,0.72499999999999998
20260705,RDHO,success,0.93831559962532329,0.71666666666666667
20260705,RIME,success,1.7515070847419998,0.45833333333333331
20260705,DBO,success,1.0779212426711535,0.68333333333333335
20260705,TLBO-HHO,success,1.1520559130502777,0.625
20260705,CWTSSA,success,1.2643476488802117,0.55833333333333335
20260705,Greedy-ED,success,1.045140032902125,0.66666666666666663
20260706,RDHO,success,0.99676381013413007,0.71666666666666667
20260706,RIME,success,1.6910482831435716,0.52500000000000002
20260706,DBO,success,1.5384872526923017,0.52500000000000002
20260706,TLBO-HHO,success,1.2205925335390693,0.60833333333333328
20260706,CWTSSA,success,1.335251011910318,0.52500000000000002
20260706,Greedy-ED,success,1.0810899078465805,0.64166666666666672
20260707,RDHO,success,1.1458476235507842,0.64166666666666672
20260707,RIME,success,1.8299602070799426,0.45000000000000001
20260707,DBO,success,1.4918098715706569,0.54166666666666663
20260707,TLBO-HHO,success,1.5506712717867177,0.5083333333333333
20260707,CWTSSA,success,1.3902650116137338,0.54166666666666663
20260707,Greedy-ED,success,1.2589684224763449,0.56666666666666665
20260708,RDHO,success,1.024393291400052,0.67500000000000004
20260708,RIME,success,1.5948175820309172,0.46666666666666667
20260708,DBO,success,1.2961332954626288,0.57499999999999996
20260708,TLBO-HHO,success,1.2122666247483704,0.6166666666666667
20260708,CWTSSA,success,1.2119782448445702,0.58333333333333337
20260708,Greedy-ED,success,1.130426050592666,0.60833333333333328
20260709,RDHO,success,0.89987267048893338,0.7583333333333333
20260709,RIME,success,1.6073806314325934,0.48333333333333334
20260709,DBO,success,1.0944759695978654,0.6333333333333333
20260709,TLBO-HHO,success,1.1951390329435005,0.66666666666666663
20260709,CWTSSA,success,1.0813805252956352,0.69166666666666665
20260709,Greedy-ED,success,0.96823825557975973,0.69999999999999996
20260710,RDHO,success,1.0050386449966089,0.68333333333333335
20260710,RIME,success,1.6318574064361564,0.5083333333333333
20260710,DBO,success,1.1215978574269485,0.64166666666666672
20260710,TLBO-HHO,success,1.2470079131866765,0.55000000000000004
20260710,CWTSSA,success,1.3000540138238232,0.56666666666666665
20260710,Greedy-ED,success,1.0689632410822192,0.65833333333333333
20260711,RDHO,success,0.70090732126206134,0.82499999999999996
20260711,RIME,success,1.445725872616622,0.58333333333333337
20260711,DBO,success,0.84578177796036691,0.7583333333333333
20260711,TLBO-HHO,success,0.86440807010110143,0.7416666666666667
20260711,CWTSSA,success,0.9674205716934885,0.68333333333333335
20260711,Greedy-ED,success,0.75039762209106264,0.79166666666666663
20260712,RDHO,success,1.227377186838595,0.58333333333333337
20260712,RIME,success,1.8812433605729133,0.42499999999999999
20260712,DBO,success,1.6881002089782502,0.46666666666666667
20260712,TLBO-HHO,success,1.9702204017316336,0.38333333333333336
20260712,CWTSSA,success,1.5560358269102204,0.48333333333333334
20260712,Greedy-ED,success,1.34221470312925,0.52500000000000002
20260713,RDHO,success,0.90861296749508413,0.7416666666666667
20260713,RIME,success,1.6389605103012053,0.54166666666666663
20260713,DBO,success,1.1149956713810381,0.625
20260713,TLBO-HHO,success,1.0518735930811589,0.70833333333333337
20260713,CWTSSA,success,1.0912765995631484,0.66666666666666663
20260713,Greedy-ED,success,1.5606983101292504,0.56666666666666665
20260714,RDHO,success,0.9517035760858803,0.71666666666666667
20260714,RIME,success,1.4198228793675085,0.5083333333333333
20260714,DBO,success,1.360160268442232,0.60833333333333328
20260714,TLBO-HHO,success,1.243963069029326,0.57499999999999996
20260714,CWTSSA,success,1.2226599420583417,0.59166666666666667
20260714,Greedy-ED,success,1.1596308975495817,0.625
20260715,RDHO,success,1.0041579549997941,0.70833333333333337
20260715,RIME,success,1.4832406058803826,0.55000000000000004
20260715,DBO,success,1.2844109536494708,0.59166666666666667
20260715,TLBO-HHO,success,1.2219631867308083,0.59999999999999998
20260715,CWTSSA,success,1.2976848924951199,0.60833333333333328
20260715,Greedy-ED,success,1.1644600171149699,0.6166666666666667
20260716,RDHO,success,0.95392095700910884,0.70833333333333337
20260716,RIME,success,1.3475436653810724,0.57499999999999996
20260716,DBO,success,1.1245290692658285,0.67500000000000004
20260716,TLBO-HHO,success,1.0815480481390991,0.64166666666666672
20260716,CWTSSA,success,1.1487809117418686,0.625
20260716,Greedy-ED,success,1.0509169050999398,0.64166666666666672
20260717,RDHO,success,1.0796669523916413,0.65000000000000002
20260717,RIME,success,1.7408757032427771,0.41666666666666669
20260717,DBO,success,1.3964238714882398,0.54166666666666663
20260717,TLBO-HHO,success,1.3126520281123049,0.57499999999999996
20260717,CWTSSA,success,1.3940045069409663,0.53333333333333333
20260717,Greedy-ED,success,1.2313153614768071,0.60833333333333328
20260718,RDHO,success,0.85268169720119846,0.77500000000000002
20260718,RIME,success,1.4266235498815112,0.55833333333333335
20260718,DBO,success,0.98655532399908108,0.70833333333333337
20260718,TLBO-HHO,success,1.0779666757375703,0.625
20260718,CWTSSA,success,1.1004402016783781,0.6166666666666667
20260718,Greedy-ED,success,0.90734478894097936,0.75
20260719,RDHO,success,0.93446123688187654,0.7416666666666667
20260719,RIME,success,1.738852260856971,0.5083333333333333
20260719,DBO,success,1.1596840171388221,0.6333333333333333
20260719,TLBO-HHO,success,1.1327817505532249,0.65000000000000002
20260719,CWTSSA,success,1.3329342557570283,0.57499999999999996
20260719,Greedy-ED,success,1.0438322278194727,0.69999999999999996
20260720,RDHO,success,0.85065107106630955,0.7583333333333333
20260720,RIME,success,1.4592694184453592,0.54166666666666663
20260720,DBO,success,0.98367387118480942,0.69999999999999996
20260720,TLBO-HHO,success,1.1136427631334391,0.625
20260720,CWTSSA,success,1.0755750022286863,0.65833333333333333
20260720,Greedy-ED,success,0.91830593032283869,0.69166666666666665
20260721,RDHO,success,0.98227124087029105,0.70833333333333337
20260721,RIME,success,1.6778482294592905,0.5083333333333333
20260721,DBO,success,1.1524277477887117,0.64166666666666672
20260721,TLBO-HHO,success,1.2485179007556002,0.56666666666666665
20260721,CWTSSA,success,1.2967686472530995,0.59999999999999998
20260721,Greedy-ED,success,1.0436363908970603,0.66666666666666663
20260722,RDHO,success,0.7667012770112257,0.78333333333333333
20260722,RIME,success,1.6552060238943322,0.5
20260722,DBO,success,0.95999018070032749,0.69166666666666665
20260722,TLBO-HHO,success,0.91257964424194005,0.70833333333333337
20260722,CWTSSA,success,1.0239782216778313,0.60833333333333328
20260722,Greedy-ED,success,0.82705284580838323,0.73333333333333328
20260723,RDHO,success,0.76198466216263971,0.80833333333333335
20260723,RIME,success,1.6550029011993976,0.55000000000000004
20260723,DBO,success,0.90476672826414195,0.7416666666666667
20260723,TLBO-HHO,success,1.1221184233741459,0.64166666666666672
20260723,CWTSSA,success,1.0259131654379117,0.66666666666666663
20260723,Greedy-ED,success,1.3213346129923034,0.6166666666666667
20260724,RDHO,success,0.95401028754904793,0.71666666666666667
20260724,RIME,success,1.5909575302514007,0.55833333333333335
20260724,DBO,success,1.1376817909024561,0.59999999999999998
20260724,TLBO-HHO,success,1.2444823947004777,0.60833333333333328
20260724,CWTSSA,success,1.2862784402544332,0.59166666666666667
20260724,Greedy-ED,success,1.1075333077492631,0.64166666666666672
20260725,RDHO,success,0.88315997885299924,0.73333333333333328
20260725,RIME,success,1.6912443709179137,0.45833333333333331
20260725,DBO,success,1.1546349681401429,0.625
20260725,TLBO-HHO,success,1.1104252065899056,0.64166666666666672
20260725,CWTSSA,success,1.3350130081104647,0.57499999999999996
20260725,Greedy-ED,success,1.0931147365034906,0.625
20260726,RDHO,success,1.0291269854807545,0.68333333333333335
20260726,RIME,success,1.6433943780017404,0.48333333333333334
20260726,DBO,success,1.2288199438102887,0.60833333333333328
20260726,TLBO-HHO,success,1.21097805955795,0.59999999999999998
20260726,CWTSSA,success,1.3461316259091851,0.56666666666666665
20260726,Greedy-ED,success,1.1068299027297188,0.6166666666666667
20260727,RDHO,success,0.8329626031917915,0.76666666666666672
20260727,RIME,success,1.5179144211375539,0.55000000000000004
20260727,DBO,success,1.1635804942944379,0.65833333333333333
20260727,TLBO-HHO,success,1.2067069257794463,0.56666666666666665
20260727,CWTSSA,success,1.1202379105395504,0.60833333333333328
20260727,Greedy-ED,success,0.88760771340441735,0.73333333333333328
20260728,RDHO,success,0.90108726962351215,0.7416666666666667
20260728,RIME,success,1.6200159598384407,0.51666666666666672
20260728,DBO,success,1.1438310986733493,0.66666666666666663
20260728,TLBO-HHO,success,1.2437138378720789,0.59999999999999998
20260728,CWTSSA,success,1.1405278696187768,0.6166666666666667
20260728,Greedy-ED,success,1.0009113861312455,0.67500000000000004
20260729,RDHO,success,1.0372480902091166,0.67500000000000004
20260729,RIME,success,1.6514372688595591,0.49166666666666664
20260729,DBO,success,1.3436584262006792,0.56666666666666665
20260729,TLBO-HHO,success,1.4200060462895876,0.53333333333333333
20260729,CWTSSA,success,1.3784321708176894,0.55833333333333335
20260729,Greedy-ED,success,1.1630750566551284,0.59999999999999998
20260730,RDHO,success,1.0265251430305788,0.70833333333333337
20260730,RIME,success,1.4278390325956185,0.55000000000000004
20260730,DBO,success,1.2639902466798927,0.58333333333333337
20260730,TLBO-HHO,success,1.4458202128217252,0.5083333333333333
20260730,CWTSSA,success,1.327374195123642,0.53333333333333333
20260730,Greedy-ED,success,1.0828782832475214,0.64166666666666672
